"sample","n_dino_asvs_rarefied"
"SRR14697355",83
"SRR14697278",145
"SRR14696045",143
"SRR14696043",123
"SRR14696042",130
"SRR14696041",146
"SRR14696040",124
"SRR14696037",112
"SRR14696036",141
"SRR14696035",192
"SRR14696034",204
"SRR14696032",222
"SRR14696031",191
"SRR14696030",225
"SRR14696029",223
"SRR14696028",151
"SRR14696027",232
"SRR14696026",214
"SRR14696025",231
"SRR14696024",177
"SRR14696023",156
"SRR14696021",148
"SRR14696020",181
"SRR14696019",230
"SRR14696018",301
"SRR14696017",188
"SRR14696015",172
"SRR14696014",163
"SRR14696013",163
"SRR14697351",157
"SRR14696012",173
"SRR14696010",166
"SRR14696009",153
"SRR14696008",132
"SRR14696007",173
"SRR14696006",190
"SRR14696005",224
"SRR14696004",163
"SRR14696003",238
"SRR14696002",260
"SRR14697350",247
"SRR14696001",232
"SRR14695999",283
"SRR14695998",258
"SRR14695997",264
"SRR14695996",264
"SRR14695995",239
"SRR14695994",251
"SRR14695993",206
"SRR14695992",258
"SRR14695991",243
"SRR14695990",248
"SRR14695988",267
"SRR14695987",296
"SRR14695986",253
"SRR14695985",219
"SRR14695984",199
"SRR14695983",174
"SRR14695982",175
"SRR14695981",198
"SRR14695980",185
"SRR14695979",195
"SRR14695976",173
"SRR14695975",206
"SRR14695974",217
"SRR14696640",80
"SRR14696639",198
"SRR14696628",167
"SRR14696606",160
"SRR14697348",258
"SRR14696595",153
"SRR14696584",66
"SRR14696573",176
"SRR14696564",170
"SRR14696563",71
"SRR14696638",146
"SRR14696637",118
"SRR14696635",158
"SRR14696634",180
"SRR14697347",257
"SRR14696633",123
"SRR14696632",133
"SRR14696631",204
"SRR14696625",222
"SRR14696624",235
"SRR14696623",73
"SRR14697346",238
"SRR14696622",110
"SRR14696621",124
"SRR14696620",66
"SRR14696619",104
"SRR14696618",121
"SRR14696616",50
"SRR14696615",111
"SRR14696614",113
"SRR14696613",56
"SRR14696612",133
"SRR14697354",83
"SRR14697345",188
"SRR14696609",106
"SRR14696608",140
"SRR14696607",79
"SRR14696605",111
"SRR14696604",188
"SRR14696603",103
"SRR14696602",140
"SRR14696601",227
"SRR14697344",168
"SRR14696599",101
"SRR14696598",200
"SRR14696597",89
"SRR14696596",118
"SRR14696594",288
"SRR14696593",102
"SRR14696592",101
"SRR14696591",249
"SRR14696590",82
"SRR14697342",270
"SRR14696589",123
"SRR14696588",234
"SRR14696587",96
"SRR14696586",163
"SRR14696585",207
"SRR14696583",125
"SRR14696582",219
"SRR14696581",252
"SRR14696580",105
"SRR14696579",166
"SRR14697341",279
"SRR14696578",284
"SRR14696577",112
"SRR14696576",187
"SRR14696575",321
"SRR14696574",90
"SRR14696572",128
"SRR14696571",301
"SRR14696570",106
"SRR14696569",181
"SRR14696568",246
"SRR14697340",281
"SRR14696567",127
"SRR14696566",191
"SRR14696565",269
"SRR14697339",263
"SRR14697338",316
"SRR14697337",264
"SRR14697336",328
"SRR14697335",281
"SRR14697343",138
"SRR14697334",314
"SRR14697333",251
"SRR14697331",87
"SRR14697330",87
"SRR14697329",99
"SRR14697328",77
"SRR14697327",88
"SRR14697326",122
"SRR14697325",125
"SRR14697332",38
"SRR14697324",192
"SRR14697323",123
"SRR14697322",166
"SRR14697320",155
"SRR14697319",150
"SRR14697318",131
"SRR14697317",135
"SRR14697316",163
"SRR14697315",171
"SRR14697314",266
"SRR14697321",143
"SRR14697313",273
"SRR14697312",179
"SRR14697311",226
"SRR14697309",181
"SRR14697308",223
"SRR14697307",216
"SRR14697306",277
"SRR14697305",226
"SRR14697304",338
"SRR14697303",243
"SRR14697310",32
"SRR14697302",209
"SRR14697301",213
"SRR14697300",423
"SRR14697298",301
"SRR14697297",399
"SRR14697296",313
"SRR14697295",284
"SRR14697294",262
"SRR14697293",298
"SRR14697292",291
"SRR14697299",119
"SRR14697291",323
"SRR14697290",252
"SRR14697289",307
"SRR14697287",311
"SRR14697286",286
"SRR14697285",315
"SRR14697284",316
"SRR14697283",323
"SRR14697282",424
"SRR14697281",341
"SRR14697288",83
"SRR14697280",344
"SRR14696130",94
"SRR14696129",164
"SRR14696044",146
"SRR14696033",114
"SRR14696022",216
"SRR14696011",188
"SRR14696000",125
"SRR14695989",120
"SRR14695978",126
"SRR14697279",170
"SRR14695967",130
"SRR14696128",119
"SRR14696117",95
"SRR14696106",82
"SRR14696095",99
"SRR14696062",104
"SRR14696051",111
"SRR14696046",102
"ERR10975855",29
"ERR10975856",32
"ERR10975872",33
"ERR10975873",42
"ERR10975875",44
"ERR10975876",29
"SRR23272860",8
"SRR23272700",13
"ERR10234165",154
"ERR10234166",374
"ERR10234167",652
"ERR10234168",966
"ERR10234169",182
"ERR10234170",174
"ERR10234171",905
"ERR10234172",151
"ERR10234173",227
"ERR10234174",301
"ERR10234175",140
"ERR10234176",338
"ERR10234177",240
"ERR10234178",299
"ERR10234180",814
"ERR10234181",831
"ERR10234182",846
"ERR10234183",774
"ERR10234184",179
"ERR10234185",860
"ERR10234187",806
"ERR10234188",384
"ERR10234189",719
"ERR10234190",160
"ERR10234191",440
"ERR10234193",237
"ERR10234194",957
"ERR10234195",988
"ERR10234196",641
"ERR10234197",670
"ERR10234198",104
"ERR10234199",738
"ERR10234200",304
"ERR10234201",384
"ERR10234202",599
"ERR10234203",164
"ERR10234204",744
"ERR10234205",145
"ERR10234206",130
"ERR10234207",902
"ERR10234208",888
"ERR10234209",797
"ERR10234210",165
"ERR10234211",257
"ERR10234212",276
"ERR10234213",280
"ERR10234214",322
"ERR10234215",173
"ERR10234216",868
"ERR10234217",161
"ERR10234218",763
"ERR10234219",184
"ERR10234220",872
"ERR10234221",51
"ERR10234222",799
"ERR10234223",257
"ERR10234224",750
"ERR10234225",157
"ERR10234226",178
"ERR10234227",770
"ERR10234228",709
"ERR10234229",548
"ERR10234230",133
"ERR10234231",141
"ERR10234232",81
"ERR10234234",521
"ERR10234235",646
"ERR10234236",715
"ERR10234237",486
"ERR10234238",737
"ERR10234239",692
"ERR10234240",741
"ERR10234241",663
"ERR10234243",120
"ERR10234244",659
"ERR10234245",87
"ERR10234246",732
"ERR10234247",886
"ERR10234248",937
"ERR10234249",149
"ERR10234250",92
"ERR10234251",534
"ERR10234253",847
"ERR10234254",890
"ERR10234255",626
"ERR10234256",264
"ERR10234257",286
"ERR10234262",188
"ERR10234263",188
"ERR10234264",147
"ERR10234265",151
"ERR10234266",130
"ERR10234267",151
"ERR10234268",237
"ERR10234269",236
"ERR10234270",112
"ERR10234271",121
"ERR10234272",180
"ERR10234273",182
"ERR10234274",258
"ERR10234275",249
"ERR10234290",72
"ERR10234291",70
"ERR10234310",420
"ERR10234311",417
"ERR10234314",192
"ERR10234315",217
"ERR10234340",184
"ERR10234341",201
"ERR10234342",157
"ERR10234343",158
"ERR10234352",152
"ERR10234353",160
"ERR10234358",570
"ERR10234359",556
"ERR10234360",251
"ERR10234361",249
"ERR10234366",198
"ERR10234367",201
"ERR10234370",82
"ERR10234371",76
"ERR10234372",44
"ERR10234373",43
"ERR10234378",262
"ERR10234379",235
"ERR10234382",187
"ERR10234383",183
"ERR10234386",183
"ERR10234387",180
"ERR10234388",94
"ERR10234389",98
"ERR10234400",806
"ERR10234401",836
"ERR10234402",151
"ERR10234403",169
"ERR10234414",87
"ERR10234415",79
"ERR10234424",124
"ERR10234425",142
"ERR10234426",179
"ERR10234427",180
"ERR10234428",195
"ERR10234429",186
"ERR10234432",352
"ERR10234433",366
"ERR10234438",650
"ERR10234439",592
"ERR10234440",866
"ERR10234441",588
"ERR10234442",773
"ERR10234443",944
"ERR10234444",533
"ERR10234445",802
"ERR10234446",794
"ERR10234447",559
"ERR10234448",726
"ERR10234449",736
"ERR10234450",756
"ERR10234451",709
"ERR10234452",642
"ERR10234453",658
"ERR10234454",785
"ERR10234455",681
"ERR10234456",656
"ERR10234457",934
"ERR10234458",718
"ERR10234459",888
"ERR10234460",934
"ERR10234461",810
"ERR10234462",970
"ERR10234463",811
"ERR10234464",1025
"ERR10234465",766
"ERR10234466",627
"ERR10234467",724
"ERR10234468",642
"ERR10234469",857
"ERR10234470",842
"ERR10234471",189
"ERR10234472",681
"ERR10234473",491
"ERR10234474",600
"ERR10234475",920
"ERR10234476",661
"ERR10234477",552
"ERR10234478",683
"ERR10234479",737
"ERR10234480",680
"ERR10234481",519
"ERR10234482",770
"ERR10234483",624
"ERR10234484",272
"ERR10234485",892
"ERR10234486",1108
"ERR10234487",871
"ERR10234488",668
"ERR10234489",701
"ERR10234490",893
"ERR10234491",760
"ERR10234492",657
"ERR10234493",580
"ERR10234494",592
"ERR10234495",671
"ERR10234496",670
"ERR10234497",835
"ERR10234498",780
"ERR10234499",509
"ERR10234500",109
"ERR10234501",254
"ERR10234502",134
"ERR10234503",804
"ERR10234504",894
"ERR10234505",851
"ERR10234506",990
"ERR10234507",769
"ERR10234508",855
"ERR10234509",602
"ERR10234510",645
"ERR10234511",1095
"ERR10234512",808
"ERR10234513",536
"ERR10234514",549
"ERR10234515",767
"ERR10234516",546
"ERR10234517",690
"ERR10234518",623
"ERR10234519",568
"ERR10234520",623
"ERR10234521",745
"ERR10234522",665
"ERR10234523",696
"ERR10234524",697
"ERR10234525",597
"ERR10234526",663
"ERR10234527",580
"ERR10234528",542
"ERR10234529",714
"ERR10234530",977
"ERR10234531",641
"ERR10234532",590
"ERR10234533",271
"ERR10234534",883
"ERR10234535",926
"ERR10234536",598
"ERR10234537",564
"ERR10234538",667
"ERR10234539",753
"ERR10234540",624
"ERR10234541",864
"ERR10234542",775
"ERR10234543",878
"ERR10234544",620
"ERR4227198",593
"ERR10234545",665
"ERR10234546",704
"ERR10234547",498
"ERR4227196",508
"ERR10234548",698
"ERR10234549",741
"ERR10234550",265
"ERR10234551",607
"ERR4227195",705
"ERR10234552",841
"ERR10234553",858
"ERR10234554",756
"ERR10234555",893
"ERR10234556",196
"ERR10234557",510
"ERR10234558",767
"ERR4227200",794
"ERR10234559",956
"ERR4227210",673
"ERR10234560",901
"ERR4227211",528
"ERR10234561",939
"ERR10234562",737
"ERR4227213",655
"ERR10234563",963
"ERR10234564",452
"ERR4227212",691
"ERR10234565",664
"ERR10234566",810
"ERR4227197",690
"ERR4227199",571
"ERR4227201",261
"ERR4227202",368
"ERR4227204",456
"ERR10234567",577
"ERR10234568",546
"ERR10234569",719
"ERR4227203",554
"ERR4227205",468
"ERR10234570",704
"ERR10234571",665
"ERR4227222",697
"ERR10234572",748
"ERR10234573",1059
"ERR4227225",836
"ERR4227206",434
"ERR10234574",560
"ERR10234575",377
"ERR10234576",98
"ERR10234577",539
"ERR10234578",120
"ERR10234579",221
"ERR10234580",668
"ERR4227208",775
"ERR4227221",854
"ERR10234581",917
"ERR10234582",853
"ERR10234583",991
"ERR4227223",812
"ERR10234584",1019
"ERR4227226",777
"ERR10234585",664
"ERR10234586",678
"ERR10234587",483
"ERR4227227",473
"ERR4227207",673
"ERR4227209",852
"ERR4227220",900
"ERR10234588",765
"ERR4227219",659
"ERR4227224",749
"ERR10234589",652
"ERR10234590",518
"ERR10234591",814
"ERR10234592",817
"ERR10234593",682
"ERR10234594",782
"ERR10234595",783
"ERR10234596",747
"ERR10234597",737
"ERR10234598",624
"ERR10234599",605
"ERR4227158",686
"ERR4227159",642
"ERR4227165",691
"ERR4227166",676
"ERR10234600",832
"ERR10234601",801
"ERR4227162",260
"ERR4227163",263
"ERR4227154",679
"ERR4227155",663
"ERR10234602",824
"ERR10234603",815
"ERR4227164",730
"ERR4227187",203
"ERR4227188",182
"ERR4227167",161
"ERR4227168",172
"ERR4227160",568
"ERR4227161",593
"ERR10234604",636
"ERR10234605",658
"ERR4227228",617
"ERR4227229",627
"ERR10234606",901
"ERR10234607",880
"ERR4227191",766
"ERR4227192",742
"ERR4227179",603
"ERR4227180",606
"ERR4227156",763
"ERR4227157",802
"ERR4227171",98
"ERR4227172",103
"ERR10234610",149
"ERR10234611",142
"ERR4227169",125
"ERR4227170",117
"ERR4227173",121
"ERR4227174",135
"ERR4227175",217
"ERR4227176",211
"ERR10234612",824
"ERR10234613",813
"ERR4227177",713
"ERR4227178",733
"ERR4227181",609
"ERR4227182",648
"ERR4227193",809
"ERR4227194",824
"ERR4227238",594
"ERR4227239",600
"ERR10234614",752
"ERR10234615",759
"ERR10234616",1034
"ERR10234617",1045
"ERR4227240",795
"ERR4227241",803
"ERR4227242",558
"ERR4227243",548
"ERR4227246",566
"ERR4227247",555
"ERR10234618",815
"ERR10234619",835
"ERR4227250",858
"ERR4227251",869
"ERR4227183",206
"ERR4227184",210
"ERR4227236",590
"ERR4227237",554
"ERR4227244",665
"ERR4227245",669
"ERR4227248",711
"ERR4227249",724
"ERR4227252",846
"ERR4227253",824
"ERR4227256",641
"ERR4227257",635
"ERR4227254",552
"ERR4227255",551
"ERR4227214",662
"ERR4227215",730
"ERR4227216",754
"ERR4227217",678
"ERR4227218",666
"ERR10234620",678
"ERR10234621",701
"ERR10234622",811
"ERR10234623",783
"ERR4227232",648
"ERR4227233",675
"ERR4227230",658
"ERR4227231",664
"ERR10234624",623
"ERR10234625",639
"ERR4227234",563
"ERR4227235",556
"ERR10234626",579
"ERR10234627",618
"ERR10234628",591
"ERR10234629",576
"ERR10234630",542
"ERR10234631",567
"ERR10234632",638
"ERR10234633",637
"ERR10234634",626
"ERR10234635",610
"ERR4227185",230
"ERR4227186",248
"ERR4227189",651
"ERR4227190",654
"ERR10234636",1086
"ERR10234637",1057
"ERR10234638",201
"ERR10234639",519
"ERR10234640",610
"ERR10234641",191
"ERR10234642",628
"ERR10234643",610
"ERR10234644",638
"ERR10234645",554
"ERR10234646",342
"ERR10234647",632
"ERR10234648",636
"ERR10234649",722
"ERR10234650",884
"ERR10234651",222
"ERR10234652",596
"ERR10234653",479
"ERR10234654",915
"ERR10234655",667
"ERR10234656",620
"ERR10234657",553
"ERR10234658",487
"ERR10234659",473
"ERR10234660",586
"ERR10234661",599
"ERR10234662",535
"ERR10234663",635
"ERR10234664",588
"ERR10234665",413
"ERR10234666",809
"ERR10234667",583
"ERR10234668",445
"ERR10234669",153
"ERR10234670",81
"ERR10234671",190
"ERR10234672",169
"ERR10234673",157
"ERR10234674",287
"ERR10234675",175
"ERR10234676",121
"ERR10234677",123
"ERR10234678",447
"ERR10234679",290
"ERR10234680",421
"ERR10234681",359
"ERR10234682",257
"ERR10234683",428
"ERR10234684",389
"ERR10234685",452
"ERR10234686",751
"ERR10234687",340
"ERR10234688",444
"ERR10234689",368
"ERR10234690",407
"ERR10234691",345
"ERR10234692",372
"ERR10234693",477
"ERR10234694",307
"ERR10234695",361
"ERR10234696",530
"ERR10234697",513
"ERR10234698",400
"ERR10234699",409
"ERR10234700",511
"ERR10234701",380
"ERR10234702",453
"ERR10234703",281
"ERR10234704",569
"ERR10234705",377
"ERR10234706",494
"ERR10234707",408
"ERR10234708",476
"ERR10234709",493
"ERR10234710",347
"ERR10234711",426
"ERR10234712",230
"ERR10234713",364
"ERR10234714",364
"ERR10234715",430
"ERR10234716",497
"ERR10234717",243
"ERR10234718",416
"ERR10234719",329
"ERR10234720",404
"ERR10234721",351
"ERR10234722",277
"ERR10234723",360
"ERR10234724",349
"ERR10234725",314
"ERR10234726",331
"ERR10234727",264
"ERR10234728",239
"ERR10234729",298
"ERR10234730",283
"ERR10234731",347
"ERR10234732",277
"ERR10234733",267
"ERR10234734",352
"ERR10234735",312
"ERR10234736",365
"ERR10234737",350
"ERR10234738",298
"ERR10234739",268
"ERR10234740",204
"ERR10234741",376
"ERR10234742",322
"ERR10234743",291
"ERR10234744",418
"ERR10234745",236
"ERR10234746",298
"ERR10234747",292
"ERR10234748",310
"ERR10234749",333
"ERR10234750",555
"ERR10234751",416
"ERR10234752",525
"ERR10234753",360
"ERR10234754",348
"ERR10234755",331
"ERR10234756",339
"ERR10234757",332
"ERR10234758",241
"ERR10234759",284
"ERR10234760",366
"ERR10234761",304
"ERR10234762",452
"ERR10234763",282
"ERR10234764",391
"ERR10234765",370
"ERR10234766",346
"ERR10234767",287
"ERR10234768",470
"ERR10234769",357
"ERR10234770",542
"ERR10234771",367
"ERR10234772",330
"ERR10234773",269
"ERR10234774",459
"ERR10234775",285
"ERR10234776",206
"ERR10234777",314
"ERR10234778",308
"ERR10234779",362
"ERR10234780",343
"ERR10234781",251
"ERR10234782",456
"ERR10234783",249
"ERR10234784",436
"ERR10234785",350
"ERR10234786",364
"ERR10234787",517
"ERR10234788",342
"ERR10234789",269
"ERR10234790",155
"ERR10234791",323
"ERR10234792",336
"ERR10234793",427
"ERR10234794",502
"ERR10234795",296
"ERR10234796",348
"ERR10234797",351
"ERR10234798",277
"ERR10234799",328
"ERR10234800",354
"ERR10234801",239
"ERR10234802",292
"ERR10234803",324
"ERR10234804",302
"ERR10234805",360
"ERR10234806",291
"ERR10234807",256
"ERR10234808",277
"ERR10234809",326
"ERR10234810",362
"ERR10234811",280
"ERR10234812",395
"ERR10234813",365
"ERR10234814",282
"ERR10234815",219
"ERR10234816",208
"ERR10234817",249
"ERR10234818",202
"ERR10234819",295
"ERR10234820",190
"ERR10234821",260
"ERR10234822",176
"ERR10234823",353
"ERR10234824",198
"ERR10234825",147
"ERR10234826",183
"ERR10234827",160
"ERR10234828",225
"ERR10234829",200
"ERR10234830",727
"ERR10234831",485
"ERR10234832",465
"ERR10234833",293
"ERR10234834",330
"ERR10234835",273
"ERR10234836",275
"ERR10234837",252
"ERR10234838",425
"ERR10234839",165
"ERR10234840",317
"ERR10234842",199
"ERR10234843",149
"ERR10234846",270
"ERR10234847",359
"ERR10234848",296
"ERR10234849",263
"ERR10234850",88
"ERR10234851",71
"ERR10234852",265
"ERR10234853",300
"ERR10234854",189
"ERR10234855",360
"ERR10234856",331
"ERR10234857",467
"ERR10234858",378
"ERR10234859",210
"ERR10234860",70
"ERR10234861",149
"ERR10234862",176
"ERR10234863",267
"ERR10234864",108
"ERR10234865",119
"ERR10234866",83
"ERR10234867",61
"ERR10234868",286
"ERR10234869",193
"ERR10234870",197
"ERR10234871",339
"ERR10234872",232
"ERR10234873",188
"ERR10234875",265
"ERR10234876",452
"ERR10234877",229
"ERR10234878",112
"ERR10234879",173
"ERR10234880",610
"ERR10234881",321
"ERR10234882",412
"ERR10234883",404
"ERR10234884",227
"ERR10234885",450
"ERR10234886",583
"ERR10234887",588
"ERR10234888",531
"ERR10234889",851
"ERR10234890",494
"ERR10234891",310
"ERR10234892",301
"ERR10234893",447
"ERR10234894",333
"ERR10234895",233
"ERR10234896",421
"ERR10234897",278
"ERR10234898",204
"ERR10234899",308
"ERR10234900",446
"ERR10234901",399
"ERR10234902",473
"ERR10234903",454
"ERR10234904",303
"ERR10234905",479
"ERR10234906",374
"ERR10234907",403
"ERR10234908",292
"ERR10234909",365
"ERR10234910",458
"ERR10234911",186
"ERR10234912",144
"ERR10234913",376
"ERR10234914",247
"ERR10234915",325
"ERR10234916",620
"ERR10234917",336
"ERR10234918",322
"ERR10234919",278
"ERR10234920",417
"ERR10234921",388
"ERR10234922",278
"ERR10234924",463
"ERR10234925",343
"ERR10234926",378
"ERR10234927",469
"ERR10234928",154
"ERR10234929",90
"ERR10234930",246
"ERR10234931",297
"ERR10234932",138
"ERR10234933",141
"ERR10234934",170
"ERR10234935",297
"ERR10234936",357
"ERR10234937",327
"ERR10234938",413
"ERR10234939",397
"ERR10234940",570
"ERR10234941",374
"ERR10234942",479
"ERR10234943",241
"ERR10234944",478
"ERR10234945",347
"ERR10234946",92
"ERR10234947",509
"ERR10234948",506
"ERR10234949",456
"ERR10234950",662
"ERR10234951",560
"ERR10234952",395
"ERR10234953",397
"ERR10234954",362
"ERR10234955",468
"ERR10234956",384
"ERR10234957",406
"ERR10234958",591
"ERR10234959",399
"ERR10234960",111
"ERR10234961",313
"ERR10234962",285
"ERR4223618",244
"ERR4223619",236
"ERR10234963",156
"ERR10234964",150
"ERR10234965",419
"ERR10234966",445
"ERR4223620",128
"ERR4223621",130
"ERR10234967",418
"ERR10234968",430
"ERR4223622",190
"ERR4223623",179
"ERR10234969",153
"ERR10234970",141
"ERR4223616",90
"ERR4223617",90
"ERR10234971",164
"ERR10234972",151
"ERR10234973",444
"ERR10234974",420
"ERR4223614",104
"ERR4223615",104
"ERR4223624",89
"ERR4223625",104
"ERR10234975",173
"ERR10234976",164
"ERR4223626",126
"ERR4223627",101
"ERR10234977",150
"ERR10234978",149
"ERR10234979",447
"ERR10234980",451
"ERR4223600",152
"ERR4223601",146
"ERR4223602",159
"ERR4223603",152
"ERR10234981",170
"ERR10234982",162
"ERR4223604",132
"ERR4223605",122
"ERR4223606",187
"ERR4223607",173
"ERR10234983",189
"ERR10234984",202
"ERR10234985",253
"ERR10234986",243
"ERR4223608",136
"ERR4223609",141
"ERR10234987",245
"ERR10234988",225
"ERR4223610",195
"ERR4223611",185
"ERR10234989",370
"ERR10234990",374
"ERR4223612",251
"ERR4223613",255
"ERR10234991",441
"ERR10234992",459
"ERR10234993",516
"ERR10234994",526
"ERR10234995",156
"ERR10234999",79
"ERR10235001",116
"ERR10235002",39
"ERR10235003",65
"ERR10235004",83
"ERR10235006",124
"ERR10235007",131
"ERR10235008",105
"ERR10235009",87
"ERR10235015",61
"ERR10235017",117
"ERR10235018",57
"ERR10235019",74
"ERR10235020",138
"ERR10235022",134
"ERR10235023",244
"ERR10235024",441
"ERR10235025",330
"ERR10235026",616
"ERR10235027",263
"ERR10235028",139
"ERR10235029",378
"ERR10235030",110
"ERR10235031",348
"ERR10235032",140
"ERR10235033",110
"ERR10235034",138
"ERR10235035",89
"ERR10235036",127
"ERR10235037",71
"ERR10235038",313
"ERR10235039",202
"ERR10235040",93
"ERR10235041",141
"ERR10235042",112
"ERR10235043",165
"ERR10235044",86
"ERR10235045",118
"ERR10235046",115
"ERR10235047",90
"ERR10235048",123
"ERR10235049",147
"ERR10235050",127
"ERR10235051",166
"ERR10235052",160
"ERR10235053",148
"ERR10235054",154
"ERR10235055",137
"ERR10235056",114
"ERR10235057",272
"ERR10235058",180
"ERR10235059",196
"ERR10235060",330
"ERR10235061",186
"ERR10235062",479
"ERR10235063",294
"ERR10235064",324
"ERR10235068",65
"ERR10235069",67
"ERR10235070",56
"ERR10235071",97
"ERR10235072",145
"ERR10235073",104
"ERR10235074",112
"ERR10235075",85
"ERR10235076",96
"ERR10235077",105
"ERR10235078",119
"ERR10235079",97
"ERR10235080",87
"ERR10235081",107
"ERR10235082",65
"ERR10235083",96
"ERR10235084",57
"ERR10235085",122
"ERR10235086",162
"ERR10235087",136
"ERR10235088",128
"ERR10235089",167
"ERR10235090",113
"ERR10235092",776
"ERR10235093",745
"ERR10235094",786
"ERR10235095",683
"ERR10235096",721
"ERR10235097",500
"ERR10235098",591
"ERR10235099",692
"ERR10235100",698
"ERR10235101",769
"ERR10235102",851
"ERR10235103",744
"ERR10235104",862
"ERR10235105",801
"ERR10235106",849
"ERR10235107",932
"ERR10235108",258
"ERR10235109",237
"ERR10235110",233
"ERR10235111",141
"ERR10235112",190
"ERR10235113",577
"ERR10235114",782
"ERR10235115",818
"ERR10235116",689
"ERR10235117",827
"ERR10235118",256
"ERR10235119",303
"ERR10235120",630
"ERR10235121",543
"ERR10235122",1031
"ERR10235123",719
"ERR10235124",870
"ERR10235125",629
"ERR10235126",770
"ERR10235127",1000
"ERR10235128",663
"ERR10235129",593
"ERR10235130",654
"ERR10235131",1026
"ERR10235132",595
"ERR10235133",896
"ERR10235134",559
"ERR10235135",540
"ERR10235136",719
"ERR10235137",315
"ERR10235138",288
"ERR10235139",534
"ERR10235140",1031
"ERR10235141",642
"ERR10235142",721
"ERR10235143",891
"ERR10235144",637
"ERR10235145",545
"ERR10235146",782
"ERR10235147",559
"ERR10235148",514
"ERR10235149",610
"ERR10235150",490
"ERR10235151",671
"ERR10235152",584
"ERR10235153",647
"ERR10235154",712
"ERR10235155",652
"ERR10235156",657
"ERR10235157",745
"ERR10235158",633
"ERR10235159",517
"ERR10235160",571
"ERR10235161",891
"ERR10235162",496
"ERR10235163",660
"ERR10235164",499
"ERR10235165",687
"ERR10235166",789
"ERR10235167",350
"ERR10235168",677
"ERR10235169",715
"ERR10235170",757
"ERR10235171",543
"ERR10235172",693
"ERR10235173",682
"ERR10235174",720
"ERR10235175",726
"ERR10235176",671
"ERR10235177",723
"ERR10235178",766
"ERR10235179",482
"ERR10235180",544
"ERR10235181",310
"ERR10235182",455
"ERR10235183",706
"ERR10235184",164
"ERR10235185",690
"ERR10235186",832
"ERR10235187",724
"ERR10235188",820
"ERR10235189",493
"ERR10235190",611
"ERR10235191",726
"ERR10235192",1081
"ERR10235193",925
"ERR10235194",98
"ERR10235195",734
"ERR10235196",650
"ERR10235197",577
"ERR10235198",750
"ERR10234080",349
"ERR10234081",272
"ERR10234082",761
"ERR10234083",404
"ERR10234084",420
"ERR10234085",84
"ERR10234086",391
"ERR10234087",127
"ERR10234088",117
"ERR10234089",172
"ERR10234090",259
"ERR10234091",157
"ERR10234092",143
"ERR10234093",341
"ERR10234094",189
"ERR10234095",191
"ERR10234096",250
"ERR10234097",359
"ERR10234098",203
"ERR10234099",349
"ERR10234100",238
"ERR10234101",387
"ERR10234102",217
"ERR10234103",431
"ERR10234104",247
"ERR10234105",385
"SRR14698677",42
"SRR14698678",82
"SRR14698523",56
"SRR14698561",111
"SRR14698623",66
"SRR14698664",100
"SRR14698672",130
"SRR14698679",110
"SRR14698617",43
"SRR14698695",117
"SRR14698706",62
"SRR14698717",34
"SRR14698727",101
"SRR14698732",119
"SRR14698740",41
"SRR14698510",68
"SRR14698518",116
"SRR14698532",100
"SRR14698551",45
"SRR14698555",96
"SRR14698557",88
"SRR14698558",75
"SRR14698559",104
"SRR14698560",130
"SRR14698619",48
"SRR14698562",114
"SRR14698564",56
"SRR14698565",78
"SRR14698620",71
"SRR14698621",115
"SRR14698608",50
"SRR14698607",136
"SRR14698606",53
"SRR14698622",132
"SRR14698624",27
"SRR14698605",60
"SRR14698604",56
"SRR14698603",96
"SRR14698625",83
"SRR14698602",34
"SRR14698627",93
"SRR14698629",84
"SRR14698599",107
"SRR14698598",88
"SRR14698597",127
"SRR14698658",35
"SRR14698594",104
"SRR14698660",99
"SRR14698662",49
"SRR14698593",120
"SRR14698592",91
"SRR14698568",42
"SRR14698591",82
"SRR14698590",25
"SRR14698589",96
"SRR14698588",38
"SRR14698587",126
"SRR14698663",131
"SRR14698665",48
"SRR14698566",106
"SRR14698567",49
"SRR14698569",97
"SRR14698666",94
"SRR14698667",46
"SRR14698570",75
"SRR14698571",64
"SRR14698584",71
"SRR14698583",43
"SRR14698582",81
"SRR14698581",107
"SRR14698669",32
"SRR14698670",57
"SRR14698580",65
"SRR14698579",39
"SRR14698578",107
"SRR14698671",102
"SRR14698673",53
"SRR14698577",133
"SRR14698576",92
"SRR14698575",105
"SRR14698674",140
"SRR14698675",136
"SRR14698574",40
"SRR14698573",89
"SRR14698572",110
"SRR14698676",49
"SRR14698680",112
"SRR14698681",93
"SRR14698682",46
"SRR14698612",118
"SRR14698614",116
"SRR14698683",44
"SRR14698684",95
"SRR14698685",96
"SRR14698615",52
"SRR14698616",114
"SRR14698618",66
"SRR14698686",45
"SRR14698688",108
"SRR14698690",102
"SRR14698691",112
"SRR14698692",39
"SRR14698693",91
"SRR14698694",82
"SRR14698696",36
"SRR14698697",93
"SRR14698698",87
"SRR14698699",44
"SRR14698700",103
"SRR14698701",111
"SRR14698702",59
"SRR14698704",115
"SRR14698705",49
"SRR14698707",114
"SRR14698708",106
"SRR14698710",114
"SRR14698711",26
"SRR14698712",77
"SRR14698714",114
"SRR14698716",90
"SRR14698719",81
"SRR14698720",33
"SRR14698721",103
"SRR14698722",45
"SRR14698723",80
"SRR14698724",41
"SRR14698725",105
"SRR14698744",95
"SRR14698728",69
"SRR14698743",126
"SRR14698742",97
"SRR14698657",41
"SRR14698729",123
"SRR14698656",107
"SRR14698655",47
"SRR14698654",106
"SRR14698731",52
"SRR14698653",36
"SRR14698652",119
"SRR14698651",46
"SRR14698734",75
"SRR14698735",87
"SRR14698737",51
"SRR14698741",43
"SRR14698501",99
"SRR14698502",101
"SRR14698503",64
"SRR14698506",59
"SRR14698513",44
"SRR14698516",59
"SRR14698650",108
"SRR14698517",37
"SRR14698647",29
"SRR14698520",88
"SRR14698521",38
"SRR14698644",67
"SRR14698642",69
"SRR14698522",65
"SRR14698641",69
"SRR14698640",98
"SRR14698639",83
"SRR14698525",79
"SRR14698526",77
"SRR14698527",87
"SRR14698528",26
"SRR14698529",88
"SRR14698530",105
"SRR14698533",91
"SRR14698534",94
"SRR14698535",40
"SRR14698536",79
"SRR14698539",40
"SRR14698540",106
"SRR14698541",42
"SRR14698542",87
"SRR14698544",45
"SRR14698546",154
"SRR14698548",39
"SRR14698638",45
"SRR14698636",65
"SRR14698552",33
"SRR14698635",87
"SRR14698553",54
"SRR14698554",72
"SRR14698632",51
"SRR14698631",158
"SRR14698630",55
"SRR14698613",99
"SRR14698556",58
"SRR14698611",116
"SRR14698610",40
"SRR14698609",114
"ERR2044671",277
"ERR2044672",303
"ERR2044673",177
"ERR2044674",229
"ERR2044675",247
"ERR2044676",278
"ERR2044677",168
"ERR2044678",228
"ERR2044679",170
"ERR2112703",57
"ERR2112704",107
"ERR2112706",248
"ERR2112709",285
"ERR2112710",197
"ERR2112711",421
"ERR2112712",251
"ERR2112713",432
"ERR2112714",290
"ERR2172156",54
"ERR2172157",42
"ERR2172158",38
"ERR2172159",33
"ERR2172160",38
"ERR2172161",130
"ERR2172216",42
"ERR2172217",57
"ERR2172218",33
"ERR2172219",34
"ERR2172220",49
"ERR2172223",36
"ERR2172225",28
"ERR2172226",21
"ERR2172227",38
"ERR2172228",10
"ERR2172229",22
"ERR2172231",40
"ERR2172232",20
"ERR2172233",40
"ERR2172234",42
"ERR2172235",50
"ERR2172236",113
"ERR2172237",109
"ERR2172238",164
"ERR2172239",32
"ERR2172240",44
"ERR2172241",64
"ERR2172242",56
"ERR2172243",24
"ERR2172244",94
"ERR2172246",45
"ERR2172247",70
"ERR2172251",32
"ERR2172252",17
"ERR2172253",16
"ERR2212505",280
"ERR2212506",309
"ERR2212507",473
"ERR2212508",433
"ERR2212509",165
"ERR2212510",237
"ERR2212511",292
"ERR2212512",293
"ERR2212513",131
"ERR2212514",223
"ERR2212515",413
"ERR2212516",241
"ERR2212517",250
"ERR2212518",200
"ERR2212520",277
"ERR2212522",295
"ERR2212524",403
"ERR2212525",158
"ERR2212526",54
"ERR2212527",314
"ERR2212528",53
"ERR2212530",152
"ERR2212531",324
"ERR2212532",44
"ERR2212533",184
"ERR2212534",40
"ERR2212535",307
"ERR2212536",166
"ERR2212537",237
"ERR2212538",183
"ERR2212539",262
"ERR2212540",59
"ERR2212541",198
"ERR2212542",181
"ERR2212543",282
"ERR2212544",224
"ERR2212545",239
"ERR2212546",191
"ERR2212547",373
"ERR2212548",214
"ERR2212549",278
"ERR2212550",289
"ERR2212551",372
"ERR2212552",390
"ERR2212553",322
"ERR2212554",321
"ERR2212555",483
"ERR2212556",463
"ERR2220158",543
"ERR2220161",360
"ERR2220162",370
"ERR2220163",629
"ERR2220164",519
"ERR2220165",289
"ERR2220167",417
"ERR2220168",427
"ERR2220169",788
"ERR2220170",722
"ERR2220171",580
"ERR2220172",156
"ERR2220173",413
"ERR2220174",242
"ERR2220175",223
"ERR2220176",514
"ERR2220177",724
"ERR2220178",445
"ERR2220179",244
"ERR2220180",128
"ERR2220182",677
"ERR2220184",724
"ERR2220185",551
"ERR2220188",346
"ERR2220189",348
"ERR2220190",491
"ERR2220191",684
"ERR2220192",373
"ERR2220194",196
"ERR2220195",517
"ERR2220196",328
"ERR2220197",148
"ERR2220198",586
"ERR2220200",309
"ERR2220201",141
"ERR2220202",365
"ERR2220203",476
"ERR2220204",510
"ERR2220209",627
"ERR2220211",337
"ERR2220212",697
"ERR2220213",655
"ERR2220214",256
"ERR2220216",506
"ERR2220217",446
"ERR2220218",505
"ERR2220219",860
"ERR2220220",48
"ERR2220222",409
"ERR2220223",370
"ERR2220224",509
"ERR2220225",715
"ERR2220226",592
"ERR2220228",519
"ERR2220230",233
"ERR2220231",480
"ERR2220232",682
"ERR2220233",506
"ERR2220234",264
"ERR2220235",123
"ERR2220240",647
"ERR2220246",368
"ERR2220247",341
"ERR2220249",237
"ERR2220250",396
"ERR2220251",251
"ERR2220252",393
"ERR2220260",432
"ERR2220261",357
"ERR2220270",392
"ERR2220271",634
"ERR2220273",447
"ERR2220278",468
"ERR2220281",372
"ERR2220285",524
"ERR2220291",542
"ERR2220292",458
"ERR2220293",519
"ERR2220294",259
"ERR2220298",670
"ERR2220301",589
"ERR2220305",577
"ERR2220306",638
"ERR2220307",675
"ERR2220308",211
"ERR2220311",658
"ERR2220312",607
"ERR2220314",423
"ERR2220316",384
"ERR2220317",669
"ERR2220319",234
"ERR2220321",373
"ERR2220323",417
"ERR2220325",382
"ERR2220327",557
"ERR2220329",521
"ERR2220332",367
"ERR2220333",377
"ERR2220335",441
"ERR2220385",45
"ERR2220386",71
"ERR2220387",46
"ERR2220388",54
"ERR2220390",42
"ERR2220391",67
"ERR2220392",66
"ERR2220393",123
"ERR2220394",76
"ERR2220395",82
"ERR2220396",87
"ERR2220397",92
"ERR2220398",132
"ERR2220399",141
"ERR2220400",73
"ERR2220401",59
"ERR2220402",116
"ERR2220403",98
"ERR2220404",106
"ERR2220405",121
"ERR2220406",73
"ERR2220407",105
"ERR2220408",146
"ERR2220409",93
"ERR2220410",85
"ERR2220411",170
"ERR2220412",98
"ERR2220413",113
"ERR2220414",191
"ERR2220415",84
"ERR2220416",97
"ERR2220417",168
"ERR2220418",94
"ERR2220419",95
"ERR2220420",161
"ERR2220421",111
"ERR2220422",119
"ERR2220423",214
"ERR2220424",83
"ERR2220425",112
"ERR2220426",192
"ERR2220427",153
"ERR2220428",88
"ERR2220429",198
"ERR2220430",97
"ERR2220431",101
"ERR2220432",210
"ERR2220433",98
"ERR2220434",102
"ERR2220435",194
"ERR2220436",101
"ERR2220437",100
"ERR2220438",190
"ERR2220439",90
"ERR2220440",100
"ERR2220441",215
"ERR2220442",99
"ERR2220443",88
"ERR2220444",118
"ERR2220445",179
"ERR2220446",200
"ERR2220447",97
"ERR2220448",100
"ERR2220449",180
"ERR2220450",95
"ERR2220451",203
"ERR2220452",98
"ERR2220453",89
"ERR2220454",113
"ERR2220455",104
"ERR2220456",196
"ERR2220457",206
"ERR2220458",85
"ERR2220459",97
"ERR2220460",196
"ERR2220461",67
"ERR2220462",64
"ERR2220463",141
"ERR2220464",66
"ERR2220465",80
"ERR2220466",170
"ERR2220467",86
"ERR2220468",70
"ERR2220469",170
"ERR2220470",51
"ERR2220471",56
"ERR2220472",197
"ERR2220473",45
"ERR2220474",71
"ERR2220475",86
"ERR2220476",90
"ERR2220477",228
"ERR2220478",276
"ERR2220479",76
"ERR2220480",76
"ERR2220481",179
"ERR2220482",46
"ERR2220483",65
"ERR2220484",211
"ERR2220485",61
"ERR2220486",79
"ERR2220487",243
"ERR2220488",70
"ERR2220489",87
"ERR2220490",177
"ERR2220491",78
"ERR2220492",102
"ERR2220493",223
"ERR2220494",75
"ERR2220495",123
"ERR2220496",223
"ERR2220497",73
"ERR2220498",108
"ERR2220499",281
"ERR2220500",55
"ERR2220501",94
"ERR2220502",246
"ERR2220503",85
"ERR2220504",83
"ERR2220505",217
"ERR2220506",71
"ERR2220507",86
"ERR2220508",201
"ERR2220509",69
"ERR2220510",80
"ERR2220511",187
"ERR2220512",68
"ERR2220513",93
"ERR2220514",185
"ERR2220515",86
"ERR2220516",76
"ERR2220517",223
"ERR2220518",83
"ERR2220519",79
"ERR2220520",173
"ERR2220521",59
"ERR2220522",70
"ERR2220523",179
"ERR2220524",62
"ERR2220525",88
"ERR2220526",183
"ERR2220527",98
"ERR2220528",86
"ERR2220529",236
"ERR2220530",63
"ERR2220531",93
"ERR2220532",232
"ERR2220533",54
"ERR2220534",80
"ERR2220535",238
"ERR2220536",73
"ERR2220537",101
"ERR2220538",57
"ERR2220539",76
"ERR2220540",96
"ERR2220541",199
"ERR2220542",223
"ERR2220543",75
"ERR2220544",90
"ERR2220545",84
"ERR2220546",108
"ERR2220547",196
"ERR2220548",72
"ERR2220549",89
"ERR2220550",196
"ERR2220551",63
"ERR2220552",96
"ERR2220553",226
"ERR2220554",122
"ERR2220555",125
"ERR2220556",164
"ERR2220557",136
"ERR2220558",140
"ERR2220559",136
"ERR2220560",175
"ERR2220561",165
"ERR2220562",163
"ERR2220563",128
"ERR2220564",120
"ERR2220565",106
"ERR2220566",135
"ERR2220567",141
"ERR2220568",113
"ERR2220569",140
"ERR2220570",192
"ERR2220571",115
"ERR2220572",122
"ERR2220573",150
"ERR2223219",642
"ERR2223220",609
"ERR2223221",770
"ERR2223222",772
"ERR2223223",686
"ERR2223224",350
"ERR2223225",636
"ERR2223226",583
"ERR2223227",595
"ERR2223228",547
"ERR2223231",592
"ERR2223232",654
"ERR2223233",648
"ERR2223234",662
"ERR2223235",268
"ERR2223236",686
"ERR2223237",562
"ERR2223238",588
"ERR2223240",459
"ERR2223242",56
"ERR2223243",526
"ERR2223244",424
"ERR2223245",558
"ERR2223246",496
"ERR2223247",152
"ERR2223248",264
"ERR2223249",491
"ERR2223250",395
"ERR2223251",366
"ERR2223252",298
"ERR2223253",260
"ERR2223255",571
"ERR2223256",538
"ERR2223257",600
"ERR2223258",529
"ERR2223259",454
"ERR2223260",594
"ERR2223261",162
"ERR2223263",220
"ERR2223264",366
"ERR2223265",600
"ERR2223266",458
"ERR2223267",565
"ERR2223269",531
"ERR2223271",550
"ERR2223272",640
"ERR2223273",623
"ERR2223274",264
"ERR2223275",556
"ERR2223276",514
"ERR2223277",511
"ERR2223278",565
"ERR2223281",551
"ERR2223282",568
"ERR2223283",379
"ERR2223284",464
"ERR2223285",487
"ERR2223287",638
"ERR2223288",538
"ERR2223290",734
"ERR2223291",656
"ERR2223292",713
"ERR2223293",789
"ERR2223294",697
"ERR2223295",659
"ERR2223296",222
"ERR2223297",682
"ERR2223298",451
"ERR2223299",451
"ERR2223300",662
"ERR2223301",634
"ERR2223302",473
"ERR2223303",721
"ERR2223304",624
"ERR2223305",566
"ERR2223306",669
"ERR2223307",687
"ERR2223308",558
"ERR2223309",579
"ERR2223310",530
"ERR2223311",685
"ERR2223312",646
"ERR2223315",638
"ERR2223316",549
"ERR2223318",424
"ERR2223319",516
"ERR2223320",552
"ERR2223321",446
"ERR2223322",225
"ERR2223323",378
"ERR2223324",596
"ERR2223325",593
"ERR2223327",565
"ERR2223328",432
"ERR2223329",539
"ERR2223330",438
"ERR2223331",810
"ERR2223332",525
"ERR2223333",765
"ERR2223334",167
"ERR2223335",531
"ERR2223337",629
"ERR2223338",619
"ERR2223339",635
"ERR2223340",558
"ERR2223341",561
"ERR2223342",601
"ERR2225533",38
"ERR2225535",46
"ERR2225536",47
"ERR2225537",37
"ERR2225539",45
"ERR2225544",46
"ERR2225545",56
"ERR2225548",47
"ERR2225549",42
"ERR2225551",69
"ERR2225557",52
"ERR2225577",39
"ERR2225578",55
"ERR2225580",30
"ERR2225581",45
"ERR2225584",41
"ERR2225585",38
"ERR2225586",37
"ERR2225587",52
"ERR2225589",44
"ERR2225590",53
"ERR2225591",33
"ERR2225593",36
"ERR2225601",41
"ERR2225602",53
"ERR2225603",41
"ERR2225608",66
"ERR2225609",65
"ERR2226619",216
"ERR2226620",401
"ERR2226621",213
"ERR2226622",285
"ERR2226623",330
"ERR2226624",255
"ERR2226627",356
"ERR2226628",93
"ERR2226630",437
"ERR2226631",217
"ERR2226633",289
"ERR2226634",296
"ERR2226635",38
"ERR2226637",169
"ERR2226638",158
"ERR2226639",65
"ERR2226640",205
"ERR2226641",176
"ERR2226642",111
"ERR2226643",273
"ERR2226644",256
"ERR2226645",126
"ERR2226647",256
"ERR2226648",158
"ERR2226649",387
"ERR2226652",425
"ERR2226653",441
"ERR2226655",304
"ERR2226656",403
"ERR2226658",448
"ERR2226661",359
"ERR2226662",363
"ERR2226663",129
"ERR2226665",311
"ERR2226667",45
"ERR2226668",200
"ERR2226670",90
"ERR2226671",64
"ERR2226672",226
"ERR2226673",218
"ERR2226674",161
"ERR2226676",295
"ERR2226677",310
"ERR2226678",74
"ERR2226679",281
"ERR2226681",22
"ERR2226682",91
"ERR2226683",426
"ERR2226684",454
"ERR2226685",153
"ERR2226686",423
"ERR2226687",367
"ERR2226688",498
"ERR2226689",396
"ERR2226690",395
"ERR2226694",219
"ERR2226696",190
"ERR2226699",372
"ERR2226701",63
"ERR2226702",210
"ERR2226703",194
"ERR2226705",211
"ERR2226707",187
"ERR2226708",201
"ERR2226709",273
"ERR2226711",270
"ERR2226712",232
"ERR2226713",24
"ERR2226714",177
"ERR2226716",202
"ERR2226717",277
"ERR2226718",273
"ERR2226719",263
"ERR2226720",401
"ERR2226722",14
"ERR2226723",379
"ERR2226724",340
"ERR2226726",496
"ERR2226727",414
"ERR2226728",351
"ERR2226729",360
"ERR2226731",401
"ERR2226732",291
"ERR2226733",255
"ERR2226734",168
"ERR2226735",211
"ERR2226736",173
"ERR2226737",201
"ERR2226738",211
"ERR2226739",356
"ERR2226740",245
"ERR2226741",242
"ERR2226742",298
"ERR2226743",305
"ERR2226744",62
"ERR2226745",121
"ERR2226746",450
"ERR2226747",351
"ERR2226748",449
"ERR2226749",602
"ERR2226750",55
"ERR2226751",408
"ERR2226753",394
"ERR2226754",421
"ERR2226756",284
"ERR2226757",223
"ERR2226761",116
"ERR2226762",176
"ERR2226763",159
"ERR2226765",197
"ERR2226766",182
"ERR2226767",134
"ERR2226770",289
"ERR2226771",268
"ERR2226772",266
"ERR2226774",218
"ERR2226775",213
"ERR2226777",288
"ERR2226778",274
"ERR2226779",410
"ERR2226780",496
"ERR2226781",404
"ERR2226782",652
"ERR2226783",547
"ERR2226784",543
"ERR2226785",398
"ERR2226786",501
"ERR2226787",436
"ERR2226789",466
"ERR2226790",472
"ERR2226792",232
"ERR2226793",233
"ERR2226794",194
"ERR2226795",259
"ERR2226796",254
"ERR2226797",61
"ERR2226801",228
"ERR2226802",247
"ERR2226804",197
"ERR2226805",225
"ERR2226807",242
"ERR2226808",241
"ERR2226809",197
"ERR2226810",296
"ERR2226811",60
"ERR2226812",308
"ERR2226813",188
"ERR2226814",132
"ERR2226819",445
"ERR2226820",433
"ERR2226821",229
"ERR2226822",604
"ERR2226823",588
"ERR2226824",294
"ERR2226825",490
"ERR2226826",456
"ERR2226827",159
"ERR2226828",386
"ERR2226829",367
"ERR2226830",155
"ERR2226831",242
"ERR2226832",218
"ERR2226833",115
"ERR2226834",125
"ERR2226835",97
"ERR2226837",183
"ERR2226839",65
"ERR2226841",53
"ERR2226843",116
"ERR2226846",164
"ERR2226847",116
"ERR2226849",160
"ERR2226850",254
"ERR2226852",246
"ERR2226855",212
"ERR2226857",438
"ERR2226858",23
"ERR2226860",119
"ERR2226862",128
"ERR2226865",124
"ERR2226866",123
"ERR2226867",273
"ERR2226868",154
"ERR2226871",124
"ERR2226872",342
"ERR2226873",481
"ERR2226874",419
"ERR2226875",403
"ERR2226876",448
"ERR2226878",122
"ERR2226879",196
"ERR2226881",296
"ERR2226882",271
"ERR2226885",304
"ERR2226886",249
"ERR2226887",66
"ERR2226888",53
"ERR2226889",51
"ERR2226891",40
"ERR2226893",243
"ERR2226894",70
"ERR2226895",60
"ERR2226896",143
"ERR2226897",58
"ERR2226898",47
"ERR2226899",235
"ERR2226900",77
"ERR2226901",57
"ERR2226902",274
"ERR2226903",197
"ERR2226904",88
"ERR2226905",160
"ERR2226906",196
"ERR2226908",238
"ERR2226909",457
"ERR2226910",421
"ERR2226912",447
"ERR2226913",446
"ERR2228380",107
"ERR2228388",90
"ERR2228392",120
"ERR2228393",159
"ERR2228396",170
"ERR2228397",150
"ERR2228400",164
"ERR2228401",170
"ERR2228404",135
"ERR2228408",106
"ERR2228409",120
"ERR2228412",106
"ERR2228420",164
"ERR2228421",188
"ERR2228424",142
"ERR2228425",168
"ERR2228429",176
"ERR2228432",174
"ERR2228433",127
"ERR2228436",153
"ERR2228437",113
"ERR2228440",156
"ERR2228447",120
"ERR2228451",102
"ERR2228455",112
"ERR2228456",122
"ERR2228459",86
"ERR2228463",112
"ERR2228464",167
"ERR2228467",154
"ERR2228468",163
"ERR2228471",150
"ERR2228472",164
"ERR2228475",129
"ERR2228479",117
"ERR2228480",123
"ERR2228483",118
"ERR2228491",164
"ERR2228492",193
"ERR2228495",142
"ERR2228496",167
"ERR2228500",186
"ERR2228503",171
"ERR2228504",126
"ERR2228507",160
"ERR2228508",118
"ERR2228511",165
"ERR2228527",10
"ERR2228552",74
"ERR2228553",58
"ERR2230177",163
"ERR2230178",243
"ERR2230179",74
"ERR2230180",158
"ERR2230181",165
"ERR2230182",219
"ERR2230183",221
"ERR2230184",118
"ERR2230185",116
"ERR2230186",112
"ERR2230187",48
"ERR2230188",143
"ERR2230189",110
"ERR2230191",162
"ERR2230197",252
"ERR2230198",275
"ERR2230199",188
"ERR2230200",201
"ERR2230201",183
"ERR2230202",225
"ERR2230203",170
"ERR2230204",155
"ERR2230205",119
"ERR2230208",168
"ERR2230210",125
"ERR2230211",50
"ERR2230213",33
"ERR2230214",24
"ERR2230326",13
"ERR2230339",47
"ERR2230349",15
"ERR2230350",14
"ERR2230352",8
"ERR2230353",14
"ERR2230354",49
"ERR2230356",19
"ERR2230358",36
"ERR2230432",22
"ERR2230529",23
"ERR2230895",195
"ERR2230896",156
"ERR2231754",650
"ERR2231755",618
"ERR2231756",718
"ERR2231757",820
"ERR2231758",521
"ERR2231759",564
"ERR2231760",582
"ERR2231761",561
"ERR2231762",627
"ERR2231763",600
"ERR2231764",733
"ERR2231765",766
"ERR2231766",663
"ERR2231767",570
"ERR2231768",698
"ERR2231769",710
"ERR2231770",614
"ERR2231771",644
"ERR2231772",764
"ERR2231773",707
"ERR2231774",606
"ERR2231775",581
"ERR2231776",733
"ERR2231777",723
"ERR2232135",45
"ERR2232137",42
"ERR2232138",30
"ERR2232139",34
"ERR2232141",193
"ERR2232142",200
"ERR2232143",217
"ERR2232150",32
"ERR2232151",38
"ERR2232152",46
"ERR2232162",260
"ERR2232163",214
"ERR2232164",257
"ERR2232172",61
"ERR2232173",171
"ERR2232174",176
"ERR2232175",163
"ERR2232176",150
"ERR2232178",193
"ERR2232194",32
"ERR2232195",31
"ERR2232196",38
"ERR2232456",196
"ERR2232457",482
"ERR2232458",689
"ERR2232459",450
"ERR2232460",483
"ERR2232461",615
"ERR2232462",338
"ERR2232463",417
"ERR2232464",474
"ERR2232465",253
"ERR2232466",322
"ERR2232467",533
"ERR2232468",439
"ERR2232469",329
"ERR2232470",348
"ERR2232471",345
"ERR2232472",403
"ERR2232473",421
"ERR2232474",519
"ERR2232475",328
"ERR2235884",165
"ERR2235886",213
"ERR2235888",184
"ERR2235890",285
"ERR2235892",248
"ERR2235894",342
"ERR2235895",257
"ERR2235896",265
"ERR2235897",264
"ERR2235898",385
"ERR2235899",294
"ERR2235900",370
"ERR2235901",331
"ERR2235902",368
"ERR2235903",378
"ERR2235904",343
"ERR2235905",267
"ERR2235906",377
"ERR2235907",395
"ERR2235908",349
"ERR2235909",274
"ERR2235910",374
"ERR2235911",382
"ERR2235912",237
"ERR2235913",161
"ERR2235914",365
"ERR2235915",176
"ERR2235916",133
"ERR2235920",153
"ERR2235922",202
"ERR2235924",235
"ERR2235926",340
"ERR2235927",228
"ERR2235928",335
"ERR2235929",278
"ERR2235930",340
"ERR2235931",329
"ERR2235932",91
"ERR2235933",155
"ERR2235934",128
"ERR2235936",130
"ERR2235940",213
"ERR2235941",224
"ERR2235942",308
"ERR2235943",223
"ERR2235944",323
"ERR2235945",271
"ERR2235946",371
"ERR2235947",336
"ERR2235948",134
"ERR2235952",124
"ERR2235954",112
"ERR2235956",276
"ERR2235957",227
"ERR2235958",273
"ERR2235959",231
"ERR2235960",191
"ERR2235961",248
"ERR2235962",273
"ERR2235963",250
"ERR2235964",204
"ERR2235965",212
"ERR2235966",266
"ERR2235967",231
"ERR2235968",123
"ERR2235969",185
"ERR2235970",144
"ERR2235972",136
"ERR2235973",196
"ERR2235974",168
"ERR2235975",173
"ERR2235976",168
"ERR2235977",203
"ERR2235978",201
"ERR2235979",217
"ERR2235980",209
"ERR2235981",288
"ERR2235982",263
"ERR2235983",273
"ERR2235984",129
"ERR2235985",266
"ERR2235986",337
"ERR2235987",324
"ERR2235988",141
"ERR2235992",119
"ERR2235994",159
"ERR2235995",161
"ERR2235996",84
"ERR2235997",161
"ERR2235998",137
"ERR2236000",173
"ERR2236001",220
"ERR2236002",239
"ERR2236003",220
"ERR2236004",196
"ERR2236005",203
"ERR2236006",262
"ERR2236007",218
"ERR2236008",120
"ERR2236009",237
"ERR2236010",294
"ERR2236011",245
"ERR2236012",181
"ERR2236013",220
"ERR2236014",230
"ERR2236015",242
"ERR2236016",182
"ERR2236017",214
"ERR2236018",326
"ERR2236019",191
"ERR2236020",90
"ERR2236021",165
"ERR2236022",138
"ERR2236024",109
"ERR2236025",112
"ERR2236026",130
"ERR2236028",157
"ERR2236030",182
"ERR2236032",126
"ERR2236033",193
"ERR2236034",202
"ERR2236035",172
"ERR2236036",88
"ERR2236037",225
"ERR2236038",200
"ERR2236039",177
"ERR2236040",123
"ERR2236041",286
"ERR2236042",288
"ERR2236044",100
"ERR2236045",253
"ERR2236046",258
"ERR2236047",301
"ERR2236048",86
"ERR2236049",247
"ERR2236050",225
"ERR2236051",142
"ERR2236052",145
"ERR2236053",154
"ERR2236054",167
"ERR2236055",87
"ERR2236056",162
"ERR2236057",144
"ERR2236058",128
"ERR2236059",295
"ERR2236060",264
"ERR2236061",145
"ERR2236062",92
"ERR2236063",119
"ERR2236064",67
"ERR2236065",111
"ERR2236066",152
"ERR2236067",115
"ERR2236068",106
"ERR2236069",245
"ERR2236070",284
"ERR2236071",276
"ERR2236072",85
"ERR2236073",134
"ERR2236074",109
"ERR2236075",105
"ERR2236076",173
"ERR2236077",277
"ERR2236078",217
"ERR2236079",227
"ERR2236080",104
"ERR2236081",161
"ERR2236082",125
"ERR2236083",152
"ERR2236084",196
"ERR2236085",271
"ERR2236086",272
"ERR2236087",251
"ERR2236088",210
"ERR2236089",378
"ERR2236090",339
"ERR2236091",307
"ERR2236092",184
"ERR2236093",241
"ERR2236094",241
"ERR2236095",208
"ERR2236096",188
"ERR2236097",392
"ERR2236098",330
"ERR2236099",263
"ERR2236100",144
"ERR2236101",158
"ERR2236102",140
"ERR2236103",170
"ERR2236104",82
"ERR2236105",117
"ERR2236106",109
"ERR2236107",106
"ERR2236108",104
"ERR2236109",136
"ERR2236110",147
"ERR2236111",161
"ERR2236112",101
"ERR2236113",167
"ERR2236114",165
"ERR2236115",144
"ERR2236116",174
"ERR2236117",297
"ERR2236118",187
"ERR2236119",219
"ERR2236120",70
"ERR2236121",79
"ERR2236122",131
"ERR2236123",111
"ERR2236124",381
"ERR2236125",221
"ERR2236126",218
"ERR2236127",62
"ERR2236128",129
"ERR2236129",153
"ERR2236130",127
"ERR2238563",209
"ERR2238564",650
"ERR2238565",642
"ERR2238566",474
"ERR2238567",677
"ERR2247273",15
"ERR2247274",17
"ERR2247275",12
"ERR2247278",14
"ERR2247287",16
"ERR2247290",15
"ERR2247291",15
"ERR2247293",16
"ERR2247294",14
"ERR2247484",118
"ERR2247485",52
"ERR2247486",121
"ERR2247487",104
"ERR2247488",81
"ERR2247489",107
"ERR2247490",53
"ERR2247491",119
"ERR2247492",100
"ERR2247493",90
"ERR2248397",163
"ERR2248398",20
"ERR2248399",4
"ERR2248428",424
"ERR2248432",105
"ERR2248482",74
"ERR2248483",145
"ERR2248484",182
"ERR2248485",177
"ERR2248486",100
"ERR2248487",58
"ERR2248488",29
"ERR2248489",61
"ERR2249701",46
"ERR2249707",21
"ERR2249711",47
"ERR2249712",66
"ERR2261817",8
"ERR2269936",320
"ERR2269937",245
"ERR2269938",143
"ERR2269939",227
"ERR2269940",368
"ERR2269941",258
"ERR2269942",483
"ERR2269943",754
"ERR2270821",136
"ERR2270822",124
"ERR2276462",24
"ERR2276463",36
"ERR2286745",234
"ERR2286746",254
"ERR2286747",235
"ERR2286748",224
"ERR2286749",236
"ERR2286750",240
"ERR2287519",46
"ERR2287520",186
"ERR2287524",138
"ERR2287525",187
"ERR2287526",192
"ERR2287527",165
"ERR2287528",185
"ERR2287529",222
"ERR2287530",179
"ERR2287658",204
"ERR2287659",228
"ERR2287660",239
"ERR2298163",51
"ERR2298169",21
"ERR2304213",49
"ERR2304214",106
"ERR2304215",113
"ERR2304217",83
"ERR2304218",106
"ERR2304219",192
"ERR2304220",128
"ERR2304222",74
"ERR2304224",16
"ERR2304225",104
"ERR2304227",120
"ERR2304228",104
"ERR2304229",61
"ERR2304230",141
"ERR2304231",115
"ERR2304233",113
"ERR2304234",114
"ERR2304235",111
"ERR2304236",116
"ERR2304238",95
"ERR2304239",73
"ERR2304241",87
"ERR2306820",89
"ERR2306843",91
"ERR2307984",21
"ERR2307991",27
"ERR2307992",37
"ERR2322055",86
"ERR2322056",55
"ERR2322058",94
"ERR2322059",110
"ERR2322060",103
"ERR2322061",90
"ERR2322062",106
"ERR2322063",79
"ERR2322064",104
"ERR2322065",102
"ERR2322066",110
"ERR2322067",86
"ERR2322068",108
"ERR2322069",74
"ERR2322070",63
"ERR2322072",52
"ERR2322073",69
"ERR2322074",85
"ERR2322075",34
"ERR2322076",31
"ERR2322077",50
"ERR2322078",46
"ERR2322079",29
"ERR2322082",28
"ERR2322083",41
"ERR2322084",60
"ERR2322086",39
"ERR2322087",43
"ERR2322088",29
"ERR2322089",67
"ERR2322090",34
"ERR2322091",29
"ERR2322092",53
"ERR2322093",40
"ERR2322094",25
"ERR2322095",70
"ERR2322098",40
"ERR2322099",58
"ERR2322100",35
"ERR2322101",45
"ERR2322103",91
"ERR2322104",33
"ERR2322105",36
"ERR2322106",61
"ERR2322107",50
"ERR2322111",23
"ERR2322112",31
"ERR2322113",50
"ERR2322114",43
"ERR2322115",35
"ERR2322117",35
"ERR2322119",31
"ERR2322120",34
"ERR2322121",39
"ERR2322122",52
"ERR2322124",41
"ERR2322125",38
"ERR2322126",37
"ERR2322127",54
"ERR2322128",90
"ERR2322129",58
"ERR2322130",62
"ERR2322131",54
"ERR2322132",72
"ERR2322133",68
"ERR2322134",85
"ERR2338145",64
"ERR2338146",24
"ERR2338147",52
"ERR2338148",27
"ERR2338150",50
"ERR2338151",20
"ERR2338152",39
"ERR2338153",52
"ERR2338154",23
"ERR2338155",50
"ERR2338157",16
"ERR2338158",22
"ERR2338159",50
"ERR2338160",31
"ERR2338161",25
"ERR2338162",26
"ERR2338163",27
"ERR2338164",30
"ERR2338165",45
"ERR2338166",57
"ERR2338167",28
"ERR2338168",39
"ERR2338169",52
"ERR2338170",37
"ERR2338171",30
"ERR2338172",23
"ERR2338173",33
"ERR2338174",67
"ERR2338175",43
"ERR2338176",59
"ERR2338178",77
"ERR2338179",103
"ERR2338180",43
"ERR2338181",55
"ERR2338182",56
"ERR2338183",60
"ERR2338184",71
"ERR2338185",51
"ERR2338186",85
"ERR2338187",66
"ERR2338188",128
"ERR2338189",34
"ERR2338190",24
"ERR2338191",29
"ERR2338192",41
"ERR2338194",46
"ERR2338195",55
"ERR2338196",33
"ERR2338197",41
"ERR2338198",56
"ERR2338199",59
"ERR2338200",67
"ERR2355946",78
"ERR2355947",73
"ERR2355948",125
"ERR2355949",113
"ERR2355950",109
"ERR2355951",113
"ERR2355952",155
"ERR2355953",195
"ERR2355954",153
"ERR2355955",148
"ERR2355956",115
"ERR2355957",116
"ERR2357068",377
"ERR2357069",373
"ERR2357070",406
"ERR2357071",285
"ERR2357072",367
"ERR2357073",282
"ERR2357074",502
"ERR2357075",369
"ERR2357076",410
"ERR2357077",251
"ERR2357078",336
"ERR2357079",340
"ERR2357080",347
"ERR2357081",347
"ERR2357082",397
"ERR2357083",402
"ERR2357084",341
"ERR2357085",341
"ERR2357086",241
"ERR2357087",229
"ERR2357090",166
"ERR2357091",160
"ERR2357092",186
"ERR2357093",197
"ERR2357094",215
"ERR2357095",215
"ERR2357096",127
"ERR2357097",129
"ERR2357148",62
"ERR2357150",53
"ERR2357153",40
"ERR2357156",30
"ERR2357161",185
"ERR2357163",73
"ERR2357165",80
"ERR2357168",67
"ERR2357169",101
"ERR2357170",65
"ERR2357171",236
"ERR2357172",105
"ERR2357174",60
"ERR2357176",122
"ERR2357177",86
"ERR2357179",55
"ERR2357181",65
"ERR2357183",80
"ERR2357230",23
"ERR2357231",31
"ERR2357232",65
"ERR2357233",29
"ERR2357234",68
"ERR2357235",47
"ERR2357242",38
"ERR2357243",55
"ERR2357244",63
"ERR2357245",20
"ERR2357246",53
"ERR2357247",44
"ERR2357257",116
"ERR2357259",138
"ERR2357266",95
"ERR2357268",89
"ERR2357269",102
"ERR2357270",140
"ERR2357277",112
"ERR2357278",112
"ERR2357289",30
"ERR2360797",113
"ERR2360798",526
"ERR2360799",440
"ERR2360800",490
"SRR14695973",100
"SRR14695972",181
"SRR14695971",202
"SRR14695970",149
"SRR14695969",206
"SRR14695968",319
"SRR14695966",142
"SRR14695965",152
"SRR14695964",296
"SRR14695963",134
"SRR14695962",203
"SRR14695961",249
"SRR14695960",131
"SRR14695959",146
"SRR14695958",272
"SRR14695957",66
"SRR14696127",192
"SRR14696126",214
"SRR14696125",93
"SRR14696124",209
"SRR14696123",279
"SRR14696122",110
"SRR14696121",173
"SRR14696120",389
"SRR14696119",142
"SRR14696118",214
"SRR14696116",414
"SRR14696115",138
"SRR14696114",245
"SRR14696113",428
"SRR14696112",147
"SRR14696111",232
"SRR14696110",351
"SRR14696109",163
"SRR14696108",195
"SRR14696107",360
"SRR14696105",150
"SRR14696104",167
"SRR14696103",245
"SRR14696102",126
"SRR14696101",170
"SRR14696100",277
"SRR14696099",119
"SRR14696098",248
"SRR14696097",283
"SRR14696096",148
"SRR14696094",249
"SRR14696092",141
"SRR14696091",191
"SRR14696090",174
"SRR14696089",163
"SRR14696088",260
"SRR14696087",209
"SRR14696086",95
"SRR14696085",144
"SRR14696083",132
"SRR14696082",185
"SRR14696081",132
"SRR14696080",164
"SRR14696079",110
"SRR14696078",200
"SRR14696077",107
"SRR14696076",172
"SRR14696075",134
"SRR14696074",179
"SRR14696072",89
"SRR14696071",175
"SRR14696070",117
"SRR14696069",228
"SRR14696068",134
"SRR14696067",272
"SRR14696066",159
"SRR14696065",330
"SRR14696064",139
"SRR14696063",237
"SRR14696061",120
"SRR14696060",210
"SRR14696059",99
"SRR14696058",191
"SRR14696057",127
"SRR14696056",168
"SRR14696055",133
"SRR14696054",220
"SRR14696053",143
"SRR14696052",213
"SRR14696050",131
"SRR14696049",191
"SRR14696048",124
"SRR14696047",216
"SRR23272901",31
"SRR14697973",219
"SRR14697972",223
"SRR14697945",196
"SRR14697563",178
"SRR14697695",238
"SRR14697599",185
"SRR14697774",228
"SRR14697763",233
"SRR14697752",203
"SRR14697658",170
"SRR14697960",200
"SRR14697949",121
"SRR14697882",155
"SRR14697871",159
"SRR14697748",146
"SRR14697737",162
"SRR14697726",182
"SRR14697687",192
"SRR14697564",217
"SRR14697944",185
"SRR14697933",172
"SRR14697922",208
"SRR14697827",211
"SRR14697647",226
"SRR14697636",216
"SRR14697625",168
"SRR14697586",188
"SRR14697575",199
"SRR14697917",234
"SRR14697906",243
"SRR14697895",145
"SRR14697856",194
"SRR14697845",218
"SRR14697834",204
"SRR14697795",219
"SRR14697784",159
"SRR14697717",196
"SRR14697706",188
"SRR14697694",164
"SRR14697609",208
"SRR14697607",195
"SRR14697606",204
"SRR14697605",209
"SRR14697604",213
"SRR14697603",153
"SRR14697602",180
"SRR14697601",200
"SRR14697600",177
"SRR14697598",198
"SRR14697597",188
"SRR14697596",210
"SRR14697595",204
"SRR14697594",216
"SRR14697593",200
"SRR14697592",220
"SRR14697777",221
"SRR14697776",176
"SRR14697775",188
"SRR14697773",207
"SRR14697772",149
"SRR14697771",191
"SRR14697770",211
"SRR14697769",180
"SRR14697768",204
"SRR14697767",237
"SRR14697766",182
"SRR14697765",210
"SRR14697764",213
"SRR14697761",213
"SRR14697760",216
"SRR14697759",144
"SRR14697758",201
"SRR14697757",217
"SRR14697756",105
"SRR14697755",191
"SRR14697754",213
"SRR14697753",163
"SRR14697751",200
"SRR14697750",215
"SRR14697666",195
"SRR14697665",221
"SRR14697664",232
"SRR14697663",169
"SRR14697662",186
"SRR14697661",215
"SRR14697660",68
"SRR14697659",139
"SRR14697657",84
"SRR14697686",123
"SRR14697685",221
"SRR14697684",215
"SRR14697683",139
"SRR14697682",215
"SRR14697681",165
"SRR14697680",175
"SRR14697679",220
"SRR14697678",238
"SRR14697667",140
"SRR14697677",112
"SRR14697676",236
"SRR14697675",259
"SRR14697674",120
"SRR14697673",233
"SRR14697672",263
"SRR14697671",141
"SRR14697670",203
"SRR14697669",250
"SRR14697668",107
"SRR14697935",209
"SRR14697943",134
"SRR14697941",109
"SRR14697940",159
"SRR14697939",178
"SRR14697938",105
"SRR14697937",183
"SRR14697936",234
"SRR14697932",99
"SRR14697931",149
"SRR14697929",113
"SRR14697928",197
"SRR14697927",121
"SRR14697926",197
"SRR14697925",226
"SRR14697924",263
"SRR14697923",153
"SRR14697921",242
"SRR14697920",275
"SRR14697919",129
"SRR14697918",251
"SRR14697833",301
"SRR14697832",110
"SRR14697831",180
"SRR14697830",227
"SRR14697829",154
"SRR14697828",129
"SRR14697826",246
"SRR14697825",126
"SRR14697824",195
"SRR14697823",166
"SRR14697822",131
"SRR14697821",171
"SRR14697820",237
"SRR14697819",99
"SRR14697818",152
"SRR14697817",229
"SRR14697815",109
"SRR14697814",190
"SRR14697813",166
"SRR14697812",132
"SRR14697811",183
"SRR14697810",273
"SRR14697809",149
"SRR14697808",198
"SRR14697807",162
"SRR14697806",152
"SRR14697646",180
"SRR14697645",299
"SRR14697644",95
"SRR14697643",161
"SRR14697642",227
"SRR14697641",121
"SRR14697640",132
"SRR14697639",212
"SRR14697638",128
"SRR14697637",160
"SRR14697634",99
"SRR14697633",157
"SRR14697631",112
"SRR14697630",87
"SRR14697629",207
"SRR14697628",88
"SRR14697627",167
"SRR14697626",195
"SRR14697624",150
"SRR14697623",243
"SRR14697622",257
"SRR14697621",175
"SRR14697620",287
"SRR14697591",253
"SRR14697590",189
"SRR14697589",265
"SRR14697588",265
"SRR14697587",87
"SRR14697585",178
"SRR14697584",222
"SRR14697583",83
"SRR14697582",141
"SRR14697581",222
"SRR14697580",94
"SRR14697579",133
"SRR14697577",106
"SRR14697576",180
"SRR14697573",99
"SRR14697572",143
"SRR14697571",195
"SRR14697570",96
"SRR14697569",144
"SRR14697568",200
"SRR14697656",395
"SRR14697655",180
"SRR14697654",315
"SRR14697649",110
"SRR14697653",301
"SRR14697652",46
"SRR14697651",73
"SRR14697650",66
"SRR14697648",254
"SRR14697970",101
"SRR14697969",273
"SRR14697968",214
"SRR14697967",201
"SRR14697966",337
"SRR14697964",197
"SRR14697963",206
"SRR14697962",360
"SRR14697961",152
"SRR14697959",152
"SRR14697958",186
"SRR14697957",320
"SRR14697956",298
"SRR14697955",183
"SRR14697954",218
"SRR14697953",257
"SRR14697952",128
"SRR14697951",235
"SRR14697950",297
"SRR14697948",170
"SRR14697947",235
"SRR14697946",301
"SRR14697889",150
"SRR14697888",207
"SRR14697887",274
"SRR14697886",92
"SRR14697885",80
"SRR14697884",231
"SRR14697883",162
"SRR14697881",62
"SRR14697880",162
"SRR14697879",245
"SRR14697878",72
"SRR14697877",189
"SRR14697876",105
"SRR14697875",109
"SRR14697874",232
"SRR14697873",90
"SRR14697872",82
"SRR14697870",146
"SRR14697869",196
"SRR14697868",300
"SRR14697867",200
"SRR14697866",175
"SRR14697865",195
"SRR14697864",265
"SRR14697863",199
"SRR14697862",229
"SRR14697749",221
"SRR14697747",128
"SRR14697746",166
"SRR14697745",257
"SRR14697744",98
"SRR14697743",222
"SRR14697742",152
"SRR14697741",102
"SRR14697740",219
"SRR14697739",282
"SRR14697738",108
"SRR14697736",227
"SRR14697735",264
"SRR14697734",81
"SRR14697733",232
"SRR14697731",114
"SRR14697730",83
"SRR14697728",114
"SRR14697727",191
"SRR14697725",125
"SRR14697724",67
"SRR14697723",185
"SRR14697722",122
"SRR14697693",54
"SRR14697692",150
"SRR14697691",118
"SRR14697690",133
"SRR14697689",151
"SRR14697688",157
"SRR14697567",129
"SRR14697566",226
"SRR14697565",229
"SRR14697916",156
"SRR14697915",205
"SRR14697914",216
"SRR14697913",155
"SRR14697912",226
"SRR14697911",171
"SRR14697899",122
"SRR14697910",236
"SRR14697909",315
"SRR14697908",370
"SRR14697907",195
"SRR14697905",312
"SRR14697904",227
"SRR14697903",168
"SRR14697902",253
"SRR14697901",340
"SRR14697900",104
"SRR14697890",197
"SRR14697898",178
"SRR14697896",124
"SRR14697894",140
"SRR14697893",85
"SRR14697892",134
"SRR14697891",210
"SRR14697860",135
"SRR14697859",206
"SRR14697857",117
"SRR14697855",224
"SRR14697852",169
"SRR14697850",242
"SRR14697849",170
"SRR14697848",314
"SRR14697847",282
"SRR14697846",187
"SRR14697844",265
"SRR14697843",391
"SRR14697842",162
"SRR14697841",254
"SRR14697839",105
"SRR14697838",261
"SRR14697836",196
"SRR14697835",257
"SRR14697805",267
"SRR14697804",124
"SRR14697803",252
"SRR14697801",224
"SRR14697800",277
"SRR14697798",249
"SRR14697797",284
"SRR14697796",255
"SRR14697794",242
"SRR14697793",270
"SRR14697792",317
"SRR14697791",215
"SRR14697790",283
"SRR14697789",353
"SRR14697788",211
"SRR14697787",271
"SRR14697786",325
"SRR14697785",134
"SRR14697783",266
"SRR14697782",323
"SRR14697781",168
"SRR14697780",160
"SRR14697779",221
"SRR14697778",109
"SRR14697721",126
"SRR14697720",214
"SRR14697719",125
"SRR14697718",149
"SRR14697716",149
"SRR14697715",96
"SRR14697714",206
"SRR14697713",158
"SRR14697712",237
"SRR14697711",392
"SRR14697710",258
"SRR14697709",274
"SRR14697708",341
"SRR14697707",231
"SRR14697705",274
"SRR14697704",354
"SRR14697703",223
"SRR14697702",269
"SRR14697701",342
"SRR14697700",112
"SRR14697699",147
"SRR14697698",107
"SRR14697697",181
"SRR14697696",133
"SRR14697618",209
"SRR14697617",144
"SRR14697616",166
"SRR14697615",217
"SRR14697614",122
"SRR14697613",166
"SRR14697612",184
"SRR14697611",203
"SRR14697610",221
"SRR14697608",212
"ERR10969095",16
"ERR10028090",270
"ERR10028091",215
"ERR10028092",261
"ERR10028093",311
"ERR10028094",348
"ERR10028095",304
"ERR10028096",254
"ERR10028097",267
"ERR10028098",253
"ERR10028099",243
"ERR2211942",198
"ERR2211944",158
"ERR2211946",161
"ERR2211972",182
"ERR2211977",152
"ERR2211999",168
"ERR2212000",154
"ERR2212008",202
"ERR2212179",162
"ERR2212182",151
"ERR2212185",135
"ERR2212186",181
"ERR2212187",167
"ERR2212190",140
"ERR2212192",152
"ERR2212193",137
"ERR2212194",151
"ERR2212196",203
"ERR2212197",174
"ERR2212198",174
"ERR2212199",196
"ERR2212200",182
"ERR2212203",149
"ERR2212205",189
"ERR2212207",127
"ERR2212209",125
"ERR2212219",197
"ERR2212220",172
"ERR2212222",177
"ERR2212226",207
"ERR2212227",229
"ERR2212229",208
"ERR2212231",167
"ERR2212232",255
"ERR2212234",234
"ERR2212235",247
"ERR2212236",218
"ERR2212238",112
"ERR2212248",175
"ERR2212249",196
"ERR2212250",177
"ERR2212251",158
"ERR2212252",198
"ERR2212253",179
"ERR2212254",155
"ERR2212256",139
"ERR2212258",167
"ERR2212259",156
"ERR2212260",224
"ERR2212262",227
"ERR2212263",229
"ERR2212264",197
"ERR861825",633
"ERR861830",364
"ERR861832",535
"ERR861834",435
"ERR861835",610
"ERR861851",103
"ERR861858",439
"ERR861859",436
"ERR861861",102
"ERR861862",178
"ERR861863",145
"ERR861864",101
"ERR861865",187
"ERR861868",446
"ERR861869",549
"ERR861871",122
"ERR861872",169
"ERR861875",172
"ERR861876",129
"ERR861879",53
"ERR861881",111
"ERR861882",90
"ERR861883",159
"ERR861886",156
"ERR861887",144
"ERR861888",157
"ERR861892",140
"ERR861893",128
"ERR861897",238
"ERR861902",199
"ERR861903",155
"ERR861907",232
"ERR861908",306
"ERR861912",326
"ERR861913",222
"ERR861914",200
"ERR861920",307
"ERR861921",290
"ERR861922",367
"ERR861923",300
"ERR861924",543
"ERR861925",475
"ERR861926",340
"ERR861928",504
"ERR861930",577
"ERR861931",571
"ERR861932",438
"ERR861934",491
"ERR861943",190
"ERR861944",149
"SRR14699053",202
"SRR14699052",314
"SRR14699067",171
"SRR14699060",335
"SRR14699059",379
"SRR14699058",150
"SRR14699057",363
"SRR14699056",369
"SRR14699055",176
"SRR14699054",202
"SRR14699051",338
"SRR14699050",177
"SRR14699075",249
"SRR14699074",266
"SRR14699073",160
"SRR14699072",283
"SRR14699071",289
"SRR14699070",195
"SRR14699069",275
"SRR14699066",306
"SRR14699065",101
"SRR14699064",84
"SRR14699063",232
"SRR14699062",150
"SRR14699061",216
"SRR1026858",40
"SRR1026860",39
"SRR2770345",22
"SRR2770346",36
"SRR2770347",44
"SRR2770348",17
"SRR2770349",38
"SRR2770350",26
"SRR3180319",360
"SRR3180320",352
"SRR3180321",413
"SRR3180322",463
"SRR3180324",238
"SRR3180325",329
"SRR3180326",345
"SRR3180327",614
"SRR3180328",676
"SRR3180329",315
"SRR3180330",306
"SRR3180331",223
"SRR3180332",159
"SRR3180333",222
"SRR3180336",222
"SRR3180337",267
"SRR3180338",595
"SRR3180339",692
"SRR3180340",187
"SRR3180341",226
"SRR3180342",142
"SRR3180343",351
"SRR3180344",467
"SRR3180346",408
"SRR3180348",356
"SRR3180349",337
"SRR3180350",342
"SRR3180351",450
"SRR3180352",539
"SRR3180353",589
"SRR3180354",366
"SRR3180355",519
"SRR3180356",640
"SRR3180357",705
"SRR3180358",252
"SRR3180359",432
"SRR3180360",519
"SRR3180361",696
"SRR3180362",515
"SRR3180363",578
"SRR3180364",511
"SRR3180365",334
"SRR3180366",303
"SRR3180367",433
"SRR3180368",456
"SRR3735256",652
"SRR3735257",558
"SRR3735258",62
"SRR3735259",332
"SRR3735260",402
"SRR3735261",502
"SRR3735262",495
"SRR3735263",397
"SRR3735264",412
"SRR3735266",65
"SRR3735268",49
"SRR3735269",498
"SRR3735270",44
"SRR3735271",42
"SRR3735274",507
"SRR3735276",424
"SRR3735277",221
"SRR3735278",221
"SRR3735279",74
"SRR3735280",537
"SRR3735281",78
"SRR3735283",151
"SRR3735284",266
"SRR3735287",517
"SRR3735288",297
"SRR3735292",168
"SRR3735293",480
"SRR3735294",209
"SRR3735295",95
"SRR3735296",113
"SRR3735298",106
"SRR3735300",221
"SRR3735301",150
"SRR3735302",128
"SRR3735303",255
"SRR3735305",229
"SRR3931293",18
"SRR4237416",162
"SRR4237417",262
"SRR4237418",411
"SRR4237419",670
"SRR4237420",682
"SRR4734633",209
"SRR5313367",14
"SRR5313374",20
"SRR5313376",16
"SRR5313377",7
"SRR5313379",17
"SRR5313380",12
"SRR5313383",19
"SRR5313389",11
"SRR5313391",18
"SRR5313393",13
"SRR5313398",9
"SRR5313401",16
"SRR5313404",19
"SRR5313407",19
"SRR5313408",14
"SRR5313409",10
"SRR5313410",18
"SRR5313413",14
"SRR5313414",15
"SRR5313417",19
"SRR5313419",20
"SRR5313420",17
"SRR5457561",246
"SRR5457562",209
"SRR5457563",248
"SRR5457564",201
"SRR5457565",152
"SRR5457566",195
"SRR5457567",294
"SRR5457568",219
"SRR5457569",222
"SRR5457570",180
"SRR5457571",139
"SRR5457572",164
"SRR5457574",177
"SRR5457575",161
"SRR5457576",146
"SRR5457577",195
"SRR5457578",144
"SRR5457579",171
"SRR5457580",143
"SRR5457581",106
"SRR5457582",156
"SRR5457584",113
"SRR5457585",194
"SRR5457586",186
"SRR5457587",134
"SRR5457588",172
"SRR5457589",191
"SRR5457591",159
"SRR5741923",630
"SRR5741924",366
"SRR5741925",472
"SRR5741926",494
"SRR5741927",416
"SRR5741928",462
"SRR5741929",447
"SRR5741930",501
"SRR5741931",646
"SRR5741932",365
"SRR5746583",636
"SRR5746584",524
"SRR5746585",490
"SRR5746586",537
"SRR5746587",560
"SRR5746588",498
"SRR5746589",525
"SRR5746590",502
"SRR5746591",621
"SRR5746592",640
"SRR5746593",728
"SRR5746594",539
"SRR5746595",726
"SRR5746596",708
"SRR5746597",660
"SRR5746598",606
"SRR5746599",906
"SRR5746600",937
"SRR5746601",878
"SRR5746602",819
"SRR5746603",316
"SRR5746604",483
"SRR5746605",570
"SRR5746606",604
"SRR5746607",753
"SRR5746608",764
"SRR5746609",664
"SRR5746610",663
"SRR5746611",748
"SRR5746612",651
"SRR5746613",796
"SRR5746614",812
"SRR5746615",631
"SRR5746616",661
"SRR5746617",745
"SRR5746618",701
"SRR5746619",711
"SRR5746620",715
"SRR5746621",587
"SRR5746622",611
"SRR5746623",859
"SRR5746624",761
"SRR5746625",646
"SRR5746626",645
"SRR5746627",442
"SRR5746628",615
"SRR5746629",664
"SRR5746630",631
"SRR5746631",745
"SRR5746632",756
"SRR5746633",837
"SRR5746634",941
"SRR5746635",703
"SRR5746636",734
"SRR5746637",664
"SRR5746638",703
"SRR5746639",561
"SRR5746640",842
"SRR5746641",919
"SRR5746642",581
"SRR5746643",262
"SRR5746644",754
"SRR5746645",840
"SRR5746646",772
"SRR5746647",591
"SRR5746648",529
"SRR5746649",630
"SRR5746650",463
"SRR5746651",608
"SRR5746652",592
"SRR5746653",514
"SRR5746654",600
"SRR5746655",545
"SRR5746656",579
"SRR5746657",626
"SRR5746658",639
"SRR5746659",580
"SRR5746660",537
"SRR5746661",573
"SRR5746662",556
"SRR5746663",527
"SRR5746664",558
"SRR5746665",768
"SRR5746666",648
"SRR5746667",673
"SRR5746668",639
"SRR5746669",550
"SRR5746670",546
"SRR5746671",622
"SRR5746672",488
"SRR5746673",624
"SRR5746674",644
"SRR5746675",584
"SRR5746676",592
"SRR5746677",783
"SRR5746678",691
"SRR5746679",722
"SRR5746680",732
"SRR5746681",971
"SRR5746682",1002
"SRR5746683",510
"SRR5746684",595
"SRR5746685",600
"SRR5746686",660
"SRR5746687",658
"SRR5746688",847
"SRR5746689",828
"SRR5746690",759
"SRR5746691",592
"SRR5746692",501
"SRR5746693",690
"SRR5746694",693
"SRR5746695",661
"SRR5746696",711
"SRR5746697",953
"SRR5746698",945
"SRR5746699",901
"SRR5746700",728
"SRR5746701",747
"SRR5746702",776
"SRR5746703",731
"SRR5746704",767
"SRR5746705",912
"SRR5746706",707
"SRR5746707",659
"SRR5746708",662
"SRR5746709",616
"SRR5746710",649
"SRR5746711",789
"SRR5746712",778
"SRR5753738",37
"SRR5753739",55
"SRR5753741",95
"SRR5753742",19
"SRR5753743",57
"SRR5753746",78
"SRR5753747",67
"SRR5753750",65
"SRR5753751",71
"SRR5805417",357
"SRR5805420",360
"SRR5805422",408
"SRR5805425",320
"SRR5805426",393
"SRR5805428",340
"SRR5805433",210
"SRR5805435",236
"SRR5805439",379
"SRR5805440",414
"SRR5805442",363
"SRR5805444",263
"SRR5805453",327
"SRR5805457",277
"SRR5808582",524
"SRR5808583",497
"SRR5808584",373
"SRR5808585",236
"SRR5808586",292
"SRR5808587",189
"SRR5808588",352
"SRR5808589",493
"SRR5808590",268
"SRR5808591",426
"SRR5808592",578
"SRR5808593",538
"SRR5808594",619
"SRR5808595",598
"SRR5808596",583
"SRR5808597",616
"SRR5808598",624
"SRR5808599",624
"SRR5808600",308
"SRR5808601",526
"SRR5808602",531
"SRR5808603",532
"SRR5808604",571
"SRR5808605",361
"SRR5808606",559
"SRR5808607",498
"SRR5808608",564
"SRR5808609",518
"SRR5808610",637
"SRR5808611",637
"SRR5808612",575
"SRR5808613",507
"SRR5808614",544
"SRR5808615",607
"SRR5808616",545
"SRR5808617",601
"SRR5808618",585
"SRR5808619",581
"SRR5837716",43
"SRR5837719",48
"SRR5837721",47
"SRR5837732",50
"SRR5837733",65
"SRR5837734",37
"SRR5837753",46
"SRR5837763",56
"SRR5895973",234
"SRR5895975",327
"SRR5895976",276
"SRR5895984",504
"SRR5895986",469
"SRR5895989",497
"SRR5895994",493
"SRR5895995",481
"SRR5895998",119
"SRR5896005",499
"SRR5896009",468
"SRR5896018",261
"SRR5896019",497
"SRR5896022",284
"SRR5896025",513
"SRR5896030",431
"SRR5896034",98
"SRR5896035",525
"SRR5902373",277
"SRR5902376",479
"SRR5902379",537
"SRR5902389",427
"SRR5902391",394
"SRR5902393",803
"SRR5902394",219
"SRR5902406",307
"SRR5902410",389
"SRR5902413",388
"SRR5902415",539
"SRR5902417",575
"SRR5902424",166
"SRR5902429",540
"SRR5902430",594
"SRR5902442",562
"SRR5902444",571
"SRR5902447",587
"SRR5902449",451
"SRR5902452",597
"SRR5902457",159
"SRR5902459",747
"SRR5902463",598
"SRR5902466",675
"SRR5902467",731
"SRR5902480",158
"SRR5902482",438
"SRR5902485",525
"SRR5902491",477
"SRR5902494",509
"SRR5902499",134
"SRR5902500",90
"SRR5902506",87
"SRR5902511",567
"SRR5902513",529
"SRR5902514",477
"SRR5902521",498
"SRR5902523",70
"SRR5902530",457
"SRR5902533",517
"SRR5902537",456
"SRR5902539",296
"SRR5902542",779
"SRR5902545",188
"SRR5914935",239
"SRR5914936",284
"SRR5914944",243
"SRR5914949",270
"SRR5914953",368
"SRR5914954",490
"SRR5914959",520
"SRR5914960",435
"SRR5914964",415
"SRR5914965",392
"SRR5914966",595
"SRR5914970",445
"SRR5914976",213
"SRR5914978",606
"SRR5914983",418
"SRR5914989",511
"SRR5914992",230
"SRR5914995",711
"SRR5914996",661
"SRR5915001",454
"SRR5915004",652
"SRR5915008",594
"SRR5915013",558
"SRR5915014",439
"SRR5915017",399
"SRR5915019",743
"SRR5915020",533
"SRR5915023",638
"SRR5915028",544
"SRR5915038",34
"SRR5915043",635
"SRR5915046",360
"SRR5915049",166
"SRR5915051",610
"SRR5915054",416
"SRR5915057",463
"SRR5915063",200
"SRR5915068",52
"SRR5915072",664
"SRR5915074",530
"SRR5915077",435
"SRR5915081",334
"SRR5915084",320
"SRR5915086",612
"SRR5915093",354
"SRR5915100",418
"SRR5915101",400
"SRR5915105",368
"SRR5915108",617
"SRR5915111",551
"SRR5915112",618
"SRR5915118",547
"SRR5915124",697
"SRR5915128",477
"SRR5915130",554
"SRR5915133",626
"SRR5915134",537
"SRR5915138",651
"SRR5915139",265
"SRR5915141",463
"SRR5915143",679
"SRR5915144",805
"SRR5915149",312
"SRR5915153",597
"SRR5915157",715
"SRR5915160",676
"SRR5915164",248
"SRR5915166",664
"SRR5915168",248
"SRR5915171",322
"SRR5915173",437
"SRR5915179",718
"SRR5915182",652
"SRR5915186",516
"SRR5915191",367
"SRR5915195",88
"SRR5915198",212
"SRR5915199",217
"SRR5915208",238
"SRR5915211",376
"SRR5915214",310
"SRR5915217",524
"SRR5915220",230
"SRR5915224",664
"SRR5915229",591
"SRR5915235",202
"SRR5915239",291
"SRR5915242",340
"SRR5915244",58
"SRR5915254",194
"SRR5915255",197
"SRR5915257",621
"SRR5915263",240
"SRR5915265",369
"SRR5915268",204
"SRR5915274",458
"SRR5915275",281
"SRR5915277",234
"SRR5915281",216
"SRR5915286",269
"SRR5915289",224
"SRR5915292",269
"SRR5915295",236
"SRR5915296",380
"SRR5915299",166
"SRR5915304",430
"SRR5915305",571
"SRR5915308",689
"SRR5915313",597
"SRR5915316",680
"SRR5915318",197
"SRR5915321",535
"SRR5915325",431
"SRR5915327",178
"SRR5915328",196
"SRR5915338",689
"SRR5915339",328
"SRR5915341",554
"SRR5915342",386
"SRR5915347",366
"SRR5915348",435
"SRR5915353",463
"SRR5915356",275
"SRR5915361",518
"SRR5915362",207
"SRR5915364",233
"SRR5915371",638
"SRR5915375",206
"SRR5915379",207
"SRR5915383",436
"SRR5915384",447
"SRR5915387",422
"SRR5915392",519
"SRR5915395",651
"SRR5915408",519
"SRR5915411",707
"SRR5915412",700
"SRR5915417",740
"SRR5915419",656
"SRR5915422",722
"SRR5915425",517
"SRR5915429",247
"SRR5915432",421
"SRR5915435",431
"SRR5915439",551
"SRR5915442",591
"SRR5915444",442
"SRR5915447",389
"SRR5915451",364
"SRR5915454",347
"SRR5915458",402
"SRR5915459",296
"SRR5915464",235
"SRR5915469",426
"SRR5915472",325
"SRR5915474",310
"SRR5915489",424
"SRR5915492",645
"SRR5915496",680
"SRR5915499",399
"SRR5915504",426
"SRR5915505",448
"SRR5915510",709
"SRR5915511",693
"SRR5915513",666
"SRR5915518",743
"SRR5915524",652
"SRR5915526",644
"SRR5915527",649
"SRR5915532",588
"SRR5915535",552
"SRR5915538",484
"SRR5915542",408
"SRR5915545",422
"SRR5915548",416
"SRR5915551",493
"SRR5915554",524
"SRR5915557",193
"SRR5915560",436
"SRR5915561",363
"SRR5915566",49
"SRR5915574",395
"SRR5915578",474
"SRR5915583",463
"SRR5915584",506
"SRR5915586",639
"SRR5915590",518
"SRR5915594",354
"SRR5915601",394
"SRR5915603",468
"SRR5915605",380
"SRR5915608",470
"SRR5915612",578
"SRR5915618",519
"SRR5915619",558
"SRR5915623",553
"SRR5915634",797
"SRR5915640",661
"SRR5915643",608
"SRR5915645",476
"SRR5915651",534
"SRR5915655",419
"SRR5915661",549
"SRR5915662",796
"SRR5915666",727
"SRR5915668",729
"SRR5915671",479
"SRR5915675",379
"SRR5915679",418
"SRR5915680",425
"SRR5915683",450
"SRR5915688",452
"SRR5915691",464
"SRR5915693",483
"SRR5915697",495
"SRR5915698",437
"SRR5915703",303
"SRR5915706",38
"SRR5915716",333
"SRR5915719",390
"SRR5915722",436
"SRR5915724",468
"SRR5915727",393
"SRR5915730",461
"SRR5915734",426
"SRR5915739",849
"SRR5915742",810
"SRR5915745",749
"SRR5915748",499
"SRR5915752",502
"SRR5915759",314
"SRR5915761",334
"SRR5915762",349
"SRR5915768",757
"SRR5915770",704
"SRR5915771",702
"SRR5915773",724
"SRR5915777",298
"SRR5915781",546
"SRR5915784",513
"SRR5915787",630
"SRR5915788",484
"SRR5915794",644
"SRR5915797",715
"SRR5915799",657
"SRR5915801",240
"SRR5915805",298
"SRR5915809",640
"SRR5915810",439
"SRR5915814",299
"SRR5915820",576
"SRR5915826",500
"SRR5915830",617
"SRR5915836",636
"SRR5915839",615
"SRR5915840",633
"SRR5915848",549
"SRR5915852",781
"SRR5915854",428
"SRR5915858",423
"SRR5915862",420
"SRR5915867",678
"SRR5915871",730
"SRR5915874",743
"SRR5915878",498
"SRR5915879",441
"SRR5915884",434
"SRR5915891",71
"SRR5915899",206
"SRR5915902",298
"SRR5915905",370
"SRR5915914",213
"SRR5915918",408
"SRR5915925",354
"SRR5915927",444
"SRR5916427",597
"SRR5916432",572
"SRR5916436",582
"SRR5916439",610
"SRR5916449",437
"SRR5916450",64
"SRR5916455",281
"SRR5916460",293
"SRR5916467",372
"SRR5916472",363
"SRR5916475",386
"SRR5916480",364
"SRR5916487",289
"SRR5916494",403
"SRR5916502",634
"SRR5916505",640
"SRR5916514",542
"SRR5916517",554
"SRR5916526",952
"SRR5916530",905
"SRR5916533",430
"SRR5916536",305
"SRR5916551",299
"SRR5916552",434
"SRR5916556",355
"SRR5916558",577
"SRR5916564",471
"SRR5916570",696
"SRR5916574",678
"SRR5916580",216
"SRR5916588",149
"SRR5916592",304
"SRR5916596",544
"SRR5916602",522
"SRR5916605",206
"SRR5916612",517
"SRR5916620",628
"SRR5916623",603
"SRR5916631",386
"SRR5916635",410
"SRR5916642",420
"SRR5916646",197
"SRR5916647",343
"SRR5916649",271
"SRR5916655",255
"SRR5916663",326
"SRR5916665",418
"SRR5916669",364
"SRR5916678",356
"SRR5916684",411
"SRR5916694",379
"SRR5916699",403
"SRR5916704",577
"SRR5916709",599
"SRR5916710",613
"SRR5916714",734
"SRR5916715",203
"SRR5916717",349
"SRR5916719",407
"SRR5916724",313
"SRR5916726",685
"SRR5916729",534
"SRR5916734",559
"SRR5916735",271
"SRR5916742",423
"SRR5916744",268
"SRR5916746",558
"SRR5916750",412
"SRR5916754",645
"SRR5916757",544
"SRR5916766",317
"SRR5916770",418
"SRR5916777",478
"SRR5916786",463
"SRR5916789",394
"SRR5916793",374
"SRR5916797",600
"SRR5916805",258
"SRR5916817",385
"SRR5916822",393
"SRR5916825",380
"SRR5916829",379
"SRR5916835",547
"SRR5916839",551
"SRR5916841",531
"SRR5916847",510
"SRR5916849",643
"SRR5916854",484
"SRR5916855",540
"SRR5916857",528
"SRR5916863",596
"SRR5916867",597
"SRR5916869",510
"SRR5916875",403
"SRR5916878",388
"SRR5916881",405
"SRR5916890",663
"SRR5916894",762
"SRR5916902",635
"SRR5916904",725
"SRR5916907",671
"SRR5916913",287
"SRR5916920",476
"SRR5916922",692
"SRR5916931",474
"SRR5916935",311
"SRR5916938",278
"SRR5916945",626
"SRR5916946",279
"SRR5916950",606
"SRR5916954",752
"SRR5916957",266
"SRR5916961",507
"SRR5916962",568
"SRR5916969",638
"SRR5916971",611
"SRR5916975",436
"SRR5916983",751
"SRR5916987",635
"SRR5916989",651
"SRR5916990",306
"SRR5916995",253
"SRR5917000",212
"SRR5917003",311
"SRR5917008",583
"SRR5917013",448
"SRR5917018",406
"SRR5917024",202
"SRR5917029",376
"SRR5917033",382
"SRR5917044",511
"SRR5917049",428
"SRR5917055",654
"SRR5917062",434
"SRR5917068",461
"SRR5917074",678
"SRR5917076",682
"SRR5917080",726
"SRR5917083",576
"SRR5917085",571
"SRR5917093",673
"SRR5917094",523
"SRR5917100",548
"SRR5917110",669
"SRR5917111",675
"SRR5917115",772
"SRR5917125",728
"SRR5917129",762
"SRR5917138",412
"SRR5917141",427
"SRR5917144",565
"SRR5917148",443
"SRR5917152",480
"SRR5917154",341
"SRR5917161",389
"SRR5917165",296
"SRR5917171",292
"SRR5917178",657
"SRR5917181",677
"SRR5917190",743
"SRR5917197",309
"SRR5917201",633
"SRR5917208",415
"SRR5917212",862
"SRR5917216",734
"SRR5917221",328
"SRR5917227",434
"SRR5917243",471
"SRR5917245",415
"SRR5917248",712
"SRR5917250",646
"SRR5917254",682
"SRR5917259",368
"SRR5917261",247
"SRR5917271",585
"SRR5917275",577
"SRR5917282",235
"SRR5917288",287
"SRR5917291",208
"SRR5917294",823
"SRR5917302",296
"SRR5917307",794
"SRR5917310",711
"SRR5917314",758
"SRR5917317",399
"SRR5917323",646
"SRR5917327",762
"SRR5917329",198
"SRR5917333",618
"SRR5917337",641
"SRR5917347",358
"SRR5917351",688
"SRR5917354",868
"SRR5917360",313
"SRR5917363",202
"SRR5917367",325
"SRR5917376",450
"SRR5917380",366
"SRR5917385",383
"SRR5917396",500
"SRR5917403",442
"SRR5917408",402
"SRR5917413",247
"SRR5917418",342
"SRR5917419",551
"SRR5917430",593
"SRR5917435",288
"SRR5917440",773
"SRR5917445",249
"SRR5917449",414
"SRR5917452",607
"SRR5917456",749
"SRR5917459",609
"SRR5917461",299
"SRR5917465",157
"SRR5917466",121
"SRR5917471",548
"SRR5917473",423
"SRR5917476",589
"SRR5917479",734
"SRR5917482",484
"SRR5917484",596
"SRR5917491",582
"SRR5917493",340
"SRR5917498",911
"SRR5917501",573
"SRR5917508",636
"SRR5917517",617
"SRR5917521",471
"SRR5917522",702
"SRR5917524",596
"SRR5917529",640
"SRR5917530",606
"SRR5917533",533
"SRR5917536",218
"SRR5917541",221
"SRR5917545",380
"SRR5917550",641
"SRR5917554",255
"SRR5917558",254
"SRR5917560",274
"SRR5917561",493
"SRR5917563",594
"SRR5917565",608
"SRR5917567",280
"SRR5917570",258
"SRR5917572",315
"SRR5917577",288
"SRR5917578",578
"SRR5917583",502
"SRR5917584",560
"SRR5917586",686
"SRR5917593",723
"SRR5917595",284
"SRR5917597",743
"SRR5917604",720
"SRR5917611",137
"SRR5917613",282
"SRR5917616",375
"SRR5917618",560
"SRR5917621",296
"SRR5917626",519
"SRR5917630",724
"SRR5917631",673
"SRR5917634",745
"SRR5917637",429
"SRR5917641",264
"SRR5917645",726
"SRR5917649",287
"SRR5917653",480
"SRR5917659",694
"SRR5917666",666
"SRR5917668",746
"SRR5917672",613
"SRR5917673",829
"SRR5917675",493
"SRR5917679",637
"SRR5917684",642
"SRR5917687",320
"SRR5917694",573
"SRR5917695",625
"SRR5917697",645
"SRR5917702",646
"SRR5917707",385
"SRR5917709",589
"SRR5917710",733
"SRR5917712",529
"SRR5917715",592
"SRR5917718",621
"SRR5917723",399
"SRR5917726",245
"SRR5917727",506
"SRR5917732",809
"SRR5917733",273
"SRR5917737",597
"SRR5917740",505
"SRR5917743",632
"SRR5917745",586
"SRR5917748",628
"SRR5917753",888
"SRR5917758",665
"SRR5917759",656
"SRR5917764",416
"SRR5917765",797
"SRR5917767",730
"SRR5917770",646
"SRR5917773",582
"SRR5917777",767
"SRR5917779",424
"SRR5917782",597
"SRR5917784",635
"SRR5917789",177
"SRR5917791",634
"SRR5917794",523
"SRR5917796",739
"SRR5917799",614
"SRR5917802",595
"SRR5917805",703
"SRR5917807",524
"SRR5917810",624
"SRR5917811",430
"SRR5917814",662
"SRR5917817",604
"SRR5917823",764
"SRR5917826",668
"SRR5917829",645
"SRR5917833",612
"SRR5917838",573
"SRR5917840",375
"SRR5917841",565
"SRR5917845",230
"SRR5917849",347
"SRR5917854",548
"SRR5917855",570
"SRR5917860",692
"SRR5917862",590
"SRR5917863",583
"SRR5917865",416
"SRR5917871",185
"SRR5917872",882
"SRR5917876",574
"SRR5917880",651
"SRR5917883",431
"SRR5917886",741
"SRR5918399",797
"SRR5918403",747
"SRR5918405",639
"SRR5918409",720
"SRR5918413",592
"SRR5918416",441
"SRR5918420",679
"SRR5918424",529
"SRR5918428",724
"SRR5918432",559
"SRR5918435",481
"SRR5918437",393
"SRR5918441",742
"SRR5918447",481
"SRR5918451",564
"SRR5918457",735
"SRR5918461",690
"SRR5918464",984
"SRR5918468",930
"SRR5918475",641
"SRR5918479",531
"SRR5918492",842
"SRR5918496",620
"SRR5918499",535
"SRR5918503",767
"SRR5918510",287
"SRR5918513",768
"SRR5918518",326
"SRR5918519",660
"SRR5918521",871
"SRR5918525",739
"SRR5918532",222
"SRR5918536",115
"SRR5918540",627
"SRR5918544",662
"SRR5918546",612
"SRR5918551",244
"SRR5918555",369
"SRR5918562",487
"SRR5918566",770
"SRR5918567",749
"SRR5918571",792
"SRR5918577",653
"SRR5918581",518
"SRR5918585",925
"SRR5918587",821
"SRR5918590",701
"SRR5918591",616
"SRR5918598",687
"SRR5918602",871
"SRR5918606",698
"SRR5918610",751
"SRR5918612",649
"SRR5918614",973
"SRR5918616",583
"SRR5918620",685
"SRR5918624",721
"SRR5918628",887
"SRR5918636",151
"SRR5918640",100
"SRR5918644",261
"SRR5918647",577
"SRR5918652",608
"SRR5918656",441
"SRR5918672",476
"SRR5918676",473
"SRR5918680",518
"SRR5918695",754
"SRR5918699",418
"SRR5918705",781
"SRR5918709",624
"SRR5918715",664
"SRR5918719",338
"SRR5918727",453
"SRR5918728",725
"SRR5918732",742
"SRR5918738",775
"SRR5918742",709
"SRR5918760",262
"SRR5918762",661
"SRR5918766",357
"SRR5918771",574
"SRR5918775",636
"SRR5918779",358
"SRR5918782",737
"SRR5918786",751
"SRR5918788",797
"SRR5918792",236
"SRR5918794",205
"SRR5918801",223
"SRR5918807",719
"SRR5918826",681
"SRR5918828",573
"SRR5918832",598
"SRR5918836",686
"SRR5918840",616
"SRR5918844",648
"SRR5918847",581
"SRR5918848",376
"SRR5918851",602
"SRR5918871",635
"SRR5918875",337
"SRR5918879",676
"SRR5918881",468
"SRR5918885",367
"SRR5924456",359
"SRR5924460",377
"SRR5924464",357
"SRR5924468",593
"SRR5924472",635
"SRR5924474",486
"SRR5924476",632
"SRR5924479",615
"SRR5924482",621
"SRR5924486",551
"SRR5924487",398
"SRR5924492",530
"SRR5924496",671
"SRR5924498",531
"SRR5924503",137
"SRR5924505",198
"SRR5924507",183
"SRR5924509",376
"SRR5924513",632
"SRR5924516",401
"SRR5924522",444
"SRR5924523",437
"SRR5924528",423
"SRR5924531",412
"SRR5924535",540
"SRR5924537",593
"SRR5924543",616
"SRR5924546",426
"SRR5924547",456
"SRR5924550",199
"SRR5924555",576
"SRR5924557",552
"SRR5924560",446
"SRR5924564",380
"SRR5924565",446
"SRR5924572",443
"SRR5924575",298
"SRR5924577",216
"SRR5924582",345
"SRR5924587",353
"SRR5924591",330
"SRR5924593",571
"SRR5924597",558
"SRR5924602",545
"SRR5924603",526
"SRR5924606",514
"SRR5924607",467
"SRR5924612",504
"SRR5924613",686
"SRR5924617",383
"SRR5924622",476
"SRR5924626",394
"SRR5924628",292
"SRR5924629",308
"SRR5924631",565
"SRR5924638",202
"SRR5924645",538
"SRR5924646",547
"SRR5924652",376
"SRR5924654",360
"SRR5924661",370
"SRR5924665",408
"SRR5924668",469
"SRR5924673",271
"SRR5924677",535
"SRR5924680",559
"SRR5924683",428
"SRR5924686",465
"SRR5924690",194
"SRR5924693",123
"SRR5924697",414
"SRR5924701",538
"SRR5924705",615
"SRR5924711",585
"SRR5924715",524
"SRR5924718",538
"SRR5924725",424
"SRR5924726",656
"SRR5924731",475
"SRR5924734",325
"SRR5924737",570
"SRR5924741",562
"SRR5924742",569
"SRR5924747",545
"SRR5924753",171
"SRR5924759",360
"SRR5924765",594
"SRR5924766",503
"SRR5924770",540
"SRR5924775",350
"SRR5924779",438
"SRR5924783",387
"SRR5924785",370
"SRR5924786",468
"SRR5924788",410
"SRR5924792",495
"SRR5924797",417
"SRR5924799",353
"SRR5924801",382
"SRR5924804",409
"SRR5924810",378
"SRR5924815",446
"SRR5924820",505
"SRR5924824",357
"SRR5924831",596
"SRR5924834",509
"SRR5924839",497
"SRR5924840",520
"SRR5924845",576
"SRR5924849",596
"SRR5924852",279
"SRR5924857",424
"SRR5924860",623
"SRR5924864",531
"SRR5924868",435
"SRR5924874",475
"SRR5924878",411
"SRR5924881",596
"SRR5924884",589
"SRR5924888",358
"SRR5924891",68
"SRR5924896",357
"SRR5924900",350
"SRR5924904",427
"SRR5924908",379
"SRR5924909",380
"SRR5924913",453
"SRR5924916",344
"SRR5924920",483
"SRR5924927",156
"SRR5924930",281
"SRR5924932",362
"SRR5924937",431
"SRR5924939",331
"SRR5924942",45
"SRR5924946",139
"SRR5924952",443
"SRR6400809",541
"SRR6400810",415
"SRR6400811",915
"SRR6400812",859
"SRR6400813",388
"SRR6400814",477
"SRR6400815",292
"SRR6400816",82
"SRR6400817",522
"SRR6400818",567
"SRR6400819",85
"SRR6400820",275
"SRR6400824",65
"SRR6400827",103
"SRR6400828",587
"SRR6400829",733
"SRR6400830",448
"SRR6400834",38
"SRR6400835",690
"SRR6400837",690
"SRR6400838",136
"SRR6400839",722
"SRR6400840",187
"SRR6400841",374
"SRR6400842",385
"SRR6400843",460
"SRR6400845",86
"SRR6400846",446
"SRR6400847",217
"SRR6400848",318
"SRR6400849",421
"SRR6400850",182
"SRR6400852",154
"SRR6400853",256
"SRR6400854",438
"SRR6400855",379
"SRR6400856",857
"SRR6400857",658
"SRR6400859",48
"SRR6400860",51
"SRR6400862",636
"SRR6400867",848
"SRR6400868",837
"SRR6400870",716
"SRR6400874",706
"SRR6400875",99
"SRR6400876",178
"SRR6400877",654
"SRR6400878",187
"SRR6400879",774
"SRR6400882",747
"SRR6400883",145
"SRR6400884",111
"SRR6400886",673
"SRR6400887",503
"SRR6400889",628
"SRR6400891",520
"SRR6400892",501
"SRR6400893",373
"SRR6400897",840
"SRR6400898",814
"SRR6400900",840
"SRR6400905",845
"SRR6400906",878
"SRR6400909",501
"SRR6400913",100
"SRR6400914",51
"SRR6400915",666
"SRR6400916",429
"SRR6400918",303
"SRR6400919",636
"SRR6400920",48
"SRR6400921",577
"SRR6400922",427
"SRR6400923",54
"SRR6400924",421
"SRR6400926",102
"SRR6400927",254
"SRR6400928",49
"SRR6400929",636
"SRR6400930",51
"SRR6400931",600
"SRR6400932",514
"SRR6400933",47
"SRR6400934",570
"SRR6400935",70
"SRR6400937",311
"SRR6400939",368
"SRR6400940",365
"SRR6400941",60
"SRR6400942",50
"SRR6400943",323
"SRR6400944",120
"SRR6400946",626
"SRR6400947",136
"SRR6400948",130
"SRR6400949",661
"SRR6400950",395
"SRR6400951",144
"SRR6400952",579
"SRR6400953",509
"SRR6400955",475
"SRR6400956",683
"SRR6400957",773
"SRR6400960",187
"SRR6400961",762
"SRR6400966",739
"SRR6400967",806
"SRR6400971",54
"SRR6400972",110
"SRR6400974",106
"SRR6400976",956
"SRR6400977",1029
"SRR6400981",517
"SRR6400982",211
"SRR6400983",357
"SRR6400984",123
"SRR6400986",456
"SRR6400987",469
"SRR6400991",54
"SRR6400992",54
"SRR6400996",671
"SRR6401001",42
"SRR6401002",110
"SRR6401005",461
"SRR6401007",460
"SRR6401008",415
"SRR6401010",880
"SRR6401011",290
"SRR6401012",692
"SRR6401013",650
"SRR6401014",474
"SRR6401015",424
"SRR6401016",351
"SRR6401017",148
"SRR6401019",251
"SRR6401020",735
"SRR6401021",743
"SRR6401023",48
"SRR6401024",553
"SRR6401025",609
"SRR6401030",65
"SRR6401034",817
"SRR6401035",828
"SRR6401036",832
"SRR6401037",852
"SRR6401038",57
"SRR6401039",78
"SRR6401040",819
"SRR6401041",782
"SRR6401043",81
"SRR6401045",112
"SRR6401046",314
"SRR6401051",715
"SRR6401052",420
"SRR6401053",445
"SRR6401054",144
"SRR6401055",190
"SRR6401056",515
"SRR6401057",611
"SRR6401058",344
"SRR6401059",499
"SRR6401060",68
"SRR6401061",456
"SRR6401062",386
"SRR6401063",112
"SRR6401064",700
"SRR6401065",75
"SRR6401066",98
"SRR6401067",54
"SRR6401068",68
"SRR6401071",651
"SRR6401072",661
"SRR6401074",889
"SRR6401075",792
"SRR6401076",215
"SRR6401077",394
"SRR6401078",94
"SRR6401079",176
"SRR6401080",865
"SRR6401081",768
"SRR6401084",753
"SRR6401085",757
"SRR6401090",786
"SRR6401091",755
"SRR6401094",701
"SRR6401095",655
"SRR6401096",155
"SRR6401097",133
"SRR6401098",192
"SRR6401099",308
"SRR6401100",665
"SRR6401101",688
"SRR6401102",170
"SRR6401103",352
"SRR6401104",487
"SRR6401105",377
"SRR6401106",375
"SRR6401107",113
"SRR6401108",337
"SRR6401110",92
"SRR6401111",359
"SRR6401112",96
"SRR6401113",387
"SRR6401114",195
"SRR6401117",44
"SRR6401118",727
"SRR6401119",620
"SRR6401120",77
"SRR6401124",40
"SRR6401125",176
"SRR6401126",282
"SRR6401127",413
"SRR6401128",602
"SRR6401129",140
"SRR6401130",497
"SRR6401131",392
"SRR6401132",289
"SRR6401133",691
"SRR6401134",479
"SRR6401135",693
"SRR6401138",926
"SRR6401139",61
"SRR6401140",812
"SRR6401143",657
"SRR6401146",361
"SRR6401147",406
"SRR6401148",601
"SRR6401149",498
"SRR6401150",86
"SRR6401151",766
"SRR6401152",297
"SRR6401153",269
"SRR6401154",366
"SRR6401155",52
"SRR6401156",43
"SRR6401157",532
"SRR6401158",481
"SRR6401159",62
"SRR6401160",58
"SRR6401161",93
"SRR6401165",458
"SRR6401166",577
"SRR6401167",332
"SRR6401168",662
"SRR6401169",894
"SRR6401170",807
"SRR6401171",54
"SRR6401172",82
"SRR6401173",779
"SRR6401174",870
"SRR6401175",133
"SRR6401177",515
"SRR6401178",720
"SRR6401179",606
"SRR6401180",693
"SRR6401181",166
"SRR6401182",206
"SRR6401183",725
"SRR6401184",700
"SRR6401187",231
"SRR6401188",617
"SRR6401189",57
"SRR6401191",689
"SRR6401192",597
"SRR6401194",470
"SRR6401195",473
"SRR6401196",478
"SRR6401197",471
"SRR6401198",666
"SRR6401199",465
"SRR6401200",105
"SRR6401201",278
"SRR6401202",450
"SRR6401207",77
"SRR6401209",708
"SRR6401210",774
"SRR6401211",772
"SRR6401212",897
"SRR6401215",684
"SRR6401216",794
"SRR6401219",39
"SRR6401227",46
"SRR6401229",566
"SRR6401230",414
"SRR6401231",725
"SRR6401232",713
"SRR6401233",813
"SRR6401234",782
"SRR6401235",575
"SRR6401236",793
"SRR6401237",251
"SRR6401238",421
"SRR6401239",753
"SRR6401240",193
"SRR6401241",75
"SRR6401242",856
"SRR6401245",107
"SRR6401246",508
"SRR6401247",235
"SRR6401248",437
"SRR6401249",601
"SRR6401250",48
"SRR6401251",617
"SRR6401252",562
"SRR6401253",545
"SRR6401254",573
"SRR6401259",693
"SRR6401260",453
"SRR6401261",318
"SRR6401262",469
"SRR6401266",113
"SRR6401267",462
"SRR6401268",42
"SRR6401269",260
"SRR6401270",469
"SRR6401271",107
"SRR6401272",65
"SRR6401273",481
"SRR6401274",57
"SRR6401276",756
"SRR6401279",508
"SRR6401282",798
"SRR6401285",947
"SRR6401287",670
"SRR6401294",638
"SRR6401295",434
"SRR6401296",154
"SRR6401298",424
"SRR6401299",610
"SRR6401301",557
"SRR6401302",141
"SRR6401304",430
"SRR6401305",302
"SRR6401306",283
"SRR6401335",75
"SRR6401337",28
"SRR6401339",164
"SRR6401341",143
"SRR6401343",61
"SRR6401353",112
"SRR6401358",257
"SRR6401375",285
"SRR6401376",216
"SRR6401377",382
"SRR6401378",560
"SRR6401379",249
"SRR6401382",262
"SRR6401383",442
"SRR6401384",263
"SRR6401388",210
"SRR6401443",305
"SRR6401444",514
"SRR6401445",84
"SRR6401446",351
"SRR6401448",154
"SRR6401449",277
"SRR6401450",545
"SRR6401451",383
"SRR6401463",378
"SRR6401464",515
"SRR6401465",454
"SRR6401466",281
"SRR6401467",177
"SRR6401468",312
"SRR6401469",347
"SRR6401470",387
"SRR6401471",504
"SRR6401472",346
"SRR6401473",65
"SRR6401474",107
"SRR6401479",251
"SRR6401481",78
"SRR6401482",120
"SRR6401483",197
"SRR6401485",267
"SRR6401487",161
"SRR6401489",258
"SRR6401491",237
"SRR6401493",148
"SRR6401495",296
"SRR6401497",330
"SRR6401499",347
"SRR6401528",268
"SRR6401529",277
"SRR6401530",145
"SRR6401531",241
"SRR6401532",129
"SRR6401534",215
"SRR6401535",75
"SRR6401536",288
"SRR6401564",237
"SRR6401596",113
"SRR6401598",243
"SRR6401600",242
"SRR6401602",164
"SRR6401604",168
"SRR6401605",111
"SRR6401608",341
"SRR6401613",321
"SRR6401637",292
"SRR6401638",102
"SRR6401639",71
"SRR6401640",153
"SRR6401641",156
"SRR6401643",164
"SRR6401645",53
"SRR6401646",190
"SRR6401669",292
"SRR6401680",314
"SRR6401682",281
"SRR6401697",51
"SRR6401699",203
"SRR6401704",103
"SRR6401719",96
"SRR6401732",215
"SRR6401736",252
"SRR6401742",252
"SRR6401744",335
"SRR6401746",377
"SRR6401748",376
"SRR6401750",389
"SRR6401773",286
"SRR6401775",372
"SRR6401776",209
"SRR6401777",258
"SRR6401778",283
"SRR6401780",359
"SRR6401781",373
"SRR6401782",202
"SRR6401783",268
"SRR6401784",203
"SRR6401785",233
"SRR6401790",155
"SRR6401791",92
"SRR6471204",138
"SRR6471205",169
"SRR6471206",185
"SRR6471207",172
"SRR6471208",133
"SRR6471209",140
"SRR6471210",277
"SRR6471211",213
"SRR6471212",207
"SRR6471213",219
"SRR6471214",178
"SRR6471215",332
"SRR6471244",341
"SRR6471245",213
"SRR6471246",289
"SRR6471248",293
"SRR6471249",230
"SRR6471250",134
"SRR6471251",145
"SRR6471252",585
"SRR6471253",461
"SRR6471256",72
"SRR6471257",59
"SRR6471259",577
"SRR6471270",459
"SRR6471272",726
"SRR6471273",622
"SRR6471274",567
"SRR6471275",106
"SRR6471276",388
"SRR6471277",593
"SRR6471278",333
"SRR6471279",168
"SRR6471290",181
"SRR6471291",164
"SRR6471292",104
"SRR6471293",127
"SRR6471294",164
"SRR6471295",146
"SRR6471296",99
"SRR6471297",64
"SRR6471299",29
"SRR6471301",456
"SRR6471302",709
"SRR6471304",34
"SRR6471307",658
"SRR6471308",930
"SRR6471309",643
"SRR6471310",499
"SRR6471311",268
"SRR6471312",254
"SRR6471313",226
"SRR6471314",452
"SRR6471315",352
"SRR6471316",325
"SRR6471317",150
"SRR6471318",69
"SRR6471319",594
"SRR6471320",364
"SRR6471321",282
"SRR6471324",833
"SRR6471325",71
"SRR6471326",221
"SRR6471330",303
"SRR6471338",252
"SRR6471341",533
"SRR6471342",357
"SRR6471343",590
"SRR6471344",94
"SRR6471345",681
"SRR6471346",332
"SRR6471351",406
"SRR6471352",377
"SRR6471353",363
"SRR6471354",201
"SRR6471355",122
"SRR6471376",276
"SRR6471377",619
"SRR6471378",753
"SRR6471381",110
"SRR6471390",121
"SRR6471391",407
"SRR6471395",202
"SRR6471396",33
"SRR6471397",66
"SRR6471398",149
"SRR6471400",67
"SRR6471402",789
"SRR6471403",197
"SRR6471405",525
"SRR6471407",256
"SRR6471408",785
"SRR6471409",367
"SRR6471410",108
"SRR6471411",181
"SRR6471412",278
"SRR6471417",649
"SRR6471418",475
"SRR6471421",217
"SRR6471429",312
"SRR6471430",218
"SRR6471431",786
"SRR6471432",149
"SRR6471433",521
"SRR6471435",394
"SRR6471436",734
"SRR6471437",144
"SRR6471438",380
"SRR6471449",335
"SRR6471451",539
"SRR6471452",355
"SRR6471453",636
"SRR6471454",680
"SRR6471455",133
"SRR6471456",634
"SRR6471457",401
"SRR6471460",94
"SRR6471461",171
"SRR6471462",466
"SRR6471464",719
"SRR6471466",436
"SRR6471473",226
"SRR6471474",259
"SRR6471475",226
"SRR6471476",246
"SRR6471479",259
"SRR6471480",369
"SRR6471481",160
"SRR6471503",762
"SRR6471504",427
"SRR6471505",411
"SRR6471506",674
"SRR6471508",415
"SRR6471511",675
"SRR6471512",579
"SRR6471513",508
"SRR6471514",157
"SRR6471515",280
"SRR6471516",309
"SRR6471517",415
"SRR6471518",585
"SRR6471523",70
"SRR6471525",644
"SRR6471526",269
"SRR6471527",298
"SRR6471528",372
"SRR6471530",195
"SRR6471531",522
"SRR6471532",502
"SRR6471533",404
"SRR6471534",754
"SRR6471535",621
"SRR6471536",242
"SRR6471537",686
"SRR6471554",787
"SRR6471555",546
"SRR6471556",98
"SRR6471557",719
"SRR6471558",405
"SRR6471559",261
"SRR6471560",865
"SRR6471561",409
"SRR6471563",744
"SRR6471568",847
"SRR6471569",613
"SRR6471570",113
"SRR6471571",176
"SRR6471574",838
"SRR6471575",106
"SRR6471576",786
"SRR6471577",109
"SRR6471578",495
"SRR6471579",661
"SRR6471580",377
"SRR6656729",90
"SRR6656730",271
"SRR6656731",269
"SRR6656732",117
"SRR6656734",263
"SRR6656735",155
"SRR6656737",151
"SRR6656738",178
"SRR6656740",258
"SRR6656741",206
"SRR6656742",155
"SRR6656744",187
"SRR6656745",198
"SRR6656746",162
"SRR6656747",208
"SRR6656748",150
"SRR6656749",162
"SRR6656750",150
"SRR6656751",178
"SRR6656753",231
"SRR6656754",400
"SRR6656755",325
"SRR6656756",307
"SRR6656757",187
"SRR6656758",199
"SRR6656759",235
"SRR6656760",314
"SRR6656761",295
"SRR6656762",148
"SRR6656763",188
"SRR6656764",160
"SRR6656765",121
"SRR6656766",155
"SRR6656767",151
"SRR6656769",143
"SRR6656770",160
"SRR6656771",78
"SRR6656773",304
"SRR6656774",174
"SRR6656775",177
"SRR6656776",197
"SRR6656777",170
"SRR6656778",202
"SRR6656779",181
"SRR6656780",214
"SRR6656781",301
"SRR6656782",282
"SRR6656783",262
"SRR6656784",220
"SRR6656785",217
"SRR6656786",262
"SRR6656787",275
"SRR6656788",242
"SRR6656789",286
"SRR6656790",332
"SRR6656791",370
"SRR6656792",245
"SRR6656793",371
"SRR6656794",140
"SRR6656795",269
"SRR6656856",193
"SRR6656857",129
"SRR6656858",210
"SRR6656859",223
"SRR6656861",178
"SRR6656863",211
"SRR6656864",273
"SRR6656865",223
"SRR6656866",257
"SRR6656867",308
"SRR6656868",222
"SRR6656869",361
"SRR6656870",331
"SRR6656871",311
"SRR6656872",383
"SRR6656874",179
"SRR6656876",150
"SRR6656877",171
"SRR6656878",179
"SRR6656879",156
"SRR6656880",146
"SRR6656881",164
"SRR6656882",149
"SRR6656883",162
"SRR6656884",299
"SRR6656885",185
"SRR6656886",187
"SRR6656887",99
"SRR6656888",270
"SRR6656889",254
"SRR6656890",263
"SRR6656892",207
"SRR6656893",218
"SRR6656894",265
"SRR6656895",216
"SRR6656896",189
"SRR6656897",236
"SRR6656898",235
"SRR6656899",198
"SRR6656900",176
"SRR6656901",204
"SRR6656902",194
"SRR6656903",189
"SRR6656904",170
"SRR6656905",194
"SRR6656906",168
"SRR6656907",165
"SRR6656908",160
"SRR6656909",197
"SRR6656910",197
"SRR6656911",275
"SRR6656912",277
"SRR7033298",651
"SRR7033300",642
"SRR7033302",706
"SRR7033312",402
"SRR7033320",709
"SRR7033321",645
"SRR7033323",192
"SRR7033325",528
"SRR7033327",494
"SRR7033329",392
"SRR7033342",132
"SRR7033356",389
"SRR7033358",316
"SRR7033360",219
"SRR7033362",803
"SRR7033364",153
"SRR7033366",495
"SRR7033370",72
"SRR7033372",60
"SRR7033397",101
"SRR7033399",351
"SRR7033401",659
"SRR7033403",500
"SRR7033407",475
"SRR7033446",359
"SRR7033448",344
"SRR7033450",478
"SRR7033452",546
"SRR7033454",167
"SRR7033458",142
"SRR7033460",720
"SRR7033462",516
"SRR7033464",371
"SRR7033466",669
"SRR7033470",94
"SRR7033477",807
"SRR7033479",112
"SRR7033481",181
"SRR7033509",374
"SRR7033512",314
"SRR7033514",216
"SRR7033516",771
"SRR7033518",107
"SRR7033520",587
"SRR7033522",458
"SRR7033523",577
"SRR7033525",509
"SRR7033527",155
"SRR7033542",664
"SRR7033559",852
"SRR7033561",613
"SRR7033576",349
"SRR7033578",581
"SRR7033582",529
"SRR7033584",253
"SRR7033586",768
"SRR7033588",552
"SRR7033590",97
"SRR7033592",704
"SRR7033594",253
"SRR7033600",639
"SRR7033604",114
"SRR7033605",524
"SRR7033609",255
"SRR7033611",790
"SRR7033613",186
"SRR7033638",429
"SRR7033646",95
"SRR7033647",107
"SRR7033649",190
"SRR7033651",288
"SRR7033653",367
"SRR7033656",354
"SRR7033658",288
"SRR7033664",600
"SRR7033666",418
"SRR7033668",602
"SRR7033670",463
"SRR7033672",215
"SRR7033673",419
"SRR7033687",413
"SRR7033689",395
"SRR7033691",755
"SRR7033693",865
"SRR7033698",462
"SRR7033700",727
"SRR7033704",34
"SRR7033716",845
"SRR7033718",68
"SRR7033720",322
"SRR7033722",148
"SRR7033724",66
"SRR7033729",698
"SRR7033731",779
"SRR7033733",365
"SRR7033735",254
"SRR7033737",303
"SRR7033747",567
"SRR7033763",684
"SRR7033765",925
"SRR7033767",655
"SRR7033770",333
"SRR7033774",493
"SRR7033776",413
"SRR7033777",488
"SRR7033779",415
"SRR7033786",453
"SRR7033788",536
"SRR7033789",416
"SRR7033794",341
"SRR7033795",444
"SRR7033796",421
"SRR7033799",389
"SRR7033802",391
"SRR7033805",355
"SRR7033808",587
"SRR7033811",586
"SRR7033814",340
"SRR7033816",617
"SRR7033819",663
"SRR7033821",588
"SRR7033824",502
"SRR7033827",661
"SRR7033830",653
"SRR7033832",663
"SRR7033835",490
"SRR7033837",227
"SRR7033838",475
"SRR7033841",555
"SRR7033844",580
"SRR7033846",468
"SRR7033849",608
"SRR7033853",530
"SRR7033858",473
"SRR7033859",497
"SRR7033862",595
"SRR7033865",389
"SRR7033870",450
"SRR7033877",615
"SRR7033879",552
"SRR7033880",617
"SRR7033882",732
"SRR7033886",342
"SRR7033889",363
"SRR7033893",476
"SRR7033894",469
"SRR7033902",492
"SRR7033911",481
"SRR7033913",465
"SRR7033916",448
"SRR7033919",596
"SRR7033925",439
"SRR7033933",493
"SRR7033934",575
"SRR7033936",241
"SRR7033941",640
"SRR7033942",614
"SRR7033947",586
"SRR7033948",573
"SRR7033952",347
"SRR7033957",267
"SRR7033958",406
"SRR7033961",398
"SRR7033962",600
"SRR7033968",435
"SRR7033969",729
"SRR7033971",558
"SRR7033975",563
"SRR7033980",358
"SRR7033983",289
"SRR7033988",246
"SRR7033994",341
"SRR7033997",459
"SRR7034004",493
"SRR7034005",552
"SRR7034008",446
"SRR7034013",413
"SRR7034015",439
"SRR7034018",508
"SRR7034019",368
"SRR7034024",421
"SRR7034025",646
"SRR7034027",442
"SRR7034029",509
"SRR7034036",467
"SRR7034039",629
"SRR7034042",168
"SRR7034045",250
"SRR7034051",366
"SRR7034052",328
"SRR7034054",388
"SRR7034061",469
"SRR7034062",453
"SRR7034067",423
"SRR7034068",580
"SRR7034072",354
"SRR7034074",383
"SRR7034081",397
"SRR7034082",305
"SRR7034084",642
"SRR7034089",557
"SRR7034094",460
"SRR7034096",516
"SRR7034098",413
"SRR7034105",266
"SRR7034107",377
"SRR7034111",485
"SRR7034112",452
"SRR7034117",462
"SRR7034119",344
"SRR7034122",492
"SRR7034125",621
"SRR7034129",490
"SRR7034134",454
"SRR7034136",613
"SRR7034139",543
"SRR7034140",596
"SRR7034145",554
"SRR7034146",534
"SRR7034147",499
"SRR7034150",370
"SRR7034155",428
"SRR7034157",608
"SRR7034160",523
"SRR7034163",587
"SRR7034168",649
"SRR7034170",596
"SRR7034173",582
"SRR7034176",609
"SRR7034178",401
"SRR7034181",396
"SRR7034182",549
"SRR7034185",590
"SRR7034187",514
"SRR7034194",533
"SRR7034197",536
"SRR7034199",375
"SRR7034204",444
"SRR7034206",686
"SRR7034209",734
"SRR7034211",595
"SRR7034217",415
"SRR7034218",411
"SRR7034222",424
"SRR7034227",638
"SRR7034228",652
"SRR7034232",577
"SRR7034235",462
"SRR7034239",562
"SRR7034242",577
"SRR7034244",484
"SRR7034247",450
"SRR7034249",414
"SRR7034252",373
"SRR7034254",545
"SRR7034257",598
"SRR7034260",595
"SRR7034263",622
"SRR7034264",696
"SRR7034265",406
"SRR7034283",484
"SRR7034285",513
"SRR7034286",255
"SRR7034288",413
"SRR7034297",442
"SRR7034303",203
"SRR7034310",234
"SRR7034312",219
"SRR7034313",261
"SRR7034318",271
"SRR7034324",127
"SRR7034327",529
"SRR7034329",451
"SRR7034333",431
"SRR7034336",351
"SRR7034337",437
"SRR7034342",437
"SRR7034345",458
"SRR7034348",615
"SRR7034356",325
"SRR7034361",333
"SRR7034364",291
"SRR7034367",512
"SRR7034372",447
"SRR7034373",383
"SRR7034378",344
"SRR7034381",362
"SRR7034384",365
"SRR7034402",393
"SRR7034405",413
"SRR7034407",381
"SRR7034411",387
"SRR7034415",426
"SRR7034416",404
"SRR7034420",407
"SRR7034425",709
"SRR7034430",652
"SRR7034431",701
"SRR7034435",263
"SRR7034447",351
"SRR7034454",418
"SRR7034457",346
"SRR7034460",389
"SRR7034462",453
"SRR7034468",359
"SRR7034472",614
"SRR7034474",92
"SRR7034477",576
"SRR7034479",407
"SRR7034480",409
"SRR7034482",438
"SRR7034485",386
"SRR7034488",479
"SRR7034494",217
"SRR7034496",240
"SRR7034499",266
"SRR7034502",323
"SRR7034506",562
"SRR7034509",595
"SRR7034512",520
"SRR7034524",542
"SRR7034526",99
"SRR7034537",247
"SRR7034539",239
"SRR7034542",274
"SRR7034545",361
"SRR7034548",495
"SRR7034556",600
"SRR7034558",579
"SRR7034565",461
"SRR7034568",310
"SRR7034570",350
"SRR7034571",296
"SRR7034575",373
"SRR7034597",392
"SRR7034602",256
"SRR7034607",278
"SRR7034610",340
"SRR7034616",322
"SRR7034618",357
"SRR7034621",382
"SRR7034624",208
"SRR7034627",332
"SRR7034632",417
"SRR7034635",473
"SRR7034638",273
"SRR7034640",688
"SRR7034643",540
"SRR7034646",485
"SRR7034648",49
"SRR7034659",184
"SRR7034660",217
"SRR7034665",278
"SRR7034669",506
"SRR7034670",76
"SRR7034674",501
"SRR7034681",546
"SRR7034682",484
"SRR7034685",452
"SRR7034687",490
"SRR7034695",412
"SRR7034699",239
"SRR7034707",709
"SRR7034725",538
"SRR7034727",502
"SRR7034734",508
"SRR7034735",497
"SRR7034737",401
"SRR7034744",461
"SRR7034746",153
"SRR7034762",41
"SRR7034810",80
"SRR7034837",93
"SRR7034851",71
"SRR7034853",64
"SRR7034871",82
"SRR7034873",67
"SRR7034901",130
"SRR7034940",66
"SRR7034992",40
"SRR7035006",99
"SRR7035053",84
"SRR7035136",69
"SRR7035138",42
"SRR7035140",53
"SRR7035150",73
"SRR7035154",36
"SRR7035159",60
"SRR7035195",89
"SRR7035208",69
"SRR7035227",79
"SRR7035241",19
"SRR7035243",15
"SRR7035265",107
"SRR7035267",153
"SRR7035269",122
"SRR7035273",227
"SRR7035275",24
"SRR7035289",105
"SRR7035291",146
"SRR7035293",129
"SRR7035295",112
"SRR7035297",161
"SRR7035300",188
"SRR7035302",114
"SRR7035304",88
"SRR7035306",54
"SRR7035307",180
"SRR7035309",64
"SRR7035319",122
"SRR7035321",86
"SRR7035323",55
"SRR7035325",52
"SRR7035328",104
"SRR7035331",69
"SRR7035352",190
"SRR7035379",16
"SRR7035393",106
"SRR7035399",45
"SRR7035401",147
"SRR7035403",210
"SRR7035429",133
"SRR7035431",211
"SRR7035433",157
"SRR7035435",218
"SRR7035437",248
"SRR7035442",45
"SRR7035444",82
"SRR7035446",59
"SRR7035448",55
"SRR7035452",59
"SRR7035463",175
"SRR7035465",104
"SRR7035467",179
"SRR7035473",66
"SRR7035475",60
"SRR7035483",190
"SRR7035505",172
"SRR7035507",171
"SRR7035509",237
"SRR7035511",148
"SRR7035513",226
"SRR7035528",71
"SRR7035530",290
"SRR7035532",303
"SRR7035535",5
"SRR7035542",205
"SRR7035544",162
"SRR7035546",152
"SRR7035552",164
"SRR7035554",160
"SRR7035556",180
"SRR7035558",169
"SRR7035560",144
"SRR7035567",112
"SRR7035571",61
"SRR7035575",74
"SRR7035577",72
"SRR7035592",275
"SRR7035594",77
"SRR7035596",72
"SRR7035598",46
"SRR7035600",177
"SRR7035618",57
"SRR7035629",162
"SRR7035634",290
"SRR7035645",41
"SRR7035647",41
"SRR7035649",149
"SRR7035668",100
"SRR7035692",66
"SRR7035715",67
"SRR7035717",236
"SRR7035719",98
"SRR7035721",238
"SRR7035725",23
"SRR7035815",44
"SRR7035846",66
"SRR7035875",48
"SRR7035910",947
"SRR7035915",937
"SRR7035916",763
"SRR7035919",946
"SRR7035921",549
"SRR7035922",538
"SRR7035929",530
"SRR7035931",804
"SRR7035932",670
"SRR7035934",770
"SRR7035939",761
"SRR7035941",306
"SRR7035945",53
"SRR7035946",184
"SRR7035953",156
"SRR7035955",376
"SRR7035956",335
"SRR7035960",672
"SRR7035962",975
"SRR7035969",914
"SRR7035971",787
"SRR7035972",572
"SRR7035974",892
"SRR7035980",333
"SRR7035985",377
"SRR7035987",79
"SRR7035991",78
"SRR7035993",118
"SRR7035999",214
"SRR7036000",124
"SRR7036005",258
"SRR7036010",239
"SRR7036013",67
"SRR7036016",793
"SRR7036021",793
"SRR7036023",707
"SRR7036024",1020
"SRR7036027",792
"SRR7036028",680
"SRR7036031",710
"SRR7036033",786
"SRR7036037",509
"SRR7036039",366
"SRR7036045",490
"SRR7036048",560
"SRR7036049",859
"SRR7036052",784
"SRR7036055",541
"SRR7036058",730
"SRR7036059",705
"SRR7036061",351
"SRR7036066",962
"SRR7036067",815
"SRR7036070",545
"SRR7036072",618
"SRR7036078",660
"SRR7036079",727
"SRR7036084",669
"SRR7036086",369
"SRR7036089",340
"SRR7036090",659
"SRR7036095",643
"SRR7036096",781
"SRR7036100",458
"SRR7036101",652
"SRR7036104",733
"SRR7036105",858
"SRR7036112",339
"SRR7036113",360
"SRR7036118",372
"SRR7036122",923
"SRR7036126",915
"SRR7036127",957
"SRR7036129",1003
"SRR7036132",290
"SRR7036135",88
"SRR7036138",99
"SRR7036143",338
"SRR7036146",210
"SRR7036147",284
"SRR7036149",220
"SRR7036157",140
"SRR7036159",243
"SRR7036164",305
"SRR7036168",222
"SRR7036170",235
"SRR7036174",57
"SRR7036178",789
"SRR7036180",737
"SRR7036183",883
"SRR7036185",490
"SRR7036188",650
"SRR7036192",512
"SRR7036195",570
"SRR7036198",369
"SRR7036201",143
"SRR7036204",68
"SRR7036207",731
"SRR7036210",832
"SRR7036213",947
"SRR7036218",655
"SRR7036221",837
"SRR7036224",928
"SRR7036231",582
"SRR7036233",714
"SRR7036235",730
"SRR7036238",691
"SRR7036240",724
"SRR7036246",348
"SRR7036249",458
"SRR7036252",718
"SRR7036254",642
"SRR7036260",784
"SRR7036262",874
"SRR7036263",598
"SRR7036266",582
"SRR7036268",891
"SRR7036272",709
"SRR7036275",493
"SRR7036277",873
"SRR7036278",803
"SRR7036283",424
"SRR7036284",482
"SRR7036294",818
"SRR7036296",778
"SRR7036299",894
"SRR7036300",695
"SRR7036303",646
"SRR7036306",648
"SRR7036309",616
"SRR7036310",599
"SRR7036312",646
"SRR7036315",446
"SRR7036321",388
"SRR7036324",229
"SRR7036327",159
"SRR7036328",308
"SRR7036331",484
"SRR7036333",500
"SRR7036334",439
"SRR7036336",624
"SRR7036340",993
"SRR7036343",948
"SRR7036346",1016
"SRR7036349",881
"SRR7036350",765
"SRR7036355",655
"SRR7036356",875
"SRR7036359",768
"SRR7036361",498
"SRR7036366",795
"SRR7036368",593
"SRR7036370",828
"SRR7036375",934
"SRR7036376",816
"SRR7036381",976
"SRR7036383",710
"SRR7036384",828
"SRR7036388",547
"SRR7036390",800
"SRR7036397",643
"SRR7036399",338
"SRR7036402",109
"SRR7036908",172
"SRR7036910",184
"SRR7036912",135
"SRR7036914",146
"SRR7036916",147
"SRR7036919",198
"SRR7036921",68
"SRR7036923",149
"SRR7036927",63
"SRR7036928",185
"SRR7036930",177
"SRR7036932",92
"SRR7036934",66
"SRR7036940",461
"SRR7036942",169
"SRR7036944",338
"SRR7036946",582
"SRR7036949",261
"SRR7036951",225
"SRR7036953",256
"SRR7036955",235
"SRR7036957",265
"SRR7036959",419
"SRR7036963",665
"SRR7036972",32
"SRR7036976",803
"SRR7036979",285
"SRR7036981",418
"SRR7036983",743
"SRR7036985",612
"SRR7036987",122
"SRR7036989",281
"SRR7036991",216
"SRR7036993",205
"SRR7036995",201
"SRR7036997",177
"SRR7036998",690
"SRR7037000",793
"SRR7037002",309
"SRR7037004",411
"SRR7037006",276
"SRR7037009",109
"SRR7037011",552
"SRR7037013",626
"SRR7037015",747
"SRR7037017",393
"SRR7037019",30
"SRR7037021",118
"SRR7037023",124
"SRR7037025",166
"SRR7037027",138
"SRR7037028",365
"SRR7038411",476
"SRR7038414",414
"SRR7038416",697
"SRR7038418",695
"SRR7038421",735
"SRR7038422",869
"SRR7038423",785
"SRR7038431",384
"SRR7038432",236
"SRR7038437",358
"SRR7038438",206
"SRR7038443",700
"SRR7038444",689
"SRR7038449",720
"SRR7038462",484
"SRR7038465",468
"SRR7038467",561
"SRR7038470",511
"SRR7038472",792
"SRR7038475",684
"SRR7038478",691
"SRR7038481",665
"SRR7038485",683
"SRR7038486",650
"SRR7038491",721
"SRR7038494",503
"SRR7038501",389
"SRR7038502",406
"SRR7038505",244
"SRR7038507",177
"SRR7038509",298
"SRR7038516",698
"SRR7038519",549
"SRR7038523",638
"SRR7038536",628
"SRR7038537",764
"SRR7038538",655
"SRR7038541",653
"SRR7038543",637
"SRR7038546",896
"SRR7038552",637
"SRR7038554",358
"SRR7038557",620
"SRR7038558",624
"SRR7038561",557
"SRR7038563",413
"SRR7038565",676
"SRR7038566",578
"SRR7038568",326
"SRR7038571",182
"SRR7038577",578
"SRR7038578",687
"SRR7038582",660
"SRR7038589",387
"SRR7038591",606
"SRR7038593",678
"SRR7038599",752
"SRR7038601",793
"SRR7038603",711
"SRR7038605",232
"SRR7038608",707
"SRR7038610",344
"SRR7038612",731
"SRR7038617",693
"SRR7038618",497
"SRR7038623",427
"SRR7038624",678
"SRR7038630",462
"SRR7038636",656
"SRR7038638",277
"SRR7038640",375
"SRR7038643",731
"SRR7038650",743
"SRR7038652",656
"SRR7038653",631
"SRR7038656",322
"SRR7038657",341
"SRR7038662",362
"SRR7038663",516
"SRR7038665",662
"SRR7038666",521
"SRR7038673",613
"SRR7038674",645
"SRR7038676",324
"SRR7038680",805
"SRR7038685",919
"SRR7038686",388
"SRR7038693",540
"SRR7038694",225
"SRR7038697",450
"SRR7038699",606
"SRR7038700",555
"SRR7038702",647
"SRR7038707",834
"SRR7038712",730
"SRR7038715",633
"SRR7038720",522
"SRR7038725",243
"SRR7038728",235
"SRR7038731",236
"SRR7038735",297
"SRR7038737",277
"SRR7038740",282
"SRR7038742",286
"SRR7038743",481
"SRR7038748",875
"SRR7038751",847
"SRR7038754",475
"SRR7038755",437
"SRR7038762",438
"SRR7038763",560
"SRR7038766",567
"SRR7038767",599
"SRR7038772",491
"SRR7038774",858
"SRR7038777",671
"SRR7038779",607
"SRR7038780",801
"SRR7038783",728
"SRR7038793",749
"SRR7038796",743
"SRR7038798",784
"SRR7038804",185
"SRR7038806",567
"SRR7038811",621
"SRR7038816",630
"SRR7038821",232
"SRR7038822",263
"SRR7038828",436
"SRR7038830",434
"SRR7038833",454
"SRR7038838",538
"SRR7038840",815
"SRR7038844",534
"SRR7038847",573
"SRR7038849",682
"SRR7038851",736
"SRR7038855",324
"SRR7038857",451
"SRR7038860",324
"SRR7038866",316
"SRR7038867",364
"SRR7038872",377
"SRR7038873",370
"SRR7038876",584
"SRR7038877",624
"SRR7038880",503
"SRR7038883",632
"SRR7038888",499
"SRR7038893",680
"SRR7038897",828
"SRR7038900",848
"SRR7038907",464
"SRR8812884",144
"SRR8812886",197
"SRR8812888",149
"SRR8812926",86
"SRR8812930",193
"SRR8812931",190
"SRR8812933",178
"SRR8812935",212
"SRR8812939",114
"SRR8812941",75
"SRR8812943",167
"SRR8812945",162
"SRR8812966",100
"SRR8812968",293
"SRR8812972",115
"SRR8812974",285
"SRR8812984",164
"SRR8812986",195
"SRR8812988",145
"SRR8812990",162
"SRR8812992",160
"SRR8812997",152
"SRR8813000",351
"SRR8813002",272
"SRR8813004",190
"SRR8813006",347
"SRR8813029",148
"SRR8813031",344
"SRR8813033",294
"SRR8813037",420
"SRR8813040",363
"SRR8813042",208
"SRR8813045",197
"SRR8813049",254
"SRR8813051",287
"SRR8813054",94
"SRR8813066",69
"SRR8813068",226
"SRR8813070",197
"SRR8813072",216
"SRR8813076",312
"SRR8813078",323
"SRR8813080",240
"SRR8813082",245
"SRR8813085",209
"SRR8813087",301
"SRR8813094",67
"SRR8813096",320
"SRR8813098",296
"SRR8813100",160
"SRR8813102",174
"SRR8813104",132
"SRR8813109",268
"SRR8813111",266
"SRR8813114",287
"SRR8813116",299
"SRR8813118",168
"SRR8813120",182
"SRR8813122",166
"SRR8813124",168
"SRR8813125",131
"SRR8813127",213
"SRR8813129",251
"SRR8813131",159
"SRR8813133",278
"SRR8813139",120
"SRR8813141",455
"SRR8813143",160
"SRR8813145",96
"SRR8813147",94
"SRR8813149",132
"SRR8813151",125
"SRR8813160",224
"SRR8813170",305
"SRR8813172",309
"SRR8813174",230
"SRR8813176",144
"SRR8813178",145
"SRR8813180",151
"SRR8813206",244
"SRR8813211",233
"SRR8813213",110
"SRR8813214",364
"SRR8813216",117
"SRR8813218",190
"SRR8813220",262
"SRR8813222",234
"SRR8813224",248
"SRR8813232",177
"SRR8813234",291
"SRR8813236",48
"SRR8813241",328
"SRR8813243",234
"SRR8813245",189
"SRR8813247",172
"SRR8813249",190
"SRR8813251",259
"SRR8813253",256
"SRR8813271",181
"SRR8813273",191
"SRR8813275",196
"SRR8813277",346
"SRR8813283",242
"SRR8813284",274
"SRR8813287",173
"SRR8813288",344
"SRR8813291",195
"SRR8813293",138
"SRR8813295",217
"SRR8813296",285
"SRR8813298",243
"SRR8813300",363
"SRR8813307",194
"SRR8813320",324
"SRR8813322",285
"SRR8813330",397
"SRR8813344",497
"SRR8813346",432
"SRR8813348",443
"SRR8813353",388
"SRR8813365",208
"SRR8813367",302
"SRR8813369",507
"SRR8813375",280
"SRR8813377",249
"SRR8813379",177
"SRR8813381",135
"SRR8817429",409
"SRR8817431",381
"SRR8817433",379
"SRR8817435",209
"SRR8817643",120
"SRR8817645",131
"SRR8817647",143
"SRR8817670",269
"SRR8817673",266
"SRR8817675",225
"SRR8817720",291
"SRR8817722",214
"SRR8817724",298
"SRR8817726",222
"SRR8817799",179
"SRR8817801",338
"SRR8817807",334
"SRR8817856",332
"SRR8817858",174
"SRR8818046",67
"SRR8818048",270
"SRR8820780",196
"SRR8820787",163
"SRR8820789",185
"SRR8820791",232
"SRR8820794",129
"SRR8820797",93
"SRR8820799",214
"SRR8820801",220
"SRR8820803",82
"SRR8820808",201
"SRR8820809",143
"SRR8820811",172
"SRR8820813",182
"SRR8820818",65
"SRR8820819",73
"SRR8820821",222
"SRR8820823",154
"SRR8820825",229
"SRR8820827",235
"SRR8820834",257
"SRR8820835",335
"SRR8820838",70
"SRR8820840",40
"SRR8820842",80
"SRR8820843",136
"SRR8820847",183
"SRR8820848",75
"SRR8820850",71
"SRR8820854",75
"SRR8820860",192
"SRR8820865",341
"SRR8820868",61
"SRR8820870",156
"SRR8820872",180
"SRR8820874",182
"SRR8820883",112
"SRR8820884",77
"SRR8820886",185
"SRR8820888",109
"SRR8820904",225
"SRR8820906",152
"SRR8820908",223
"SRR8820910",211
"SRR8820912",251
"SRR8820915",183
"SRR8820917",171
"SRR8820921",151
"SRR8820936",125
"SRR8820942",202
"SRR8820944",115
"SRR8820947",57
"SRR8820949",87
"SRR8820951",185
"SRR8820953",161
"SRR8820955",141
"SRR8820956",116
"SRR8820958",59
"SRR8820961",261
"SRR8820963",283
"SRR8820965",107
"SRR8820969",83
"SRR8820971",248
"SRR8820975",218
"SRR8820980",78
"SRR8820981",133
"SRR8820983",199
"SRR8820985",170
"SRR8820987",185
"SRR8820992",226
"SRR8820995",147
"SRR8820997",280
"SRR8820998",323
"SRR8820999",128
"SRR8821000",55
"SRR8821001",213
"SRR8821003",233
"SRR8821007",187
"SRR8821009",67
"SRR8821011",105
"SRR8821013",113
"SRR8821015",81
"SRR8821017",130
"SRR8821020",200
"SRR8821025",245
"SRR8821028",88
"SRR8821030",110
"SRR8821032",117
"SRR8821034",102
"SRR8821047",105
"SRR8821051",140
"SRR8821053",269
"SRR8821061",188
"SRR8821063",192
"SRR8821065",194
"SRR8821066",81
"SRR8821067",261
"SRR8821070",201
"SRR8821073",155
"SRR8821075",159
"SRR8821080",135
"SRR8821082",108
"SRR8821084",131
"SRR8821086",132
"SRR8821088",169
"SRR8821093",88
"SRR8821094",211
"SRR8821099",137
"SRR8821101",124
"SRR8821103",135
"SRR8821105",132
"SRR8821109",160
"SRR8821111",260
"SRR8821113",120
"SRR8821115",161
"SRR8821117",199
"ERR10028100",153
"ERR10028101",194
"ERR10028102",128
"ERR10028103",146
"ERR10028104",160
"ERR10028105",119
"ERR2112707",69
"ERR2230340",40
"ERR2232115",36
"ERR2232140",55
"ERR2247272",12
"ERR2247276",14
"ERR2247288",21
"ERR2357255",153
"ERR2357256",115
"ERR2357258",58
"ERR2357280",86
"SRR2770351",17
"SRR2770352",36
"SRR5753752",33
"SRR6400979",44
"SRR6401048",81
"SRR6401164",45
"SRR6401221",56
"SRR6401300",34
"ERR2112708",161
"ERR2220166",147
"ERR2220181",261
"ERR2220207",238
"ERR2220210",278
"ERR2220215",80
"ERR2220229",333
"ERR2220236",240
"ERR2220237",477
"SRR3735272",18
"SRR5915103",183
"SRR6400833",43
"SRR6401115",51
"SRR6401223",55
"SRR6401286",29
"SRR6471254",106
"SRR7033507",104
"SRR7034613",48
"SRR6401228",46
"SRR6400851",54
"SRR6400965",47
"SRR6401087",23
"SRR6401222",34
"SRR6401190",62
"SRR7035813",50
"ERR2261816",5
"ERR2306819",63
"SRR3735290",319
"SRR5753734",38
"SRR5753735",36
"SRR5753740",47
"SRR5753744",35
"SRR5753745",27
"SRR5753749",37
"SRR5753753",25
"SRR5753754",34
"SRR6400896",60
"ERR2226848",116
"ERR2357281",97
"SRR6401396",125
"SRR7035373",13
"SRR7035662",14
"SRR7035664",15
"SRR7035685",10
"SRR14698718",46
"ERR2220221",23
"SRR7035317",58
"SRR7035334",69
"SRR7035666",27
"SRR8812924",75
"SRR14698524",26
"SRR14698600",39
"SRR14698595",24
"SRR14698586",40
"SRR14698689",35
"SRR14698709",34
"SRR14698713",42
"SRR14698715",35
"SRR14698730",40
"SRR14698509",37
"SRR14698643",32
"SRR14698537",30
"SRR14698634",32
"ERR2225530",43
"ERR2225534",28
"ERR2225540",31
"ERR2225546",44
"ERR2225552",42
"ERR2225554",49
"ERR2225579",38
"ERR2225582",29
"ERR2225610",64
"ERR2232241",9
"ERR2304642",23
"SRR5313378",19
"SRR5313382",8
"SRR5313386",8
"SRR5313390",14
"SRR5313395",7
"SRR5313396",13
"SRR5313412",19
"SRR6401086",37
"SRR5313411",6
"ERR2357254",120
"ERR2357271",95
"SRR1026861",11
"SRR7035427",33
"SRR7035416",25
"SRR7035660",14
"SRR7035119",42
"ERR2304654",7
"ERR2225531",35
"ERR2225542",42
"ERR2225558",41
"SRR7035245",14
"SRR7035537",15
"SRR7035578",14
"SRR7035733",12
"SRR7035738",12
"SRR7035287",14
"SRR7035679",8
"SRR7035727",13
"SRR7035736",17
"ERR2261818",4
"SRR7035263",13
"SRR7035276",15
"ERR2261815",4
"SRR7035572",13
"ERR2225555",51
"ERR2225588",30
"SRR7035731",20
"SRR7035390",19
"ERR2261819",2
"ERR2233088",9
"ERR2233097",10
"ERR2233101",7
"ERR2357267",79
"ERR2357276",57
"ERR2219928",1
"ERR2219929",3
"ERR2219930",3
"ERR2219931",2
"SRR7035683",16
"SRR7035729",15
"SRR7035590",10
