"sample","dino_present","n_dino_asvs","total_dino_reads"
"ERR10028090",1,473,77135
"ERR10028091",1,270,17968
"ERR10028092",1,1163,379274
"ERR10028093",1,1162,228529
"ERR10028094",1,1159,289414
"ERR10028095",1,1071,199643
"ERR10028096",1,468,60766
"ERR10028097",1,340,10901
"ERR10028098",1,758,133133
"ERR10028099",1,553,70453
"ERR10028100",1,281,124609
"ERR10028101",1,383,175194
"ERR10028102",1,317,275030
"ERR10028103",1,347,237293
"ERR10028104",1,605,378217
"ERR10028105",1,457,474023
"ERR10037630",1,1,1
"ERR10037634",1,3,4
"ERR10037637",1,2,2
"ERR10037641",1,2,2
"ERR10037642",1,2,2
"ERR10037643",1,1,5
"ERR10037645",1,1,1
"ERR10037653",1,1,1
"ERR10037661",1,1,1
"ERR10037703",1,1,1
"ERR10037704",1,1,1
"ERR10037721",1,1,2
"ERR10037734",1,1,1
"ERR10037756",1,1,1
"ERR10037758",1,2,3
"ERR10037759",1,1,4
"ERR10037760",1,1,2
"ERR10037767",1,1,1
"ERR10037768",1,1,2
"ERR10037780",1,1,6
"ERR10037787",1,1,2
"ERR10037792",1,1,1
"ERR10037797",1,2,5
"ERR10037799",1,1,29
"ERR10037800",1,1,1
"ERR10037801",1,1,9
"ERR10037812",1,2,2
"ERR10037814",1,1,5
"ERR10037815",1,2,3
"ERR10037823",1,1,1
"ERR10037824",1,1,1
"ERR10037825",1,1,1
"ERR10037828",1,2,4
"ERR10037833",1,1,4
"ERR10037834",1,1,1
"ERR10037836",1,1,1
"ERR10037837",1,2,4
"ERR10037849",1,1,34
"ERR10037850",1,2,4
"ERR10037851",1,1,2
"ERR10037852",1,1,1
"ERR10037866",1,1,1
"ERR10037873",1,1,1
"ERR10037878",1,1,1
"ERR10037883",1,1,2
"ERR10037885",1,1,3
"ERR10037889",1,1,1
"ERR10037893",1,2,2
"ERR10037894",1,1,38
"ERR10037904",1,1,1
"ERR10037919",1,1,1
"ERR10037923",1,1,4
"ERR10037925",1,2,2
"ERR10037926",1,1,1
"ERR10037929",1,1,1
"ERR10037934",1,1,1
"ERR10037936",1,5,10
"ERR10037945",1,1,1
"ERR10037946",1,1,1
"ERR10037954",1,1,1
"ERR10037956",1,2,2
"ERR10037958",1,1,10
"ERR10037959",1,2,3
"ERR10037960",1,1,1
"ERR10037961",1,1,2
"ERR10037967",1,1,7
"ERR10037973",1,1,2
"ERR10037974",1,1,9
"ERR10037975",1,1,9
"ERR10037986",1,2,2
"ERR10037990",1,1,2
"ERR10037997",1,1,1
"ERR10037998",1,1,2
"ERR10038000",1,1,1
"ERR10038011",1,1,2
"ERR10038025",1,1,3
"ERR10038037",1,2,4
"ERR10038038",1,2,10
"ERR10038039",1,1,1
"ERR10038041",1,1,1
"ERR10038044",1,1,2
"ERR10038045",1,1,1
"ERR10038048",1,1,1
"ERR10038052",1,1,1
"ERR10038053",1,2,7
"ERR10038055",1,1,1
"ERR10038057",1,2,7
"ERR10038060",1,1,1
"ERR10038063",1,1,4
"ERR10038066",1,1,1
"ERR10038071",1,1,9
"ERR10038076",1,1,1
"ERR10038077",1,2,56
"ERR10038078",1,1,1
"ERR10038095",1,1,3
"ERR10038099",1,1,2
"ERR10038100",1,2,9
"ERR10038105",1,1,13
"ERR10038106",1,1,6
"ERR10038110",1,2,6
"ERR10038112",1,1,3
"ERR10038113",1,2,3
"ERR10038117",1,1,1
"ERR10038118",1,2,38
"ERR10038122",1,1,2
"ERR10038124",1,1,1
"ERR10038125",1,1,2
"ERR10038130",1,1,1
"ERR10038131",1,1,3
"ERR10038173",1,2,9
"ERR10038175",1,1,3
"ERR10038179",1,1,1
"ERR10038184",1,2,7
"ERR10038186",1,2,6
"ERR10038188",1,2,12
"ERR10038212",1,1,1
"ERR10038213",1,1,6
"ERR10038214",1,1,1
"ERR10038215",1,1,2
"ERR10038217",1,1,2
"ERR10038219",1,1,1
"ERR10038221",1,1,1
"ERR10038228",1,1,1
"ERR10038240",1,1,2
"ERR10038245",1,1,13
"ERR10038246",1,1,1
"ERR10038247",1,1,1
"ERR10038249",1,1,1
"ERR10038251",1,1,1
"ERR10038254",1,1,18
"ERR10038256",1,1,2
"ERR10038257",1,1,1
"ERR10038258",1,1,2
"ERR10038269",1,2,3
"ERR10038273",1,1,1
"ERR10038278",1,2,2
"ERR10038281",1,1,2
"ERR10038285",1,1,44
"ERR10038306",1,1,2
"ERR10234080",1,771,45713
"ERR10234081",1,877,160516
"ERR10234082",1,1972,118640
"ERR10234083",1,1274,218614
"ERR10234084",1,1457,279938
"ERR10234085",1,428,347755
"ERR10234086",1,1215,236777
"ERR10234087",1,242,19591
"ERR10234088",1,289,89371
"ERR10234089",1,433,101589
"ERR10234090",1,464,44336
"ERR10234091",1,261,25995
"ERR10234092",1,366,124796
"ERR10234093",1,1166,326043
"ERR10234094",1,327,27615
"ERR10234095",1,489,116414
"ERR10234096",1,581,106058
"ERR10234097",1,946,205606
"ERR10234098",1,424,35006
"ERR10234099",1,892,169688
"ERR10234100",1,472,95813
"ERR10234101",1,1057,214870
"ERR10234102",1,705,359457
"ERR10234103",1,1189,217099
"ERR10234104",1,635,183644
"ERR10234105",1,1001,266125
"ERR10234165",1,543,105876
"ERR10234166",1,989,121855
"ERR10234167",1,2181,187339
"ERR10234168",1,3734,187942
"ERR10234169",1,500,90251
"ERR10234170",1,442,87101
"ERR10234171",1,3114,210666
"ERR10234172",1,412,48582
"ERR10234173",1,464,30089
"ERR10234174",1,802,161651
"ERR10234175",1,424,137254
"ERR10234176",1,516,11208
"ERR10234177",1,566,55140
"ERR10234178",1,924,57956
"ERR10234179",1,297,3613
"ERR10234180",1,2984,281531
"ERR10234181",1,2532,158888
"ERR10234182",1,3109,243671
"ERR10234183",1,2506,132587
"ERR10234184",1,197,5879
"ERR10234185",1,2642,151256
"ERR10234186",1,267,3512
"ERR10234187",1,2460,179112
"ERR10234188",1,1637,282494
"ERR10234189",1,2332,241209
"ERR10234190",1,357,26717
"ERR10234191",1,1198,150902
"ERR10234192",1,160,1859
"ERR10234193",1,327,9541
"ERR10234194",1,3194,211793
"ERR10234195",1,3586,312980
"ERR10234196",1,1654,49180
"ERR10234197",1,1934,116822
"ERR10234198",1,211,22501
"ERR10234199",1,2324,120370
"ERR10234200",1,538,18611
"ERR10234201",1,1162,113593
"ERR10234202",1,1864,396018
"ERR10234203",1,421,101952
"ERR10234204",1,2542,241008
"ERR10234205",1,216,10826
"ERR10234206",1,152,5823
"ERR10234207",1,3457,227277
"ERR10234208",1,3036,214252
"ERR10234209",1,2671,214401
"ERR10234210",1,556,197856
"ERR10234211",1,481,81249
"ERR10234212",1,372,9971
"ERR10234213",1,629,69054
"ERR10234214",1,547,18814
"ERR10234215",1,439,84164
"ERR10234216",1,3297,318099
"ERR10234217",1,478,154452
"ERR10234218",1,2294,347099
"ERR10234219",1,441,53091
"ERR10234220",1,3296,359748
"ERR10234221",1,253,359642
"ERR10234222",1,3123,318298
"ERR10234223",1,700,44935
"ERR10234224",1,2987,307700
"ERR10234225",1,370,30615
"ERR10234226",1,211,7485
"ERR10234227",1,3119,352148
"ERR10234228",1,2451,148849
"ERR10234229",1,2152,175397
"ERR10234230",1,166,7313
"ERR10234231",1,298,45626
"ERR10234232",1,285,140807
"ERR10234233",1,129,1690
"ERR10234234",1,1700,147969
"ERR10234235",1,2704,353306
"ERR10234236",1,2315,155450
"ERR10234237",1,1390,183911
"ERR10234238",1,3282,366015
"ERR10234239",1,2140,145624
"ERR10234240",1,2405,199455
"ERR10234241",1,2228,208818
"ERR10234242",1,189,3165
"ERR10234243",1,130,5577
"ERR10234244",1,2540,193139
"ERR10234245",1,126,8365
"ERR10234246",1,2359,226483
"ERR10234247",1,3028,261870
"ERR10234248",1,3050,193555
"ERR10234249",1,234,12653
"ERR10234250",1,182,27791
"ERR10234251",1,1965,336839
"ERR10234252",1,110,2009
"ERR10234253",1,3123,303576
"ERR10234254",1,2865,216630
"ERR10234255",1,2430,183256
"ERR10234256",1,341,8280
"ERR10234257",1,362,8263
"ERR10234258",1,195,4327
"ERR10234259",1,199,4488
"ERR10234260",1,233,4203
"ERR10234261",1,220,4145
"ERR10234262",1,264,10376
"ERR10234263",1,256,10377
"ERR10234264",1,194,9796
"ERR10234265",1,200,9813
"ERR10234266",1,231,18097
"ERR10234267",1,246,18517
"ERR10234268",1,322,12061
"ERR10234269",1,317,12191
"ERR10234270",1,202,23617
"ERR10234271",1,211,24156
"ERR10234272",1,221,8678
"ERR10234273",1,221,8878
"ERR10234274",1,375,13298
"ERR10234275",1,380,13719
"ERR10234276",1,252,4479
"ERR10234277",1,252,4679
"ERR10234278",1,123,1350
"ERR10234279",1,130,1397
"ERR10234280",1,125,1467
"ERR10234281",1,133,1400
"ERR10234282",1,153,3577
"ERR10234283",1,153,3759
"ERR10234284",1,92,1478
"ERR10234285",1,94,1475
"ERR10234286",1,167,2876
"ERR10234287",1,164,2942
"ERR10234288",1,78,592
"ERR10234289",1,71,619
"ERR10234290",1,107,12154
"ERR10234291",1,123,12422
"ERR10234292",1,61,640
"ERR10234293",1,60,603
"ERR10234294",1,148,4326
"ERR10234295",1,149,4316
"ERR10234296",1,115,2053
"ERR10234297",1,116,2098
"ERR10234298",1,115,2539
"ERR10234299",1,105,2535
"ERR10234300",1,170,3409
"ERR10234301",1,179,3471
"ERR10234302",1,116,1218
"ERR10234303",1,125,1334
"ERR10234304",1,117,659
"ERR10234305",1,116,674
"ERR10234306",1,127,2621
"ERR10234307",1,121,2566
"ERR10234308",1,157,4457
"ERR10234309",1,164,4463
"ERR10234310",1,532,10031
"ERR10234311",1,551,10150
"ERR10234312",1,66,4459
"ERR10234313",1,59,4584
"ERR10234314",1,216,7264
"ERR10234315",1,245,7141
"ERR10234316",1,82,1800
"ERR10234317",1,76,1794
"ERR10234318",1,108,2424
"ERR10234319",1,112,2256
"ERR10234320",1,179,2889
"ERR10234321",1,178,2923
"ERR10234322",1,92,2578
"ERR10234323",1,96,2666
"ERR10234324",1,47,490
"ERR10234325",1,48,503
"ERR10234326",1,287,4491
"ERR10234327",1,276,4428
"ERR10234328",1,236,3734
"ERR10234329",1,261,3929
"ERR10234330",1,165,3041
"ERR10234331",1,159,3257
"ERR10234332",1,39,158
"ERR10234333",1,42,177
"ERR10234334",1,126,2441
"ERR10234335",1,125,2547
"ERR10234336",1,33,489
"ERR10234337",1,40,522
"ERR10234338",1,36,224
"ERR10234339",1,43,230
"ERR10234340",1,264,12642
"ERR10234341",1,283,13103
"ERR10234342",1,170,5637
"ERR10234343",1,172,5789
"ERR10234344",1,157,3354
"ERR10234345",1,150,3332
"ERR10234346",1,111,1852
"ERR10234347",1,103,1934
"ERR10234348",1,143,4391
"ERR10234349",1,134,4627
"ERR10234350",1,146,2076
"ERR10234351",1,136,2120
"ERR10234352",1,166,5715
"ERR10234353",1,170,5710
"ERR10234354",1,137,3763
"ERR10234355",1,121,3943
"ERR10234356",1,107,2625
"ERR10234357",1,101,2738
"ERR10234358",1,695,8127
"ERR10234359",1,716,8406
"ERR10234360",1,309,8731
"ERR10234361",1,315,8755
"ERR10234362",1,111,1270
"ERR10234363",1,122,1334
"ERR10234364",1,151,3081
"ERR10234365",1,160,3098
"ERR10234366",1,310,18388
"ERR10234367",1,323,18698
"ERR10234368",1,128,2940
"ERR10234369",1,140,2906
"ERR10234370",1,82,4877
"ERR10234371",1,78,5117
"ERR10234372",1,86,35094
"ERR10234373",1,81,35925
"ERR10234374",1,76,2748
"ERR10234375",1,80,2834
"ERR10234376",1,56,731
"ERR10234377",1,64,754
"ERR10234378",1,348,10451
"ERR10234379",1,324,10570
"ERR10234380",1,151,1569
"ERR10234381",1,158,1604
"ERR10234382",1,197,5516
"ERR10234383",1,188,5496
"ERR10234384",1,136,1670
"ERR10234385",1,145,1765
"ERR10234386",1,203,6065
"ERR10234387",1,194,6238
"ERR10234388",1,138,11316
"ERR10234389",1,144,11676
"ERR10234390",1,167,2767
"ERR10234391",1,167,2759
"ERR10234392",1,155,3977
"ERR10234393",1,133,3941
"ERR10234394",1,203,2668
"ERR10234395",1,201,2627
"ERR10234396",1,51,380
"ERR10234397",1,50,372
"ERR10234398",1,130,1571
"ERR10234399",1,119,1502
"ERR10234400",1,2387,88669
"ERR10234401",1,2401,89384
"ERR10234402",1,170,6420
"ERR10234403",1,196,6632
"ERR10234404",1,103,1798
"ERR10234405",1,100,1838
"ERR10234406",1,67,1696
"ERR10234407",1,62,1728
"ERR10234408",1,146,3343
"ERR10234409",1,150,3272
"ERR10234410",1,151,3202
"ERR10234411",1,157,3259
"ERR10234412",1,133,2362
"ERR10234413",1,134,2430
"ERR10234414",1,89,5250
"ERR10234415",1,85,5432
"ERR10234416",1,197,4482
"ERR10234417",1,216,4652
"ERR10234418",1,175,3347
"ERR10234419",1,187,3396
"ERR10234420",1,35,1249
"ERR10234421",1,46,1195
"ERR10234422",1,111,1591
"ERR10234423",1,119,1741
"ERR10234424",1,177,10133
"ERR10234425",1,189,10276
"ERR10234426",1,180,4969
"ERR10234427",1,182,4931
"ERR10234428",1,198,4899
"ERR10234429",1,189,4925
"ERR10234430",1,95,1109
"ERR10234431",1,88,1089
"ERR10234432",1,360,5059
"ERR10234433",1,376,5102
"ERR10234434",1,93,587
"ERR10234435",1,99,557
"ERR10234436",1,53,1435
"ERR10234437",1,42,1539
"ERR10234438",1,2779,468024
"ERR10234439",1,2023,183632
"ERR10234440",1,3015,242530
"ERR10234441",1,1866,171041
"ERR10234442",1,2681,233624
"ERR10234443",1,3068,170145
"ERR10234444",1,1631,199392
"ERR10234445",1,3218,266025
"ERR10234446",1,2814,209119
"ERR10234447",1,1949,247353
"ERR10234448",1,2759,348281
"ERR10234449",1,2926,455862
"ERR10234450",1,3394,559639
"ERR10234451",1,2702,520650
"ERR10234452",1,2884,546555
"ERR10234453",1,2531,455742
"ERR10234454",1,3021,532998
"ERR10234455",1,2811,362316
"ERR10234456",1,2373,360125
"ERR10234457",1,3543,370759
"ERR10234458",1,2828,361577
"ERR10234459",1,3471,302310
"ERR10234460",1,3915,438633
"ERR10234461",1,3474,374761
"ERR10234462",1,3633,312828
"ERR10234463",1,3598,455541
"ERR10234464",1,3953,300562
"ERR10234465",1,3063,300381
"ERR10234466",1,2480,301061
"ERR10234467",1,3111,412135
"ERR10234468",1,2560,344640
"ERR10234469",1,3202,383300
"ERR10234470",1,3366,498190
"ERR10234471",1,569,191303
"ERR10234472",1,2296,303544
"ERR10234473",1,1833,302984
"ERR10234474",1,2508,287036
"ERR10234475",1,3553,314037
"ERR10234476",1,2674,348908
"ERR10234477",1,2175,242802
"ERR10234478",1,2809,422022
"ERR10234479",1,2881,276696
"ERR10234480",1,2650,335178
"ERR10234481",1,2263,260120
"ERR10234482",1,3059,265591
"ERR10234483",1,2341,351931
"ERR10234484",1,921,198823
"ERR10234485",1,3465,344352
"ERR10234486",1,4212,326702
"ERR10234487",1,4047,433244
"ERR10234488",1,2804,386576
"ERR10234489",1,2563,310201
"ERR10234490",1,3765,365247
"ERR10234491",1,3029,450743
"ERR10234492",1,2441,405000
"ERR10234493",1,2238,319095
"ERR10234494",1,2074,265773
"ERR10234495",1,2485,296261
"ERR10234496",1,2643,394827
"ERR10234497",1,3303,491450
"ERR10234498",1,3010,425823
"ERR10234499",1,1986,394928
"ERR10234500",1,359,85272
"ERR10234501",1,878,240488
"ERR10234502",1,599,236049
"ERR10234503",1,3327,357401
"ERR10234504",1,3336,326604
"ERR10234505",1,3151,243661
"ERR10234506",1,3712,286903
"ERR10234507",1,3211,364288
"ERR10234508",1,3185,259561
"ERR10234509",1,2326,208608
"ERR10234510",1,2405,372165
"ERR10234511",1,3928,221215
"ERR10234512",1,3102,307493
"ERR10234513",1,2214,335964
"ERR10234514",1,2174,357142
"ERR10234515",1,3189,353829
"ERR10234516",1,2136,330092
"ERR10234517",1,2626,300812
"ERR10234518",1,2477,293955
"ERR10234519",1,2289,338564
"ERR10234520",1,2282,263321
"ERR10234521",1,2800,279661
"ERR10234522",1,2578,318773
"ERR10234523",1,2585,337400
"ERR10234524",1,2409,266585
"ERR10234525",1,2329,309986
"ERR10234526",1,2580,326437
"ERR10234527",1,2255,302209
"ERR10234528",1,2043,328841
"ERR10234529",1,2747,338983
"ERR10234530",1,3293,205569
"ERR10234531",1,2530,371699
"ERR10234532",1,2503,325021
"ERR10234533",1,809,124326
"ERR10234534",1,3301,340548
"ERR10234535",1,3970,328768
"ERR10234536",1,2715,430573
"ERR10234537",1,2064,261310
"ERR10234538",1,2835,396922
"ERR10234539",1,3296,406135
"ERR10234540",1,2772,432620
"ERR10234541",1,3472,371254
"ERR10234542",1,3762,435939
"ERR10234543",1,4036,368798
"ERR10234544",1,2468,282260
"ERR10234545",1,2647,287627
"ERR10234546",1,2553,168852
"ERR10234547",1,1838,292910
"ERR10234548",1,2799,308257
"ERR10234549",1,2577,170909
"ERR10234550",1,949,327185
"ERR10234551",1,2565,372754
"ERR10234552",1,3330,267150
"ERR10234553",1,3418,265564
"ERR10234554",1,2948,257831
"ERR10234555",1,3316,280929
"ERR10234556",1,641,214938
"ERR10234557",1,2001,292277
"ERR10234558",1,3120,324727
"ERR10234559",1,3424,214892
"ERR10234560",1,3090,228299
"ERR10234561",1,3077,161464
"ERR10234562",1,2841,275614
"ERR10234563",1,3503,286361
"ERR10234564",1,1054,27523
"ERR10234565",1,2211,131845
"ERR10234566",1,2816,163302
"ERR10234567",1,2069,193709
"ERR10234568",1,1399,78255
"ERR10234569",1,2485,135829
"ERR10234570",1,2678,224538
"ERR10234571",1,2741,303180
"ERR10234572",1,2637,182440
"ERR10234573",1,3784,230570
"ERR10234574",1,1711,316040
"ERR10234575",1,1431,335328
"ERR10234576",1,548,323958
"ERR10234577",1,2123,322970
"ERR10234578",1,392,118898
"ERR10234579",1,767,237928
"ERR10234580",1,2573,328302
"ERR10234581",1,3516,237129
"ERR10234582",1,3058,222498
"ERR10234583",1,3245,148416
"ERR10234584",1,3595,250523
"ERR10234585",1,2452,290621
"ERR10234586",1,2481,225369
"ERR10234587",1,1676,308658
"ERR10234588",1,2610,248055
"ERR10234589",1,2470,339663
"ERR10234590",1,1919,412446
"ERR10234591",1,3252,282780
"ERR10234592",1,3039,306512
"ERR10234593",1,1405,141461
"ERR10234594",1,3338,365851
"ERR10234595",1,3256,331009
"ERR10234596",1,1843,50938
"ERR10234597",1,1835,51804
"ERR10234598",1,1897,128757
"ERR10234599",1,1937,129018
"ERR10234600",1,2341,99595
"ERR10234601",1,2327,100675
"ERR10234602",1,2130,67586
"ERR10234603",1,2157,67884
"ERR10234604",1,2260,155832
"ERR10234605",1,2254,157467
"ERR10234606",1,2495,105763
"ERR10234607",1,2552,106299
"ERR10234608",1,179,4317
"ERR10234609",1,179,4302
"ERR10234610",1,368,83978
"ERR10234611",1,403,85666
"ERR10234612",1,2343,109517
"ERR10234613",1,2385,110779
"ERR10234614",1,1909,70708
"ERR10234615",1,1985,70955
"ERR10234616",1,2336,39095
"ERR10234617",1,2368,39374
"ERR10234618",1,2381,93337
"ERR10234619",1,2421,94794
"ERR10234620",1,2101,128538
"ERR10234621",1,2146,130376
"ERR10234622",1,2303,107177
"ERR10234623",1,2375,108357
"ERR10234624",1,1910,105350
"ERR10234625",1,1941,106005
"ERR10234626",1,1805,102319
"ERR10234627",1,1827,103243
"ERR10234628",1,1567,83876
"ERR10234629",1,1593,84836
"ERR10234630",1,1448,70887
"ERR10234631",1,1437,70658
"ERR10234632",1,1832,90885
"ERR10234633",1,1847,90928
"ERR10234634",1,1811,93222
"ERR10234635",1,1862,93603
"ERR10234636",1,3373,106978
"ERR10234637",1,3354,107968
"ERR10234638",1,378,28188
"ERR10234639",1,2116,196110
"ERR10234640",1,2341,164479
"ERR10234641",1,200,5617
"ERR10234642",1,1991,150290
"ERR10234643",1,1653,82320
"ERR10234644",1,2132,191029
"ERR10234645",1,1296,110043
"ERR10234646",1,1259,266450
"ERR10234647",1,1698,129290
"ERR10234648",1,1568,123661
"ERR10234649",1,2019,143904
"ERR10234650",1,2459,99251
"ERR10234651",1,1000,216609
"ERR10234652",1,1667,160369
"ERR10234653",1,1391,158808
"ERR10234654",1,3069,235906
"ERR10234655",1,2049,168612
"ERR10234656",1,1831,94749
"ERR10234657",1,1823,144493
"ERR10234658",1,1431,154843
"ERR10234659",1,1432,145443
"ERR10234660",1,1792,286132
"ERR10234661",1,1710,204424
"ERR10234662",1,1434,144677
"ERR10234663",1,1968,137857
"ERR10234664",1,1822,156472
"ERR10234665",1,1546,269968
"ERR10234666",1,2492,247212
"ERR10234667",1,1876,186419
"ERR10234668",1,1284,273738
"ERR10234669",1,444,82349
"ERR10234670",1,289,179997
"ERR10234671",1,291,16718
"ERR10234672",1,351,53688
"ERR10234673",1,224,9767
"ERR10234674",1,519,21272
"ERR10234675",1,406,29463
"ERR10234676",1,165,10399
"ERR10234677",1,249,27482
"ERR10234678",1,1034,73102
"ERR10234679",1,712,45278
"ERR10234680",1,883,40465
"ERR10234681",1,1080,127204
"ERR10234682",1,688,211713
"ERR10234683",1,1254,106200
"ERR10234684",1,1734,281474
"ERR10234685",1,1477,146260
"ERR10234686",1,2747,168800
"ERR10234687",1,1161,198369
"ERR10234688",1,1449,177585
"ERR10234689",1,1041,174589
"ERR10234690",1,1432,237703
"ERR10234691",1,933,85208
"ERR10234692",1,1096,128164
"ERR10234693",1,1179,53729
"ERR10234694",1,1074,136240
"ERR10234695",1,918,67382
"ERR10234696",1,1774,167440
"ERR10234697",1,1764,157660
"ERR10234698",1,1345,188956
"ERR10234699",1,1265,149053
"ERR10234700",1,1673,200929
"ERR10234701",1,776,47063
"ERR10234702",1,1373,141801
"ERR10234703",1,766,92546
"ERR10234704",1,1374,62999
"ERR10234705",1,1262,149220
"ERR10234706",1,1501,132562
"ERR10234707",1,1488,211237
"ERR10234708",1,1457,114033
"ERR10234709",1,1572,167605
"ERR10234710",1,1286,195643
"ERR10234711",1,1251,146669
"ERR10234712",1,867,225175
"ERR10234713",1,1503,350223
"ERR10234714",1,1218,183272
"ERR10234715",1,1322,127679
"ERR10234716",1,1553,113366
"ERR10234717",1,693,97528
"ERR10234718",1,910,65477
"ERR10234719",1,742,57148
"ERR10234720",1,1263,303219
"ERR10234721",1,836,69467
"ERR10234722",1,1105,283357
"ERR10234723",1,1132,277729
"ERR10234724",1,1225,259674
"ERR10234725",1,1049,221125
"ERR10234726",1,928,116705
"ERR10234727",1,687,79484
"ERR10234728",1,758,146385
"ERR10234729",1,956,229281
"ERR10234730",1,749,68655
"ERR10234731",1,713,37144
"ERR10234732",1,597,44147
"ERR10234733",1,550,30135
"ERR10234734",1,960,55483
"ERR10234735",1,671,47412
"ERR10234736",1,843,54316
"ERR10234737",1,873,71810
"ERR10234738",1,726,43057
"ERR10234739",1,655,59037
"ERR10234740",1,596,63093
"ERR10234741",1,1031,62497
"ERR10234742",1,734,48787
"ERR10234743",1,743,50588
"ERR10234744",1,1129,65967
"ERR10234745",1,694,120488
"ERR10234746",1,819,80289
"ERR10234747",1,782,65589
"ERR10234748",1,797,58439
"ERR10234749",1,1023,131827
"ERR10234750",1,1699,98460
"ERR10234751",1,899,45288
"ERR10234752",1,1453,66228
"ERR10234753",1,961,78953
"ERR10234754",1,590,22739
"ERR10234755",1,811,57147
"ERR10234756",1,661,26844
"ERR10234757",1,787,42103
"ERR10234758",1,647,79365
"ERR10234759",1,773,58027
"ERR10234760",1,838,29794
"ERR10234761",1,700,35274
"ERR10234762",1,740,15646
"ERR10234763",1,607,28209
"ERR10234764",1,575,13498
"ERR10234765",1,835,44833
"ERR10234766",1,1029,102082
"ERR10234767",1,618,60370
"ERR10234768",1,631,10939
"ERR10234769",1,577,14721
"ERR10234770",1,798,11899
"ERR10234771",1,728,31985
"ERR10234772",1,629,25323
"ERR10234773",1,696,61640
"ERR10234774",1,968,37537
"ERR10234775",1,647,46986
"ERR10234776",1,386,43315
"ERR10234777",1,711,54785
"ERR10234778",1,830,76462
"ERR10234779",1,772,46958
"ERR10234780",1,723,45082
"ERR10234781",1,571,66787
"ERR10234782",1,970,35198
"ERR10234783",1,812,84502
"ERR10234784",1,772,19185
"ERR10234785",1,609,18394
"ERR10234786",1,459,8825
"ERR10234787",1,1093,28424
"ERR10234788",1,643,21788
"ERR10234789",1,491,25954
"ERR10234790",1,438,114696
"ERR10234791",1,859,53689
"ERR10234792",1,515,15491
"ERR10234793",1,680,14724
"ERR10234794",1,878,20761
"ERR10234795",1,681,36078
"ERR10234796",1,448,9489
"ERR10234797",1,594,19752
"ERR10234798",1,612,39987
"ERR10234799",1,665,26602
"ERR10234800",1,523,11547
"ERR10234801",1,632,47774
"ERR10234802",1,414,11902
"ERR10234803",1,840,53539
"ERR10234804",1,551,26462
"ERR10234805",1,701,24360
"ERR10234806",1,493,17556
"ERR10234807",1,567,34576
"ERR10234808",1,494,23554
"ERR10234809",1,533,16319
"ERR10234810",1,554,14943
"ERR10234811",1,444,14171
"ERR10234812",1,653,17924
"ERR10234813",1,600,19536
"ERR10234814",1,446,13781
"ERR10234815",1,483,30240
"ERR10234816",1,499,48922
"ERR10234817",1,518,32174
"ERR10234818",1,411,31441
"ERR10234819",1,730,61728
"ERR10234820",1,441,47277
"ERR10234821",1,780,113303
"ERR10234822",1,323,22164
"ERR10234823",1,895,49981
"ERR10234824",1,399,52907
"ERR10234825",1,439,109487
"ERR10234826",1,373,39308
"ERR10234827",1,342,40042
"ERR10234828",1,397,19461
"ERR10234829",1,322,18349
"ERR10234830",1,2781,236515
"ERR10234831",1,963,59177
"ERR10234832",1,931,26048
"ERR10234833",1,828,82847
"ERR10234834",1,600,21199
"ERR10234835",1,718,69518
"ERR10234836",1,689,62631
"ERR10234837",1,802,91711
"ERR10234838",1,938,30721
"ERR10234839",1,170,5126
"ERR10234840",1,901,104008
"ERR10234841",1,152,4620
"ERR10234842",1,396,30872
"ERR10234843",1,156,5347
"ERR10234844",1,158,2663
"ERR10234845",1,84,3144
"ERR10234846",1,655,60011
"ERR10234847",1,1013,103559
"ERR10234848",1,825,105617
"ERR10234849",1,527,37011
"ERR10234850",1,262,151714
"ERR10234851",1,264,164608
"ERR10234852",1,680,68408
"ERR10234853",1,800,101423
"ERR10234854",1,237,11004
"ERR10234855",1,1049,71520
"ERR10234856",1,713,30409
"ERR10234857",1,1269,58733
"ERR10234858",1,1019,87687
"ERR10234859",1,602,172544
"ERR10234860",1,200,124937
"ERR10234861",1,552,169991
"ERR10234862",1,692,152455
"ERR10234863",1,575,46791
"ERR10234864",1,283,57841
"ERR10234865",1,296,98826
"ERR10234866",1,187,73893
"ERR10234867",1,219,103056
"ERR10234868",1,677,72306
"ERR10234869",1,783,266587
"ERR10234870",1,389,22859
"ERR10234871",1,1172,206962
"ERR10234872",1,280,7917
"ERR10234873",1,251,10540
"ERR10234874",1,183,3226
"ERR10234875",1,951,177185
"ERR10234876",1,1331,86551
"ERR10234877",1,461,37027
"ERR10234878",1,240,102331
"ERR10234879",1,306,28541
"ERR10234880",1,2293,255192
"ERR10234881",1,744,41706
"ERR10234882",1,1090,83168
"ERR10234883",1,1132,107546
"ERR10234884",1,413,35512
"ERR10234885",1,1172,99091
"ERR10234886",1,1707,149242
"ERR10234887",1,1724,101599
"ERR10234888",1,1416,122646
"ERR10234889",1,2596,131498
"ERR10234890",1,1685,201298
"ERR10234891",1,926,150443
"ERR10234892",1,1007,208190
"ERR10234893",1,1417,142504
"ERR10234894",1,764,49568
"ERR10234895",1,435,18577
"ERR10234896",1,1460,263126
"ERR10234897",1,644,39191
"ERR10234898",1,562,117718
"ERR10234899",1,1082,253622
"ERR10234900",1,1224,88185
"ERR10234901",1,1082,151136
"ERR10234902",1,866,87812
"ERR10234903",1,1433,163342
"ERR10234904",1,836,144352
"ERR10234905",1,1053,36681
"ERR10234906",1,818,31759
"ERR10234907",1,677,17761
"ERR10234908",1,626,31457
"ERR10234909",1,606,21461
"ERR10234910",1,1431,195609
"ERR10234911",1,402,46919
"ERR10234912",1,431,90817
"ERR10234913",1,701,23304
"ERR10234914",1,549,36760
"ERR10234915",1,435,10275
"ERR10234916",1,2066,225647
"ERR10234917",1,602,23377
"ERR10234918",1,828,96382
"ERR10234919",1,864,80379
"ERR10234920",1,909,38562
"ERR10234921",1,922,75157
"ERR10234922",1,563,40148
"ERR10234923",1,168,2067
"ERR10234924",1,1427,172307
"ERR10234925",1,521,35678
"ERR10234926",1,1600,548166
"ERR10234927",1,1687,250557
"ERR10234928",1,685,323612
"ERR10234929",1,354,200568
"ERR10234930",1,937,386744
"ERR10234931",1,1171,300791
"ERR10234932",1,599,213990
"ERR10234933",1,536,262482
"ERR10234934",1,444,175607
"ERR10234935",1,1044,315715
"ERR10234936",1,1584,650304
"ERR10234937",1,1248,397565
"ERR10234938",1,905,43485
"ERR10234939",1,1064,57887
"ERR10234940",1,1925,227004
"ERR10234941",1,863,82768
"ERR10234942",1,1110,66207
"ERR10234943",1,549,47768
"ERR10234944",1,1822,212785
"ERR10234945",1,1100,299349
"ERR10234946",1,308,208293
"ERR10234947",1,1071,260418
"ERR10234948",1,1508,254554
"ERR10234949",1,929,71548
"ERR10234950",1,1608,75320
"ERR10234951",1,1505,540373
"ERR10234952",1,765,136436
"ERR10234953",1,1335,269370
"ERR10234954",1,856,230737
"ERR10234955",1,1425,129328
"ERR10234956",1,1060,251051
"ERR10234957",1,987,337170
"ERR10234958",1,2101,260351
"ERR10234959",1,1449,135728
"ERR10234960",1,248,25705
"ERR10234961",1,661,42730
"ERR10234962",1,651,43084
"ERR10234963",1,291,29827
"ERR10234964",1,274,30229
"ERR10234965",1,1034,68762
"ERR10234966",1,1056,69141
"ERR10234967",1,1275,136119
"ERR10234968",1,1251,136213
"ERR10234969",1,409,130912
"ERR10234970",1,445,132319
"ERR10234971",1,373,43430
"ERR10234972",1,381,43599
"ERR10234973",1,1285,153728
"ERR10234974",1,1305,154338
"ERR10234975",1,365,67052
"ERR10234976",1,373,67377
"ERR10234977",1,306,29186
"ERR10234978",1,295,29430
"ERR10234979",1,1244,133859
"ERR10234980",1,1236,134915
"ERR10234981",1,350,39710
"ERR10234982",1,364,39993
"ERR10234983",1,482,64403
"ERR10234984",1,491,65074
"ERR10234985",1,710,110969
"ERR10234986",1,709,111578
"ERR10234987",1,676,142159
"ERR10234988",1,706,143330
"ERR10234989",1,907,97894
"ERR10234990",1,912,98863
"ERR10234991",1,1106,97419
"ERR10234992",1,1146,99157
"ERR10234993",1,1382,104383
"ERR10234994",1,1340,105205
"ERR10234995",1,247,16777
"ERR10234996",1,105,1447
"ERR10234997",1,60,4051
"ERR10234998",1,30,239
"ERR10234999",1,105,12129
"ERR10235000",1,103,3530
"ERR10235001",1,279,24277
"ERR10235002",1,79,24502
"ERR10235003",1,154,57630
"ERR10235004",1,122,13685
"ERR10235005",1,140,2332
"ERR10235006",1,177,10016
"ERR10235007",1,141,6226
"ERR10235008",1,118,6694
"ERR10235009",1,113,10926
"ERR10235010",1,110,1370
"ERR10235011",1,79,1007
"ERR10235012",1,94,2545
"ERR10235013",1,134,3374
"ERR10235014",1,82,2258
"ERR10235015",1,102,14803
"ERR10235016",1,114,2048
"ERR10235017",1,219,34907
"ERR10235018",1,102,25469
"ERR10235019",1,150,27674
"ERR10235020",1,141,5040
"ERR10235021",1,107,4277
"ERR10235022",1,135,5071
"ERR10235023",1,540,185635
"ERR10235024",1,876,244846
"ERR10235025",1,1183,171265
"ERR10235026",1,2147,185424
"ERR10235027",1,1200,221419
"ERR10235028",1,398,91221
"ERR10235029",1,945,108855
"ERR10235030",1,245,45694
"ERR10235031",1,1287,374556
"ERR10235032",1,636,296964
"ERR10235033",1,449,347340
"ERR10235034",1,606,400710
"ERR10235035",1,394,393095
"ERR10235036",1,629,240096
"ERR10235037",1,391,412718
"ERR10235038",1,1383,529684
"ERR10235039",1,805,233837
"ERR10235040",1,413,189571
"ERR10235041",1,500,287843
"ERR10235042",1,429,290420
"ERR10235043",1,555,132956
"ERR10235044",1,371,223495
"ERR10235045",1,406,147142
"ERR10235046",1,615,460932
"ERR10235047",1,384,339353
"ERR10235048",1,462,181237
"ERR10235049",1,501,132624
"ERR10235050",1,490,212071
"ERR10235051",1,696,268736
"ERR10235052",1,640,300539
"ERR10235053",1,735,336759
"ERR10235054",1,440,75362
"ERR10235055",1,850,545238
"ERR10235056",1,269,63500
"ERR10235057",1,1160,343871
"ERR10235058",1,794,428085
"ERR10235059",1,652,183899
"ERR10235060",1,1173,242374
"ERR10235061",1,630,176219
"ERR10235062",1,1528,251088
"ERR10235063",1,1103,306369
"ERR10235064",1,901,717706
"ERR10235065",1,79,982
"ERR10235066",1,132,3185
"ERR10235067",1,96,2344
"ERR10235068",1,239,192689
"ERR10235069",1,232,200896
"ERR10235070",1,235,403297
"ERR10235071",1,241,88379
"ERR10235072",1,242,21678
"ERR10235073",1,186,21026
"ERR10235074",1,301,106190
"ERR10235075",1,227,126866
"ERR10235076",1,166,27246
"ERR10235077",1,220,51049
"ERR10235078",1,273,55391
"ERR10235079",1,252,86999
"ERR10235080",1,244,144817
"ERR10235081",1,286,70156
"ERR10235082",1,245,161008
"ERR10235083",1,285,127541
"ERR10235084",1,97,26652
"ERR10235085",1,360,131399
"ERR10235086",1,265,26276
"ERR10235087",1,305,56133
"ERR10235088",1,347,107242
"ERR10235089",1,480,107561
"ERR10235090",1,216,47308
"ERR10235092",1,2055,180186
"ERR10235093",1,1959,188424
"ERR10235094",1,2208,127597
"ERR10235095",1,2052,128416
"ERR10235096",1,2262,180710
"ERR10235097",1,1744,175978
"ERR10235098",1,1942,167724
"ERR10235099",1,2037,197481
"ERR10235100",1,1685,60130
"ERR10235101",1,2562,247094
"ERR10235102",1,2821,172782
"ERR10235103",1,1931,124704
"ERR10235104",1,2682,231062
"ERR10235105",1,2075,112716
"ERR10235106",1,2616,200018
"ERR10235107",1,2820,179403
"ERR10235108",1,715,96392
"ERR10235109",1,556,78051
"ERR10235110",1,583,122656
"ERR10235111",1,308,58705
"ERR10235112",1,453,93608
"ERR10235113",1,1467,147493
"ERR10235114",1,2357,222893
"ERR10235115",1,2312,219797
"ERR10235116",1,1965,153795
"ERR10235117",1,1973,140780
"ERR10235118",1,329,33329
"ERR10235119",1,701,184781
"ERR10235120",1,1284,54000
"ERR10235121",1,1204,136285
"ERR10235122",1,2924,79331
"ERR10235123",1,2497,254998
"ERR10235124",1,2666,161818
"ERR10235125",1,2155,168218
"ERR10235126",1,2287,160089
"ERR10235127",1,3185,180095
"ERR10235128",1,1778,151050
"ERR10235129",1,1745,184199
"ERR10235130",1,1237,130683
"ERR10235131",1,3179,181382
"ERR10235132",1,1746,222184
"ERR10235133",1,2568,169839
"ERR10235134",1,1674,235759
"ERR10235135",1,1541,180998
"ERR10235136",1,1849,95640
"ERR10235137",1,792,115913
"ERR10235138",1,573,75739
"ERR10235139",1,1344,96963
"ERR10235140",1,2651,122950
"ERR10235141",1,1817,124703
"ERR10235142",1,2246,375914
"ERR10235143",1,2687,186835
"ERR10235144",1,2079,115645
"ERR10235145",1,1304,88268
"ERR10235146",1,2283,170575
"ERR10235147",1,1259,124591
"ERR10235148",1,1745,272521
"ERR10235149",1,1952,177011
"ERR10235150",1,1513,157888
"ERR10235151",1,1673,84816
"ERR10235152",1,1772,133060
"ERR10235153",1,1850,127019
"ERR10235154",1,2089,116677
"ERR10235155",1,1734,134444
"ERR10235156",1,1991,130757
"ERR10235157",1,2125,209891
"ERR10235158",1,2104,230202
"ERR10235159",1,1502,146894
"ERR10235160",1,2059,159262
"ERR10235161",1,2405,145938
"ERR10235162",1,983,91452
"ERR10235163",1,2282,241870
"ERR10235164",1,1200,116373
"ERR10235165",1,2191,145578
"ERR10235166",1,1972,80178
"ERR10235167",1,839,120936
"ERR10235168",1,1565,112540
"ERR10235169",1,1137,34024
"ERR10235170",1,1879,150982
"ERR10235171",1,1546,194667
"ERR10235172",1,2000,248920
"ERR10235173",1,1985,253868
"ERR10235174",1,2020,222221
"ERR10235175",1,1792,155391
"ERR10235176",1,1817,163892
"ERR10235177",1,1602,105417
"ERR10235178",1,2289,141476
"ERR10235179",1,1119,128190
"ERR10235180",1,1379,173477
"ERR10235181",1,455,37245
"ERR10235182",1,1026,146868
"ERR10235183",1,1812,144565
"ERR10235184",1,240,22942
"ERR10235185",1,1949,247023
"ERR10235186",1,1782,78924
"ERR10235187",1,1686,167396
"ERR10235188",1,1672,78713
"ERR10235189",1,1403,175930
"ERR10235190",1,1405,237349
"ERR10235191",1,2077,242043
"ERR10235192",1,4472,285935
"ERR10235193",1,2097,60865
"ERR10235194",1,152,16382
"ERR10235195",1,2343,304210
"ERR10235196",1,2110,201615
"ERR10235197",1,1589,248877
"ERR10235198",1,2203,298393
"ERR10969093",1,7,96
"ERR10969094",1,63,587
"ERR10969095",1,23,9653
"ERR10969096",1,27,1822
"ERR10969097",1,25,2703
"ERR10969098",1,33,1044
"ERR10975855",1,50,46458
"ERR10975856",1,46,59250
"ERR10975863",1,38,936
"ERR10975864",1,22,200
"ERR10975871",1,19,108
"ERR10975872",1,53,81729
"ERR10975873",1,53,37514
"ERR10975874",1,21,3115
"ERR10975875",1,58,40631
"ERR10975876",1,51,91901
"ERR2020727",1,1,1
"ERR2020733",1,1,98
"ERR2020734",1,2,757
"ERR2020735",1,2,730
"ERR2020741",1,1,7
"ERR2020744",1,1,21
"ERR2020745",1,2,13
"ERR2020748",1,2,381
"ERR2020749",1,6,4258
"ERR2020750",1,1,392
"ERR2020751",1,2,642
"ERR2020752",1,2,35
"ERR2020753",1,1,9
"ERR2020754",1,3,3
"ERR2044671",1,542,53367
"ERR2044672",1,553,99779
"ERR2044673",1,252,31639
"ERR2044674",1,533,98193
"ERR2044675",1,562,64392
"ERR2044676",1,496,72400
"ERR2044677",1,455,120267
"ERR2044678",1,463,50629
"ERR2044679",1,223,8982
"ERR2112703",1,57,5489
"ERR2112704",1,122,6809
"ERR2112705",1,75,1597
"ERR2112706",1,260,6937
"ERR2112707",1,70,5961
"ERR2112708",1,177,12857
"ERR2112709",1,435,23201
"ERR2112710",1,454,39431
"ERR2112711",1,566,14517
"ERR2112712",1,301,26967
"ERR2112713",1,553,11573
"ERR2112714",1,359,35275
"ERR2172156",1,70,13931
"ERR2172157",1,66,26245
"ERR2172158",1,49,15770
"ERR2172159",1,59,21243
"ERR2172160",1,40,5198
"ERR2172161",1,216,27912
"ERR2172162",1,18,3219
"ERR2172216",1,54,12474
"ERR2172217",1,70,7835
"ERR2172218",1,58,22951
"ERR2172219",1,61,26645
"ERR2172220",1,75,20938
"ERR2172221",1,25,1756
"ERR2172222",1,41,3066
"ERR2172223",1,53,33545
"ERR2172224",1,47,764
"ERR2172225",1,43,28750
"ERR2172226",1,49,40843
"ERR2172227",1,62,18303
"ERR2172228",1,20,34124
"ERR2172229",1,31,11774
"ERR2172230",1,21,3966
"ERR2172231",1,51,13520
"ERR2172232",1,26,17127
"ERR2172233",1,50,12391
"ERR2172234",1,72,45117
"ERR2172235",1,71,22796
"ERR2172236",1,137,7900
"ERR2172237",1,183,27917
"ERR2172238",1,237,26294
"ERR2172239",1,38,18844
"ERR2172240",1,51,7485
"ERR2172241",1,79,10221
"ERR2172242",1,93,35108
"ERR2172243",1,29,14004
"ERR2172244",1,126,38681
"ERR2172245",1,25,285
"ERR2172246",1,52,10198
"ERR2172247",1,70,7830
"ERR2172248",1,13,43
"ERR2172249",1,18,117
"ERR2172250",1,60,4384
"ERR2172251",1,47,21616
"ERR2172252",1,22,14538
"ERR2172253",1,18,20739
"ERR2204414",1,40,1251
"ERR2204843",1,40,1308
"ERR2204844",1,31,1527
"ERR2204845",1,46,3481
"ERR2204846",1,44,2469
"ERR2204847",1,71,939
"ERR2204848",1,50,2049
"ERR2204849",1,29,273
"ERR2204850",1,50,776
"ERR2204851",1,23,152
"ERR2211872",1,23,60
"ERR2211873",1,40,213
"ERR2211874",1,18,41
"ERR2211875",1,14,29
"ERR2211876",1,22,37
"ERR2211877",1,8,20
"ERR2211878",1,20,34
"ERR2211879",1,20,35
"ERR2211880",1,9,13
"ERR2211881",1,31,93
"ERR2211882",1,13,24
"ERR2211883",1,17,51
"ERR2211884",1,9,25
"ERR2211885",1,30,75
"ERR2211886",1,7,9
"ERR2211887",1,18,38
"ERR2211888",1,19,26
"ERR2211889",1,25,49
"ERR2211890",1,22,52
"ERR2211891",1,23,59
"ERR2211892",1,23,63
"ERR2211893",1,29,90
"ERR2211894",1,28,80
"ERR2211895",1,32,115
"ERR2211896",1,34,144
"ERR2211897",1,18,29
"ERR2211898",1,51,178
"ERR2211899",1,47,167
"ERR2211900",1,20,45
"ERR2211901",1,21,58
"ERR2211902",1,13,25
"ERR2211903",1,42,191
"ERR2211904",1,19,76
"ERR2211905",1,30,95
"ERR2211906",1,31,75
"ERR2211907",1,8,27
"ERR2211908",1,28,107
"ERR2211909",1,30,76
"ERR2211910",1,33,71
"ERR2211911",1,34,146
"ERR2211912",1,90,479
"ERR2211913",1,57,300
"ERR2211914",1,43,122
"ERR2211915",1,99,607
"ERR2211916",1,73,371
"ERR2211917",1,30,80
"ERR2211918",1,11,33
"ERR2211919",1,26,63
"ERR2211920",1,47,233
"ERR2211921",1,82,574
"ERR2211922",1,26,41
"ERR2211923",1,14,42
"ERR2211925",1,135,3001
"ERR2211926",1,72,565
"ERR2211927",1,87,1184
"ERR2211928",1,143,4452
"ERR2211929",1,102,1851
"ERR2211930",1,101,812
"ERR2211931",1,123,3073
"ERR2211932",1,155,3222
"ERR2211933",1,149,3448
"ERR2211934",1,127,1717
"ERR2211935",1,106,1265
"ERR2211936",1,131,3068
"ERR2211937",1,91,1106
"ERR2211938",1,107,1717
"ERR2211939",1,138,4151
"ERR2211940",1,139,3712
"ERR2211941",1,94,1338
"ERR2211942",1,201,5231
"ERR2211943",1,136,2328
"ERR2211944",1,176,7550
"ERR2211945",1,180,4200
"ERR2211946",1,177,7357
"ERR2211947",1,107,1124
"ERR2211948",1,67,405
"ERR2211949",1,115,2856
"ERR2211950",1,116,2099
"ERR2211951",1,127,1883
"ERR2211952",1,106,999
"ERR2211953",1,127,4722
"ERR2211954",1,62,221
"ERR2211955",1,109,2848
"ERR2211956",1,99,1040
"ERR2211957",1,81,574
"ERR2211958",1,94,1051
"ERR2211959",1,105,1026
"ERR2211960",1,52,174
"ERR2211961",1,67,320
"ERR2211962",1,76,550
"ERR2211963",1,108,743
"ERR2211964",1,111,839
"ERR2211965",1,133,2184
"ERR2211966",1,144,3650
"ERR2211967",1,19,26
"ERR2211968",1,135,1895
"ERR2211969",1,90,509
"ERR2211970",1,149,1425
"ERR2211971",1,87,569
"ERR2211972",1,184,4965
"ERR2211973",1,210,4365
"ERR2211974",1,107,1416
"ERR2211975",1,198,4743
"ERR2211976",1,115,999
"ERR2211977",1,230,14874
"ERR2211978",1,183,2333
"ERR2211979",1,142,1087
"ERR2211980",1,222,4267
"ERR2211981",1,192,2518
"ERR2211982",1,164,2257
"ERR2211983",1,112,1415
"ERR2211984",1,82,3032
"ERR2211985",1,70,605
"ERR2211986",1,71,312
"ERR2211987",1,77,1014
"ERR2211988",1,51,213
"ERR2211989",1,25,58
"ERR2211990",1,46,352
"ERR2211991",1,116,1561
"ERR2211992",1,88,1665
"ERR2211993",1,75,1894
"ERR2211994",1,128,1695
"ERR2211995",1,144,2124
"ERR2211996",1,138,2758
"ERR2211997",1,126,2207
"ERR2211998",1,124,1358
"ERR2211999",1,181,6183
"ERR2212000",1,166,6078
"ERR2212001",1,60,434
"ERR2212002",1,131,4133
"ERR2212003",1,12,23
"ERR2212004",1,147,3214
"ERR2212005",1,113,2000
"ERR2212006",1,146,2100
"ERR2212007",1,33,108
"ERR2212008",1,209,5100
"ERR2212009",1,200,3676
"ERR2212010",1,131,1554
"ERR2212011",1,38,144
"ERR2212126",1,54,204
"ERR2212127",1,66,755
"ERR2212128",1,52,205
"ERR2212129",1,39,115
"ERR2212130",1,41,118
"ERR2212131",1,22,55
"ERR2212132",1,29,63
"ERR2212133",1,53,189
"ERR2212134",1,23,63
"ERR2212135",1,61,284
"ERR2212136",1,65,243
"ERR2212137",1,31,159
"ERR2212138",1,46,223
"ERR2212139",1,54,230
"ERR2212140",1,21,37
"ERR2212141",1,51,179
"ERR2212142",1,49,146
"ERR2212143",1,57,168
"ERR2212144",1,48,136
"ERR2212145",1,37,146
"ERR2212146",1,71,339
"ERR2212147",1,79,377
"ERR2212148",1,82,375
"ERR2212149",1,94,612
"ERR2212150",1,68,547
"ERR2212151",1,52,154
"ERR2212152",1,87,725
"ERR2212153",1,81,626
"ERR2212154",1,55,203
"ERR2212155",1,49,197
"ERR2212156",1,17,37
"ERR2212157",1,74,683
"ERR2212158",1,41,230
"ERR2212159",1,63,319
"ERR2212160",1,54,185
"ERR2212161",1,28,112
"ERR2212162",1,64,462
"ERR2212163",1,64,201
"ERR2212164",1,63,214
"ERR2212165",1,69,423
"ERR2212166",1,114,1192
"ERR2212167",1,89,814
"ERR2212168",1,62,318
"ERR2212169",1,140,1567
"ERR2212170",1,115,926
"ERR2212171",1,64,268
"ERR2212172",1,41,133
"ERR2212173",1,48,195
"ERR2212174",1,89,823
"ERR2212175",1,123,1074
"ERR2212176",1,29,58
"ERR2212177",1,48,168
"ERR2212178",1,19,23
"ERR2212179",1,167,5421
"ERR2212180",1,87,822
"ERR2212181",1,125,1952
"ERR2212182",1,187,8772
"ERR2212183",1,120,3488
"ERR2212184",1,134,1494
"ERR2212185",1,148,6848
"ERR2212186",1,206,7368
"ERR2212187",1,185,7324
"ERR2212188",1,178,4271
"ERR2212189",1,152,2972
"ERR2212190",1,148,6464
"ERR2212191",1,107,1909
"ERR2212192",1,161,6242
"ERR2212193",1,168,10979
"ERR2212194",1,175,8893
"ERR2212195",1,136,2788
"ERR2212196",1,271,14854
"ERR2212197",1,188,5921
"ERR2212198",1,231,17874
"ERR2212199",1,244,10545
"ERR2212200",1,252,19031
"ERR2212201",1,140,2198
"ERR2212202",1,92,998
"ERR2212203",1,167,7216
"ERR2212204",1,151,4094
"ERR2212205",1,208,6724
"ERR2212206",1,125,1770
"ERR2212207",1,153,9025
"ERR2212208",1,85,565
"ERR2212209",1,129,5566
"ERR2212210",1,124,2721
"ERR2212211",1,90,1034
"ERR2212212",1,118,2544
"ERR2212213",1,113,2005
"ERR2212214",1,108,560
"ERR2212215",1,105,797
"ERR2212216",1,119,1188
"ERR2212217",1,127,1505
"ERR2212218",1,161,2199
"ERR2212219",1,226,6956
"ERR2212220",1,208,10719
"ERR2212221",1,53,108
"ERR2212222",1,177,4824
"ERR2212223",1,146,1602
"ERR2212224",1,234,3754
"ERR2212225",1,160,2020
"ERR2212226",1,272,12163
"ERR2212227",1,298,11935
"ERR2212228",1,179,3503
"ERR2212229",1,273,11779
"ERR2212230",1,172,2399
"ERR2212231",1,335,42312
"ERR2212232",1,274,5913
"ERR2212233",1,186,2325
"ERR2212234",1,302,9076
"ERR2212235",1,255,5405
"ERR2212236",1,250,6272
"ERR2212237",1,155,3643
"ERR2212238",1,130,7706
"ERR2212239",1,98,1513
"ERR2212240",1,120,1166
"ERR2212241",1,139,2793
"ERR2212242",1,75,442
"ERR2212243",1,30,91
"ERR2212244",1,68,569
"ERR2212245",1,142,3556
"ERR2212246",1,114,4740
"ERR2212247",1,113,4473
"ERR2212248",1,191,5503
"ERR2212249",1,222,7670
"ERR2212250",1,198,7142
"ERR2212251",1,174,7021
"ERR2212252",1,198,5070
"ERR2212253",1,263,18092
"ERR2212254",1,218,18132
"ERR2212255",1,98,956
"ERR2212256",1,165,10072
"ERR2212257",1,61,155
"ERR2212258",1,212,10324
"ERR2212259",1,168,5845
"ERR2212260",1,250,6497
"ERR2212261",1,90,584
"ERR2212262",1,290,11680
"ERR2212263",1,265,8304
"ERR2212264",1,197,4840
"ERR2212265",1,98,621
"ERR2212505",1,342,19074
"ERR2212506",1,405,10713
"ERR2212507",1,662,23787
"ERR2212508",1,601,12203
"ERR2212509",1,199,15958
"ERR2212510",1,338,18228
"ERR2212511",1,363,10365
"ERR2212512",1,444,18872
"ERR2212513",1,138,12091
"ERR2212514",1,330,16648
"ERR2212515",1,613,48389
"ERR2212516",1,350,22804
"ERR2212517",1,305,9577
"ERR2212518",1,286,14915
"ERR2212519",1,377,4436
"ERR2212520",1,351,11258
"ERR2212521",1,151,3271
"ERR2212522",1,329,6741
"ERR2212523",1,91,4493
"ERR2212524",1,621,18233
"ERR2212525",1,181,7579
"ERR2212526",1,90,28506
"ERR2212527",1,411,14808
"ERR2212528",1,64,7190
"ERR2212529",1,158,4062
"ERR2212530",1,201,12296
"ERR2212531",1,372,12657
"ERR2212532",1,47,6258
"ERR2212533",1,256,12290
"ERR2212534",1,50,11480
"ERR2212535",1,433,20269
"ERR2212536",1,302,42984
"ERR2212537",1,245,5842
"ERR2212538",1,301,24437
"ERR2212539",1,325,11544
"ERR2212540",1,71,11279
"ERR2212541",1,252,9754
"ERR2212542",1,334,25368
"ERR2212543",1,469,16353
"ERR2212544",1,334,23006
"ERR2212545",1,329,17780
"ERR2212546",1,234,7868
"ERR2212547",1,590,25241
"ERR2212548",1,300,19898
"ERR2212549",1,398,20413
"ERR2212550",1,388,10844
"ERR2212551",1,528,20405
"ERR2212552",1,754,34967
"ERR2212553",1,460,14740
"ERR2212554",1,405,9273
"ERR2212555",1,730,13358
"ERR2212556",1,728,18024
"ERR2215458",1,3,9
"ERR2215459",1,6,12
"ERR2215460",1,15,110
"ERR2215461",1,9,23
"ERR2215462",1,3,15
"ERR2215463",1,2,3
"ERR2215464",1,7,16
"ERR2215465",1,11,22
"ERR2216329",1,1,11
"ERR2219129",1,317,1170
"ERR2219130",1,192,525
"ERR2219131",1,241,807
"ERR2219132",1,123,317
"ERR2219133",1,326,1198
"ERR2219134",1,350,1376
"ERR2219135",1,369,1903
"ERR2219136",1,311,1428
"ERR2219137",1,282,1139
"ERR2219138",1,163,735
"ERR2219139",1,248,790
"ERR2219140",1,237,911
"ERR2219141",1,310,1155
"ERR2219142",1,188,939
"ERR2219143",1,244,743
"ERR2219144",1,116,400
"ERR2219145",1,215,612
"ERR2219146",1,125,300
"ERR2219147",1,134,455
"ERR2219148",1,57,122
"ERR2219149",1,290,936
"ERR2219150",1,145,501
"ERR2219151",1,329,1321
"ERR2219152",1,222,828
"ERR2219153",1,272,1017
"ERR2219154",1,160,603
"ERR2219155",1,296,970
"ERR2219156",1,155,707
"ERR2219157",1,117,1120
"ERR2219158",1,18,1319
"ERR2219159",1,140,1548
"ERR2219160",1,39,715
"ERR2219161",1,90,1030
"ERR2219162",1,134,503
"ERR2219163",1,35,738
"ERR2219164",1,54,356
"ERR2219165",1,262,1022
"ERR2219166",1,267,963
"ERR2219927",1,2,4694
"ERR2219928",1,1,7363
"ERR2219929",1,3,16101
"ERR2219930",1,3,10516
"ERR2219931",1,2,8044
"ERR2220158",1,1253,35762
"ERR2220159",1,3,6
"ERR2220160",1,46,55
"ERR2220161",1,596,58122
"ERR2220162",1,607,85302
"ERR2220163",1,1608,58621
"ERR2220164",1,751,11982
"ERR2220165",1,345,10507
"ERR2220166",1,184,13030
"ERR2220167",1,623,29343
"ERR2220168",1,740,90136
"ERR2220169",1,1990,77175
"ERR2220170",1,1591,38387
"ERR2220171",1,1307,78752
"ERR2220172",1,233,23417
"ERR2220173",1,545,22165
"ERR2220174",1,281,12122
"ERR2220175",1,359,86531
"ERR2220176",1,1008,88711
"ERR2220177",1,1704,52524
"ERR2220178",1,937,38866
"ERR2220179",1,355,39230
"ERR2220180",1,163,17711
"ERR2220181",1,342,25673
"ERR2220182",1,883,10740
"ERR2220183",1,191,1837
"ERR2220184",1,1735,79086
"ERR2220185",1,1260,40549
"ERR2220187",1,76,2343
"ERR2220188",1,472,16710
"ERR2220189",1,838,52428
"ERR2220190",1,838,27974
"ERR2220191",1,1263,50025
"ERR2220192",1,681,124763
"ERR2220193",1,81,1514
"ERR2220194",1,212,7013
"ERR2220195",1,758,19985
"ERR2220196",1,519,29575
"ERR2220197",1,187,16611
"ERR2220198",1,775,12352
"ERR2220199",1,73,3138
"ERR2220200",1,395,19840
"ERR2220201",1,142,5105
"ERR2220202",1,417,14109
"ERR2220203",1,764,41148
"ERR2220204",1,789,50203
"ERR2220206",1,186,3525
"ERR2220207",1,293,16574
"ERR2220208",1,589,4730
"ERR2220209",1,842,11923
"ERR2220210",1,414,38129
"ERR2220211",1,447,17574
"ERR2220212",1,1265,25067
"ERR2220213",1,1542,47577
"ERR2220214",1,339,23844
"ERR2220215",1,93,12081
"ERR2220216",1,709,12648
"ERR2220217",1,707,25957
"ERR2220218",1,889,33458
"ERR2220219",1,1524,23006
"ERR2220220",1,65,22797
"ERR2220221",1,32,11232
"ERR2220222",1,601,19993
"ERR2220223",1,579,33735
"ERR2220224",1,941,54741
"ERR2220225",1,1194,17602
"ERR2220226",1,1436,50238
"ERR2220227",1,18,21
"ERR2220228",1,779,53865
"ERR2220229",1,480,70703
"ERR2220230",1,375,45107
"ERR2220231",1,839,19168
"ERR2220232",1,1371,32400
"ERR2220233",1,1046,31764
"ERR2220234",1,361,22071
"ERR2220235",1,183,51917
"ERR2220236",1,338,40892
"ERR2220237",1,701,30123
"ERR2220238",1,515,3267
"ERR2220239",1,22,28
"ERR2220240",1,1865,79590
"ERR2220241",1,35,37
"ERR2220242",1,23,143
"ERR2220243",1,9,10
"ERR2220244",1,22,24
"ERR2220245",1,28,2775
"ERR2220246",1,845,28177
"ERR2220247",1,710,81390
"ERR2220248",1,161,834
"ERR2220249",1,453,51882
"ERR2220250",1,642,31765
"ERR2220251",1,337,24128
"ERR2220252",1,1065,44392
"ERR2220253",1,347,2791
"ERR2220254",1,11,14
"ERR2220255",1,19,27
"ERR2220256",1,33,48
"ERR2220257",1,119,342
"ERR2220258",1,256,1295
"ERR2220259",1,140,459
"ERR2220260",1,1051,43293
"ERR2220261",1,499,11936
"ERR2220262",1,384,4370
"ERR2220263",1,106,1850
"ERR2220264",1,110,303
"ERR2220265",1,106,382
"ERR2220266",1,152,682
"ERR2220267",1,135,789
"ERR2220268",1,340,3270
"ERR2220269",1,350,2476
"ERR2220270",1,646,15943
"ERR2220271",1,1506,42218
"ERR2220272",1,394,2450
"ERR2220273",1,555,7315
"ERR2220274",1,67,221
"ERR2220275",1,69,146
"ERR2220276",1,272,1250
"ERR2220277",1,59,104
"ERR2220278",1,636,9666
"ERR2220279",1,226,760
"ERR2220280",1,4,4
"ERR2220281",1,541,10775
"ERR2220282",1,149,552
"ERR2220283",1,158,524
"ERR2220284",1,41,67
"ERR2220285",1,566,5658
"ERR2220286",1,43,180
"ERR2220287",1,155,652
"ERR2220288",1,222,1313
"ERR2220289",1,301,1402
"ERR2220290",1,297,1445
"ERR2220291",1,566,5325
"ERR2220292",1,848,20968
"ERR2220293",1,676,9055
"ERR2220294",1,321,12506
"ERR2220295",1,225,1421
"ERR2220296",1,528,4307
"ERR2220297",1,198,591
"ERR2220298",1,972,11900
"ERR2220299",1,171,402
"ERR2220300",1,96,317
"ERR2220301",1,986,17305
"ERR2220302",1,58,130
"ERR2220303",1,58,98
"ERR2220304",1,106,181
"ERR2220305",1,745,9132
"ERR2220306",1,805,9251
"ERR2220307",1,983,13301
"ERR2220308",1,230,6932
"ERR2220309",1,239,1988
"ERR2220310",1,90,158
"ERR2220311",1,934,10935
"ERR2220312",1,966,16035
"ERR2220313",1,173,577
"ERR2220314",1,587,9592
"ERR2220315",1,94,377
"ERR2220316",1,489,14737
"ERR2220317",1,985,12556
"ERR2220318",1,164,559
"ERR2220319",1,348,14846
"ERR2220320",1,170,584
"ERR2220321",1,699,16089
"ERR2220322",1,214,1350
"ERR2220323",1,434,5422
"ERR2220324",1,249,1822
"ERR2220325",1,452,11723
"ERR2220326",1,293,3605
"ERR2220327",1,1145,51151
"ERR2220328",1,330,2224
"ERR2220329",1,1115,26502
"ERR2220330",1,3,3
"ERR2220331",1,130,447
"ERR2220332",1,411,6918
"ERR2220333",1,424,6473
"ERR2220334",1,79,255
"ERR2220335",1,1200,47251
"ERR2220336",1,214,1206
"ERR2220385",1,67,15265
"ERR2220386",1,87,8069
"ERR2220387",1,56,14318
"ERR2220388",1,65,9573
"ERR2220389",1,80,4141
"ERR2220390",1,70,15595
"ERR2220391",1,96,14622
"ERR2220392",1,115,24111
"ERR2220393",1,209,22742
"ERR2220394",1,106,12564
"ERR2220395",1,114,14418
"ERR2220396",1,120,18823
"ERR2220397",1,119,15932
"ERR2220398",1,265,39752
"ERR2220399",1,260,27959
"ERR2220400",1,110,19197
"ERR2220401",1,109,34328
"ERR2220402",1,199,27072
"ERR2220403",1,128,11300
"ERR2220404",1,152,20984
"ERR2220405",1,219,25969
"ERR2220406",1,90,9095
"ERR2220407",1,141,14275
"ERR2220408",1,238,24283
"ERR2220409",1,115,11554
"ERR2220410",1,134,20149
"ERR2220411",1,322,35373
"ERR2220412",1,138,9877
"ERR2220413",1,149,15555
"ERR2220414",1,340,29903
"ERR2220415",1,109,11191
"ERR2220416",1,140,15062
"ERR2220417",1,332,36116
"ERR2220418",1,123,13813
"ERR2220419",1,136,18416
"ERR2220420",1,236,16611
"ERR2220421",1,152,11947
"ERR2220422",1,157,17272
"ERR2220423",1,349,21064
"ERR2220424",1,121,15342
"ERR2220425",1,175,20447
"ERR2220426",1,352,29977
"ERR2220427",1,258,22387
"ERR2220428",1,147,25603
"ERR2220429",1,373,33129
"ERR2220430",1,157,22274
"ERR2220431",1,173,27116
"ERR2220432",1,349,29497
"ERR2220433",1,154,21087
"ERR2220434",1,152,26996
"ERR2220435",1,347,29567
"ERR2220436",1,148,22884
"ERR2220437",1,164,22081
"ERR2220438",1,295,28653
"ERR2220439",1,149,23981
"ERR2220440",1,159,24421
"ERR2220441",1,338,24713
"ERR2220442",1,175,30507
"ERR2220443",1,147,24512
"ERR2220444",1,185,21892
"ERR2220445",1,309,27352
"ERR2220446",1,332,24220
"ERR2220447",1,148,24230
"ERR2220448",1,172,22821
"ERR2220449",1,322,33054
"ERR2220450",1,147,23151
"ERR2220451",1,369,33946
"ERR2220452",1,186,32004
"ERR2220453",1,144,20613
"ERR2220454",1,208,27011
"ERR2220455",1,152,16286
"ERR2220456",1,337,29303
"ERR2220457",1,358,30733
"ERR2220458",1,154,25171
"ERR2220459",1,169,23390
"ERR2220460",1,339,30391
"ERR2220461",1,115,32173
"ERR2220462",1,120,28980
"ERR2220463",1,206,18482
"ERR2220464",1,127,35991
"ERR2220465",1,147,30836
"ERR2220466",1,251,23620
"ERR2220467",1,144,30088
"ERR2220468",1,135,34585
"ERR2220469",1,250,19518
"ERR2220470",1,74,13074
"ERR2220471",1,82,14938
"ERR2220472",1,298,22640
"ERR2220473",1,109,25635
"ERR2220474",1,122,19187
"ERR2220475",1,140,14046
"ERR2220476",1,143,14713
"ERR2220477",1,387,25185
"ERR2220478",1,391,12298
"ERR2220479",1,139,22745
"ERR2220480",1,136,27643
"ERR2220481",1,299,28417
"ERR2220482",1,97,32097
"ERR2220483",1,86,11205
"ERR2220484",1,334,23041
"ERR2220485",1,97,23356
"ERR2220486",1,100,9118
"ERR2220487",1,344,15841
"ERR2220488",1,100,11599
"ERR2220489",1,111,8552
"ERR2220490",1,251,18419
"ERR2220491",1,95,12013
"ERR2220492",1,112,8116
"ERR2220493",1,413,32643
"ERR2220494",1,90,10217
"ERR2220495",1,151,9587
"ERR2220496",1,408,29898
"ERR2220497",1,94,9344
"ERR2220498",1,136,10264
"ERR2220499",1,429,21034
"ERR2220500",1,90,20352
"ERR2220501",1,114,10543
"ERR2220502",1,458,24386
"ERR2220503",1,112,13163
"ERR2220504",1,120,12460
"ERR2220505",1,271,10498
"ERR2220506",1,117,22157
"ERR2220507",1,128,18764
"ERR2220508",1,271,11417
"ERR2220509",1,98,15064
"ERR2220510",1,115,17332
"ERR2220511",1,281,14757
"ERR2220512",1,116,18938
"ERR2220513",1,131,14815
"ERR2220514",1,248,13079
"ERR2220515",1,118,12845
"ERR2220516",1,144,23291
"ERR2220517",1,289,11193
"ERR2220518",1,141,16130
"ERR2220519",1,126,17350
"ERR2220520",1,292,22163
"ERR2220521",1,106,23805
"ERR2220522",1,121,23524
"ERR2220523",1,300,20779
"ERR2220524",1,125,30786
"ERR2220525",1,149,20917
"ERR2220526",1,279,16667
"ERR2220527",1,101,5410
"ERR2220528",1,124,17201
"ERR2220529",1,441,29964
"ERR2220530",1,118,21477
"ERR2220531",1,130,12427
"ERR2220532",1,376,19273
"ERR2220533",1,94,18860
"ERR2220534",1,117,16604
"ERR2220535",1,353,13281
"ERR2220536",1,116,20071
"ERR2220537",1,147,19151
"ERR2220538",1,87,23677
"ERR2220539",1,148,27258
"ERR2220540",1,156,23645
"ERR2220541",1,363,29239
"ERR2220542",1,380,23904
"ERR2220543",1,107,17663
"ERR2220544",1,133,20435
"ERR2220545",1,141,22289
"ERR2220546",1,161,19294
"ERR2220547",1,376,29149
"ERR2220548",1,106,18869
"ERR2220549",1,138,15933
"ERR2220550",1,376,35305
"ERR2220551",1,89,18406
"ERR2220552",1,137,18222
"ERR2220553",1,421,32706
"ERR2220554",1,178,19391
"ERR2220555",1,170,19391
"ERR2220556",1,234,19939
"ERR2220557",1,180,15591
"ERR2220558",1,211,15067
"ERR2220559",1,207,15092
"ERR2220560",1,233,11873
"ERR2220561",1,251,15168
"ERR2220562",1,221,12801
"ERR2220563",1,149,7485
"ERR2220564",1,145,8393
"ERR2220565",1,176,18343
"ERR2220566",1,229,22926
"ERR2220567",1,230,19661
"ERR2220568",1,171,18338
"ERR2220569",1,229,17946
"ERR2220570",1,333,22767
"ERR2220571",1,189,19091
"ERR2220572",1,177,16397
"ERR2220573",1,255,23031
"ERR2221448",1,1,4
"ERR2221455",1,1,1
"ERR2221458",1,2,12
"ERR2221459",1,1,73
"ERR2221483",1,1,7
"ERR2221490",1,1,12
"ERR2221515",1,1,30
"ERR2221517",1,1,99
"ERR2222646",1,88,1748
"ERR2222647",1,80,1304
"ERR2222648",1,113,2341
"ERR2222649",1,110,2612
"ERR2222650",1,59,263
"ERR2222651",1,17,28
"ERR2222652",1,61,1322
"ERR2222653",1,59,2518
"ERR2222654",1,64,2047
"ERR2222655",1,48,614
"ERR2222656",1,46,392
"ERR2222657",1,18,105
"ERR2222658",1,52,1423
"ERR2222659",1,58,1317
"ERR2222660",1,60,1462
"ERR2222661",1,93,2659
"ERR2222662",1,158,1985
"ERR2222663",1,209,2075
"ERR2222664",1,64,1325
"ERR2222665",1,46,867
"ERR2222666",1,56,1252
"ERR2222667",1,61,1244
"ERR2222668",1,147,2275
"ERR2222669",1,182,1493
"ERR2222670",1,49,1395
"ERR2222671",1,48,1020
"ERR2222672",1,55,1423
"ERR2222673",1,69,1535
"ERR2222674",1,145,2414
"ERR2222675",1,249,4230
"ERR2222676",1,64,1269
"ERR2222677",1,68,1930
"ERR2222678",1,42,680
"ERR2222679",1,58,1117
"ERR2222681",1,161,1336
"ERR2222682",1,53,1615
"ERR2222683",1,69,1748
"ERR2222684",1,56,1085
"ERR2222685",1,62,1379
"ERR2222686",1,118,2264
"ERR2222687",1,99,569
"ERR2223219",1,1205,100727
"ERR2223220",1,1347,63699
"ERR2223221",1,1164,15064
"ERR2223222",1,857,6566
"ERR2223223",1,1430,48848
"ERR2223224",1,387,6523
"ERR2223225",1,1689,161865
"ERR2223226",1,1550,94421
"ERR2223227",1,789,11383
"ERR2223228",1,982,33845
"ERR2223229",1,461,2576
"ERR2223230",1,608,4156
"ERR2223231",1,1362,80642
"ERR2223232",1,1298,46594
"ERR2223233",1,1820,223981
"ERR2223234",1,1534,110932
"ERR2223235",1,350,45709
"ERR2223236",1,833,7905
"ERR2223237",1,1006,41118
"ERR2223238",1,1124,55613
"ERR2223239",1,80,2750
"ERR2223240",1,865,74016
"ERR2223241",1,84,4531
"ERR2223242",1,79,17750
"ERR2223243",1,867,26626
"ERR2223244",1,753,37608
"ERR2223245",1,1095,46702
"ERR2223246",1,511,5048
"ERR2223247",1,186,13936
"ERR2223248",1,382,64717
"ERR2223249",1,1044,294522
"ERR2223250",1,772,70743
"ERR2223251",1,514,15078
"ERR2223252",1,424,53685
"ERR2223253",1,310,15075
"ERR2223254",1,287,3573
"ERR2223255",1,910,30052
"ERR2223256",1,820,19396
"ERR2223257",1,775,10041
"ERR2223258",1,763,17075
"ERR2223259",1,572,24948
"ERR2223260",1,1092,43835
"ERR2223261",1,231,18100
"ERR2223262",1,19,3980
"ERR2223263",1,312,40921
"ERR2223264",1,493,17385
"ERR2223265",1,830,14708
"ERR2223266",1,1024,168161
"ERR2223267",1,618,6174
"ERR2223268",1,192,629
"ERR2223269",1,765,13225
"ERR2223270",1,285,1221
"ERR2223271",1,1083,40069
"ERR2223272",1,1118,24467
"ERR2223273",1,1563,202798
"ERR2223274",1,290,7949
"ERR2223275",1,1191,153129
"ERR2223276",1,909,76618
"ERR2223277",1,932,43629
"ERR2223278",1,798,19169
"ERR2223279",1,315,1776
"ERR2223280",1,474,3160
"ERR2223281",1,568,5151
"ERR2223282",1,1521,157877
"ERR2223283",1,720,109132
"ERR2223284",1,708,18158
"ERR2223285",1,752,17719
"ERR2223286",1,219,2777
"ERR2223287",1,1250,45290
"ERR2223288",1,1046,37114
"ERR2223289",1,459,2050
"ERR2223290",1,1414,29288
"ERR2223291",1,867,9919
"ERR2223292",1,1391,52741
"ERR2223293",1,1721,151181
"ERR2223294",1,1080,28308
"ERR2223295",1,1678,226532
"ERR2223296",1,277,58411
"ERR2223297",1,1860,245372
"ERR2223298",1,635,14589
"ERR2223299",1,986,94900
"ERR2223300",1,1132,42984
"ERR2223301",1,1380,94529
"ERR2223302",1,595,8461
"ERR2223303",1,1278,22165
"ERR2223304",1,1034,19671
"ERR2223305",1,1314,231908
"ERR2223306",1,1072,15783
"ERR2223307",1,1318,24903
"ERR2223308",1,1137,45943
"ERR2223309",1,1272,56166
"ERR2223310",1,950,18708
"ERR2223311",1,1006,12259
"ERR2223312",1,1621,112666
"ERR2223313",1,604,3811
"ERR2223314",1,491,3348
"ERR2223315",1,1159,24295
"ERR2223316",1,1037,91403
"ERR2223317",1,519,3152
"ERR2223318",1,641,26209
"ERR2223319",1,727,15151
"ERR2223320",1,1300,124396
"ERR2223321",1,774,28805
"ERR2223322",1,531,294791
"ERR2223323",1,841,138212
"ERR2223324",1,815,11802
"ERR2223325",1,1172,72309
"ERR2223326",1,407,2412
"ERR2223327",1,754,12388
"ERR2223328",1,1011,132690
"ERR2223329",1,634,7838
"ERR2223330",1,941,166098
"ERR2223331",1,1064,11970
"ERR2223332",1,641,7985
"ERR2223333",1,1335,32682
"ERR2223334",1,183,8732
"ERR2223335",1,712,14272
"ERR2223336",1,334,1776
"ERR2223337",1,1094,31024
"ERR2223338",1,1538,194745
"ERR2223339",1,1354,157228
"ERR2223340",1,1468,195926
"ERR2223341",1,917,25026
"ERR2223342",1,1325,157588
"ERR2225529",1,32,1847
"ERR2225530",1,56,13606
"ERR2225531",1,42,10598
"ERR2225532",1,41,1983
"ERR2225533",1,46,15316
"ERR2225534",1,38,13017
"ERR2225535",1,48,6110
"ERR2225536",1,55,11071
"ERR2225537",1,39,5929
"ERR2225538",1,34,2706
"ERR2225539",1,52,8783
"ERR2225540",1,31,5238
"ERR2225541",1,40,4551
"ERR2225542",1,52,9294
"ERR2225543",1,36,2554
"ERR2225544",1,53,8612
"ERR2225545",1,62,11737
"ERR2225546",1,49,8799
"ERR2225547",1,13,3257
"ERR2225548",1,52,7034
"ERR2225549",1,47,7224
"ERR2225550",1,29,687
"ERR2225551",1,82,13099
"ERR2225552",1,46,7322
"ERR2225553",1,43,2419
"ERR2225554",1,58,7460
"ERR2225555",1,59,8548
"ERR2225556",1,55,3273
"ERR2225557",1,56,6522
"ERR2225558",1,47,7259
"ERR2225559",1,48,3252
"ERR2225560",1,28,698
"ERR2225561",1,35,1387
"ERR2225562",1,65,2466
"ERR2225563",1,10,969
"ERR2225564",1,23,2247
"ERR2225565",1,20,970
"ERR2225566",1,28,1603
"ERR2225567",1,24,496
"ERR2225568",1,47,1498
"ERR2225569",1,29,463
"ERR2225570",1,28,443
"ERR2225571",1,28,412
"ERR2225572",1,23,2090
"ERR2225573",1,23,499
"ERR2225574",1,8,18
"ERR2225575",1,29,258
"ERR2225576",1,25,1087
"ERR2225577",1,41,7997
"ERR2225578",1,63,10355
"ERR2225579",1,49,11461
"ERR2225580",1,43,20891
"ERR2225581",1,55,13432
"ERR2225582",1,30,4856
"ERR2225583",1,30,1752
"ERR2225584",1,53,14052
"ERR2225585",1,45,8401
"ERR2225586",1,46,9791
"ERR2225587",1,74,15440
"ERR2225588",1,43,12136
"ERR2225589",1,49,7091
"ERR2225590",1,62,8577
"ERR2225591",1,36,6546
"ERR2225592",1,25,4138
"ERR2225593",1,36,5919
"ERR2225594",1,16,856
"ERR2225595",1,13,196
"ERR2225596",1,19,275
"ERR2225597",1,9,123
"ERR2225598",1,16,47
"ERR2225599",1,6,38
"ERR2225600",1,13,22
"ERR2225601",1,54,23379
"ERR2225602",1,73,19817
"ERR2225603",1,54,11092
"ERR2225604",1,16,182
"ERR2225605",1,17,157
"ERR2225606",1,33,405
"ERR2225607",1,12,240
"ERR2225608",1,78,7403
"ERR2225609",1,72,7601
"ERR2225610",1,72,11159
"ERR2226619",1,341,19601
"ERR2226620",1,636,18537
"ERR2226621",1,396,22796
"ERR2226622",1,309,5789
"ERR2226623",1,597,23443
"ERR2226624",1,396,12714
"ERR2226625",1,204,2184
"ERR2226626",1,340,3458
"ERR2226627",1,582,31831
"ERR2226628",1,119,30518
"ERR2226629",1,405,3124
"ERR2226630",1,553,10560
"ERR2226631",1,303,56772
"ERR2226632",1,122,1575
"ERR2226633",1,420,19097
"ERR2226634",1,380,11801
"ERR2226635",1,59,71165
"ERR2226636",1,54,160
"ERR2226637",1,303,70098
"ERR2226638",1,258,33425
"ERR2226639",1,94,94560
"ERR2226640",1,401,79906
"ERR2226641",1,250,20556
"ERR2226642",1,133,34684
"ERR2226643",1,347,9987
"ERR2226644",1,362,16073
"ERR2226645",1,159,59138
"ERR2226646",1,309,4740
"ERR2226647",1,341,23012
"ERR2226648",1,201,70375
"ERR2226649",1,406,5387
"ERR2226650",1,50,2299
"ERR2226651",1,87,260
"ERR2226652",1,629,12500
"ERR2226653",1,836,55525
"ERR2226654",1,283,1751
"ERR2226655",1,383,17419
"ERR2226656",1,480,13765
"ERR2226657",1,101,538
"ERR2226658",1,512,6426
"ERR2226659",1,402,3528
"ERR2226660",1,275,2167
"ERR2226661",1,424,6648
"ERR2226662",1,462,8515
"ERR2226663",1,147,19066
"ERR2226664",1,22,1157
"ERR2226665",1,470,16991
"ERR2226666",1,268,2361
"ERR2226667",1,57,16197
"ERR2226668",1,330,17627
"ERR2226669",1,186,4588
"ERR2226670",1,101,12596
"ERR2226671",1,123,68175
"ERR2226672",1,280,43068
"ERR2226673",1,383,25122
"ERR2226674",1,206,10276
"ERR2226675",1,69,3221
"ERR2226676",1,461,21933
"ERR2226677",1,415,12620
"ERR2226678",1,129,107552
"ERR2226679",1,289,5117
"ERR2226680",1,97,503
"ERR2226681",1,22,5068
"ERR2226682",1,111,31178
"ERR2226683",1,430,4989
"ERR2226684",1,549,9069
"ERR2226685",1,190,52519
"ERR2226686",1,476,6874
"ERR2226687",1,373,5403
"ERR2226688",1,1101,223822
"ERR2226689",1,579,18078
"ERR2226690",1,472,10780
"ERR2226691",1,77,1449
"ERR2226692",1,362,2882
"ERR2226693",1,440,4695
"ERR2226694",1,333,55808
"ERR2226695",1,154,3207
"ERR2226696",1,203,5920
"ERR2226697",1,54,196
"ERR2226698",1,141,567
"ERR2226699",1,454,9045
"ERR2226700",1,245,2682
"ERR2226701",1,87,25809
"ERR2226702",1,273,11221
"ERR2226703",1,207,6296
"ERR2226704",1,63,696
"ERR2226705",1,283,11377
"ERR2226706",1,184,3705
"ERR2226707",1,250,40452
"ERR2226708",1,247,14136
"ERR2226709",1,295,6031
"ERR2226710",1,156,1969
"ERR2226711",1,437,19987
"ERR2226712",1,289,9111
"ERR2226713",1,46,25601
"ERR2226714",1,204,7933
"ERR2226715",1,130,2417
"ERR2226716",1,248,19424
"ERR2226717",1,454,17971
"ERR2226718",1,337,9602
"ERR2226719",1,316,27031
"ERR2226720",1,594,17641
"ERR2226721",1,261,1940
"ERR2226722",1,39,48639
"ERR2226723",1,549,14115
"ERR2226724",1,405,7534
"ERR2226725",1,118,1337
"ERR2226726",1,559,6034
"ERR2226727",1,507,8778
"ERR2226728",1,465,26335
"ERR2226729",1,825,65943
"ERR2226730",1,137,546
"ERR2226731",1,746,63258
"ERR2226732",1,391,55648
"ERR2226733",1,437,47666
"ERR2226734",1,291,117453
"ERR2226735",1,454,54038
"ERR2226736",1,246,81127
"ERR2226737",1,373,53210
"ERR2226738",1,305,87848
"ERR2226739",1,444,7943
"ERR2226740",1,369,134042
"ERR2226741",1,495,82451
"ERR2226742",1,476,58909
"ERR2226743",1,751,105571
"ERR2226744",1,85,35023
"ERR2226745",1,230,81831
"ERR2226746",1,801,51472
"ERR2226747",1,669,70690
"ERR2226748",1,772,97537
"ERR2226749",1,998,40255
"ERR2226750",1,76,42604
"ERR2226751",1,806,84387
"ERR2226752",1,252,2976
"ERR2226753",1,477,7488
"ERR2226754",1,553,9946
"ERR2226755",1,154,919
"ERR2226756",1,294,5319
"ERR2226757",1,284,13168
"ERR2226758",1,150,729
"ERR2226759",1,447,4394
"ERR2226760",1,355,4398
"ERR2226761",1,139,22646
"ERR2226762",1,205,6483
"ERR2226763",1,228,15353
"ERR2226764",1,62,1106
"ERR2226765",1,322,25974
"ERR2226766",1,244,15148
"ERR2226767",1,177,116106
"ERR2226768",1,184,3437
"ERR2226769",1,211,4212
"ERR2226770",1,460,88564
"ERR2226771",1,364,10458
"ERR2226772",1,333,8836
"ERR2226773",1,58,806
"ERR2226774",1,298,13210
"ERR2226775",1,256,11028
"ERR2226776",1,117,1215
"ERR2226777",1,367,11515
"ERR2226778",1,298,6588
"ERR2226779",1,651,91314
"ERR2226780",1,656,9507
"ERR2226781",1,548,12123
"ERR2226782",1,1199,67245
"ERR2226783",1,919,16065
"ERR2226784",1,675,9733
"ERR2226785",1,613,65155
"ERR2226786",1,717,12797
"ERR2226787",1,581,10678
"ERR2226788",1,125,1467
"ERR2226789",1,580,7195
"ERR2226790",1,594,9145
"ERR2226791",1,65,453
"ERR2226792",1,251,5570
"ERR2226793",1,253,5793
"ERR2226794",1,262,32106
"ERR2226795",1,273,5905
"ERR2226796",1,272,6069
"ERR2226797",1,72,20917
"ERR2226798",1,191,4684
"ERR2226799",1,125,3732
"ERR2226800",1,201,3481
"ERR2226801",1,271,7743
"ERR2226802",1,329,15839
"ERR2226803",1,122,1654
"ERR2226804",1,209,5691
"ERR2226805",1,373,29025
"ERR2226806",1,74,2021
"ERR2226807",1,307,7967
"ERR2226808",1,406,28431
"ERR2226809",1,270,65276
"ERR2226810",1,364,12023
"ERR2226811",1,78,14911
"ERR2226812",1,441,55320
"ERR2226813",1,314,33035
"ERR2226814",1,195,22151
"ERR2226815",1,108,409
"ERR2226816",1,241,1236
"ERR2226817",1,320,3429
"ERR2226818",1,286,3376
"ERR2226819",1,505,6598
"ERR2226820",1,505,7699
"ERR2226821",1,281,51801
"ERR2226822",1,698,6574
"ERR2226823",1,632,5874
"ERR2226824",1,438,65615
"ERR2226825",1,540,6018
"ERR2226826",1,475,5397
"ERR2226827",1,225,73571
"ERR2226828",1,391,4934
"ERR2226829",1,447,8491
"ERR2226830",1,300,77905
"ERR2226831",1,289,7585
"ERR2226832",1,224,5496
"ERR2226833",1,198,86448
"ERR2226834",1,189,15076
"ERR2226835",1,122,16523
"ERR2226836",1,104,2034
"ERR2226837",1,262,39644
"ERR2226838",1,76,3592
"ERR2226839",1,76,25420
"ERR2226840",1,10,115
"ERR2226841",1,75,58049
"ERR2226842",1,107,2134
"ERR2226843",1,158,44456
"ERR2226844",1,86,2125
"ERR2226845",1,90,502
"ERR2226846",1,246,54384
"ERR2226847",1,150,56278
"ERR2226848",1,116,6151
"ERR2226849",1,227,92364
"ERR2226850",1,401,87388
"ERR2226851",1,100,669
"ERR2226852",1,333,71041
"ERR2226853",1,177,660
"ERR2226854",1,100,402
"ERR2226855",1,245,44372
"ERR2226856",1,336,2732
"ERR2226857",1,1002,127673
"ERR2226858",1,32,9073
"ERR2226859",1,24,787
"ERR2226860",1,139,14136
"ERR2226861",1,45,2374
"ERR2226862",1,228,74142
"ERR2226863",1,16,151
"ERR2226864",1,151,1924
"ERR2226865",1,165,11057
"ERR2226866",1,180,25014
"ERR2226867",1,430,126727
"ERR2226868",1,185,8291
"ERR2226869",1,87,1789
"ERR2226870",1,242,2065
"ERR2226871",1,139,7399
"ERR2226872",1,540,24123
"ERR2226873",1,707,22358
"ERR2226874",1,509,9446
"ERR2226875",1,496,9312
"ERR2226876",1,678,16476
"ERR2226877",1,252,1852
"ERR2226878",1,138,9894
"ERR2226879",1,229,11290
"ERR2226880",1,105,656
"ERR2226881",1,443,46318
"ERR2226882",1,347,17103
"ERR2226884",1,30,96
"ERR2226885",1,353,7985
"ERR2226886",1,251,4930
"ERR2226887",1,121,95809
"ERR2226888",1,71,12282
"ERR2226889",1,55,7558
"ERR2226890",1,50,227
"ERR2226891",1,47,9853
"ERR2226892",1,38,4789
"ERR2226893",1,372,89614
"ERR2226894",1,98,15788
"ERR2226895",1,96,25457
"ERR2226896",1,194,58622
"ERR2226897",1,113,32793
"ERR2226898",1,60,20534
"ERR2226899",1,340,56824
"ERR2226900",1,91,8465
"ERR2226901",1,77,16148
"ERR2226902",1,330,18291
"ERR2226903",1,249,11655
"ERR2226904",1,120,25557
"ERR2226905",1,192,26102
"ERR2226906",1,241,9024
"ERR2226907",1,102,4456
"ERR2226908",1,361,51533
"ERR2226909",1,559,8005
"ERR2226910",1,520,11264
"ERR2226911",1,134,523
"ERR2226912",1,486,5965
"ERR2226913",1,469,5561
"ERR2228370",1,55,646
"ERR2228371",1,70,1413
"ERR2228372",1,80,2565
"ERR2228373",1,73,1383
"ERR2228374",1,52,422
"ERR2228375",1,70,1050
"ERR2228376",1,105,3860
"ERR2228377",1,103,2926
"ERR2228378",1,78,1298
"ERR2228379",1,84,2033
"ERR2228380",1,108,5070
"ERR2228381",1,114,2503
"ERR2228382",1,61,617
"ERR2228383",1,105,2365
"ERR2228384",1,110,3889
"ERR2228385",1,119,4010
"ERR2228386",1,78,1019
"ERR2228387",1,99,3079
"ERR2228388",1,101,7229
"ERR2228389",1,123,3125
"ERR2228390",1,71,578
"ERR2228391",1,140,3251
"ERR2228392",1,147,8103
"ERR2228393",1,166,5335
"ERR2228394",1,120,1560
"ERR2228395",1,142,3019
"ERR2228396",1,187,6988
"ERR2228397",1,160,6164
"ERR2228398",1,94,1017
"ERR2228399",1,115,2250
"ERR2228400",1,169,5055
"ERR2228401",1,174,5043
"ERR2228402",1,82,751
"ERR2228403",1,105,1699
"ERR2228404",1,145,5912
"ERR2228405",1,148,3186
"ERR2228406",1,101,1095
"ERR2228407",1,107,1956
"ERR2228408",1,127,10248
"ERR2228409",1,120,4981
"ERR2228410",1,66,765
"ERR2228411",1,90,1512
"ERR2228412",1,127,6728
"ERR2228413",1,135,3390
"ERR2228414",1,58,266
"ERR2228415",1,84,1020
"ERR2228416",1,102,1850
"ERR2228417",1,132,2571
"ERR2228418",1,126,1479
"ERR2228419",1,143,2669
"ERR2228420",1,177,7173
"ERR2228421",1,202,6483
"ERR2228422",1,116,1386
"ERR2228423",1,130,2155
"ERR2228424",1,166,9007
"ERR2228425",1,191,6575
"ERR2228426",1,102,1226
"ERR2228427",1,175,3436
"ERR2228428",1,185,3337
"ERR2228429",1,218,9131
"ERR2228430",1,127,1741
"ERR2228431",1,150,2915
"ERR2228432",1,197,7314
"ERR2228433",1,138,11213
"ERR2228434",1,134,1865
"ERR2228435",1,152,3533
"ERR2228436",1,186,8596
"ERR2228437",1,115,4998
"ERR2228438",1,135,2285
"ERR2228439",1,154,2847
"ERR2228440",1,156,4820
"ERR2228441",1,65,868
"ERR2228442",1,83,1847
"ERR2228443",1,90,3375
"ERR2228444",1,95,1838
"ERR2228445",1,57,640
"ERR2228446",1,85,1357
"ERR2228447",1,120,5101
"ERR2228448",1,111,3832
"ERR2228449",1,92,1742
"ERR2228450",1,104,2835
"ERR2228451",1,115,6957
"ERR2228452",1,123,3369
"ERR2228453",1,83,895
"ERR2228454",1,125,3166
"ERR2228455",1,113,5339
"ERR2228456",1,126,5225
"ERR2228457",1,94,1501
"ERR2228458",1,130,4209
"ERR2228459",1,114,9753
"ERR2228460",1,140,4350
"ERR2228461",1,101,830
"ERR2228462",1,156,4400
"ERR2228463",1,164,10923
"ERR2228464",1,181,7156
"ERR2228465",1,138,2109
"ERR2228466",1,166,3948
"ERR2228467",1,212,9561
"ERR2228468",1,198,8238
"ERR2228469",1,103,1489
"ERR2228470",1,136,3091
"ERR2228471",1,171,7090
"ERR2228472",1,198,7018
"ERR2228473",1,87,1046
"ERR2228474",1,117,2454
"ERR2228475",1,154,8165
"ERR2228476",1,182,4314
"ERR2228477",1,119,1488
"ERR2228478",1,136,2629
"ERR2228479",1,146,14347
"ERR2228480",1,127,6406
"ERR2228481",1,84,1057
"ERR2228482",1,109,2085
"ERR2228483",1,154,8971
"ERR2228484",1,157,4470
"ERR2228485",1,64,353
"ERR2228486",1,112,1347
"ERR2228487",1,110,2402
"ERR2228488",1,137,3342
"ERR2228489",1,149,2052
"ERR2228490",1,164,3559
"ERR2228491",1,190,9683
"ERR2228492",1,215,8408
"ERR2228493",1,150,1902
"ERR2228494",1,167,2976
"ERR2228495",1,178,12545
"ERR2228496",1,218,8703
"ERR2228497",1,133,1700
"ERR2228498",1,194,4796
"ERR2228499",1,174,4528
"ERR2228500",1,245,12135
"ERR2228501",1,163,2552
"ERR2228502",1,178,3919
"ERR2228503",1,220,10258
"ERR2228504",1,141,14179
"ERR2228505",1,150,2582
"ERR2228506",1,168,4631
"ERR2228507",1,197,11874
"ERR2228508",1,120,6645
"ERR2228509",1,160,3348
"ERR2228510",1,161,3910
"ERR2228511",1,188,6976
"ERR2228516",1,45,1268
"ERR2228517",1,32,513
"ERR2228518",1,21,2196
"ERR2228519",1,17,167
"ERR2228520",1,30,407
"ERR2228521",1,33,600
"ERR2228522",1,20,133
"ERR2228523",1,20,123
"ERR2228524",1,14,119
"ERR2228525",1,18,552
"ERR2228526",1,32,1026
"ERR2228527",1,13,9191
"ERR2228528",1,34,973
"ERR2228529",1,26,303
"ERR2228530",1,15,230
"ERR2228531",1,27,238
"ERR2228532",1,27,258
"ERR2228533",1,10,112
"ERR2228534",1,10,100
"ERR2228535",1,23,198
"ERR2228536",1,19,175
"ERR2228537",1,7,320
"ERR2228538",1,12,234
"ERR2228539",1,10,206
"ERR2228540",1,13,207
"ERR2228541",1,15,353
"ERR2228542",1,23,789
"ERR2228543",1,8,90
"ERR2228544",1,8,69
"ERR2228545",1,13,283
"ERR2228546",1,17,248
"ERR2228547",1,20,254
"ERR2228548",1,19,385
"ERR2228549",1,15,179
"ERR2228550",1,31,367
"ERR2228551",1,67,2808
"ERR2228552",1,88,10721
"ERR2228553",1,61,6779
"ERR2228554",1,56,4715
"ERR2228624",1,2,12
"ERR2228625",1,1,1
"ERR2228626",1,1,1
"ERR2228627",1,1,6
"ERR2228628",1,1,5
"ERR2228629",1,1,1
"ERR2228631",1,1,1
"ERR2228632",1,1,4
"ERR2228635",1,1,1
"ERR2228639",1,1,1
"ERR2228640",1,1,1
"ERR2228641",1,1,2
"ERR2228643",1,2,10
"ERR2228645",1,1,3
"ERR2228648",1,4,15
"ERR2228649",1,1,3
"ERR2228650",1,1,1
"ERR2228656",1,1,1
"ERR2228657",1,1,2
"ERR2228658",1,1,1
"ERR2228659",1,1,5
"ERR2228661",1,1,1
"ERR2228662",1,1,1
"ERR2228663",1,1,2
"ERR2228664",1,1,2
"ERR2228666",1,2,2
"ERR2228668",1,1,1
"ERR2228669",1,2,4
"ERR2228670",1,1,5
"ERR2228673",1,1,2
"ERR2228675",1,1,14
"ERR2228680",1,1,8
"ERR2228692",1,1,3
"ERR2228696",1,1,1
"ERR2228697",1,1,1
"ERR2228698",1,1,6
"ERR2228699",1,1,2
"ERR2228700",1,1,3
"ERR2228701",1,1,4
"ERR2228703",1,1,1
"ERR2228713",1,1,2
"ERR2228715",1,1,1
"ERR2228718",1,1,5
"ERR2228719",1,1,3
"ERR2228721",1,1,2
"ERR2228722",1,1,2
"ERR2228723",1,1,1
"ERR2228724",1,1,2
"ERR2228726",1,2,22
"ERR2228727",1,1,2
"ERR2228729",1,1,1
"ERR2228730",1,1,16
"ERR2228731",1,1,2
"ERR2228734",1,1,3
"ERR2228741",1,1,3
"ERR2228744",1,1,6
"ERR2230177",1,273,18476
"ERR2230178",1,323,12876
"ERR2230179",1,167,39076
"ERR2230180",1,254,18948
"ERR2230181",1,233,11239
"ERR2230182",1,268,7364
"ERR2230183",1,301,9639
"ERR2230184",1,170,12039
"ERR2230185",1,359,56593
"ERR2230186",1,252,36128
"ERR2230187",1,63,12918
"ERR2230188",1,171,7891
"ERR2230189",1,155,10212
"ERR2230190",1,136,3983
"ERR2230191",1,164,4995
"ERR2230192",1,56,3376
"ERR2230193",1,61,3599
"ERR2230194",1,55,1310
"ERR2230195",1,59,3332
"ERR2230196",1,53,1789
"ERR2230197",1,298,7664
"ERR2230198",1,474,18627
"ERR2230199",1,262,11543
"ERR2230200",1,266,11037
"ERR2230201",1,215,11027
"ERR2230202",1,264,7059
"ERR2230203",1,192,6177
"ERR2230204",1,174,7128
"ERR2230205",1,132,6971
"ERR2230206",1,112,2793
"ERR2230207",1,129,3247
"ERR2230208",1,271,16902
"ERR2230209",1,125,3525
"ERR2230210",1,170,9793
"ERR2230211",1,50,6440
"ERR2230212",1,49,892
"ERR2230213",1,34,4887
"ERR2230214",1,35,27697
"ERR2230215",1,55,2127
"ERR2230322",1,37,1527
"ERR2230323",1,39,4747
"ERR2230324",1,25,1129
"ERR2230325",1,24,827
"ERR2230326",1,20,13780
"ERR2230327",1,24,509
"ERR2230328",1,9,68
"ERR2230329",1,27,845
"ERR2230330",1,9,454
"ERR2230331",1,43,4662
"ERR2230332",1,31,1878
"ERR2230333",1,24,1543
"ERR2230334",1,18,601
"ERR2230335",1,37,1752
"ERR2230336",1,30,815
"ERR2230337",1,45,2336
"ERR2230338",1,34,3420
"ERR2230339",1,50,6379
"ERR2230340",1,40,4859
"ERR2230341",1,42,1402
"ERR2230342",1,30,2496
"ERR2230343",1,49,1913
"ERR2230344",1,41,1725
"ERR2230345",1,39,739
"ERR2230346",1,36,1186
"ERR2230347",1,47,1867
"ERR2230348",1,38,1377
"ERR2230349",1,26,33104
"ERR2230350",1,18,13991
"ERR2230351",1,5,3886
"ERR2230352",1,8,6731
"ERR2230353",1,16,12272
"ERR2230354",1,58,8417
"ERR2230355",1,9,4094
"ERR2230356",1,21,5807
"ERR2230357",1,27,842
"ERR2230358",1,39,12759
"ERR2230359",1,34,1187
"ERR2230360",1,32,626
"ERR2230361",1,90,1058
"ERR2230362",1,84,1470
"ERR2230363",1,74,447
"ERR2230364",1,55,278
"ERR2230365",1,45,243
"ERR2230366",1,82,980
"ERR2230367",1,64,379
"ERR2230368",1,105,2264
"ERR2230369",1,53,237
"ERR2230370",1,110,1253
"ERR2230371",1,74,541
"ERR2230372",1,113,2123
"ERR2230373",1,41,168
"ERR2230374",1,112,864
"ERR2230375",1,69,404
"ERR2230376",1,112,1470
"ERR2230377",1,69,512
"ERR2230378",1,158,1318
"ERR2230379",1,84,490
"ERR2230380",1,113,1376
"ERR2230381",1,90,514
"ERR2230382",1,174,3187
"ERR2230383",1,86,518
"ERR2230384",1,111,1164
"ERR2230385",1,87,611
"ERR2230386",1,155,1317
"ERR2230387",1,121,1637
"ERR2230388",1,105,868
"ERR2230389",1,133,1288
"ERR2230390",1,82,589
"ERR2230391",1,118,3208
"ERR2230392",1,59,637
"ERR2230394",1,55,644
"ERR2230395",1,91,1602
"ERR2230396",1,57,411
"ERR2230397",1,99,1376
"ERR2230398",1,66,455
"ERR2230399",1,113,1968
"ERR2230400",1,60,530
"ERR2230401",1,131,1782
"ERR2230402",1,96,938
"ERR2230403",1,102,2572
"ERR2230404",1,77,606
"ERR2230405",1,109,1245
"ERR2230406",1,72,573
"ERR2230407",1,94,2926
"ERR2230408",1,71,619
"ERR2230409",1,81,889
"ERR2230410",1,105,843
"ERR2230411",1,129,3066
"ERR2230412",1,59,265
"ERR2230413",1,126,2542
"ERR2230414",1,29,629
"ERR2230415",1,33,1465
"ERR2230416",1,30,1471
"ERR2230417",1,14,90
"ERR2230418",1,30,608
"ERR2230419",1,25,318
"ERR2230420",1,28,539
"ERR2230421",1,11,129
"ERR2230422",1,31,524
"ERR2230423",1,11,38
"ERR2230424",1,28,383
"ERR2230425",1,28,3307
"ERR2230426",1,24,3172
"ERR2230427",1,20,338
"ERR2230428",1,36,1728
"ERR2230429",1,36,1795
"ERR2230430",1,33,1697
"ERR2230431",1,41,1250
"ERR2230432",1,29,12955
"ERR2230433",1,30,849
"ERR2230434",1,29,498
"ERR2230435",1,23,107
"ERR2230436",1,35,313
"ERR2230437",1,14,30
"ERR2230438",1,27,305
"ERR2230439",1,21,251
"ERR2230440",1,19,689
"ERR2230441",1,43,228
"ERR2230442",1,13,29
"ERR2230443",1,36,998
"ERR2230444",1,30,756
"ERR2230445",1,16,41
"ERR2230446",1,27,593
"ERR2230447",1,12,62
"ERR2230448",1,30,938
"ERR2230449",1,17,63
"ERR2230450",1,37,860
"ERR2230451",1,22,454
"ERR2230452",1,25,199
"ERR2230453",1,27,463
"ERR2230454",1,17,66
"ERR2230455",1,22,194
"ERR2230456",1,108,1930
"ERR2230457",1,108,1912
"ERR2230458",1,113,1411
"ERR2230459",1,110,2005
"ERR2230460",1,90,569
"ERR2230461",1,63,388
"ERR2230462",1,55,359
"ERR2230463",1,103,1321
"ERR2230464",1,76,556
"ERR2230465",1,121,3036
"ERR2230466",1,57,304
"ERR2230467",1,128,1708
"ERR2230468",1,87,841
"ERR2230469",1,130,3072
"ERR2230470",1,53,228
"ERR2230471",1,116,1146
"ERR2230472",1,95,556
"ERR2230473",1,127,2000
"ERR2230474",1,85,720
"ERR2230475",1,145,1594
"ERR2230476",1,115,688
"ERR2230477",1,132,1892
"ERR2230478",1,109,810
"ERR2230479",1,185,4185
"ERR2230480",1,98,768
"ERR2230481",1,121,1589
"ERR2230482",1,81,833
"ERR2230483",1,151,1681
"ERR2230484",1,144,2148
"ERR2230485",1,118,1234
"ERR2230486",1,148,1699
"ERR2230487",1,94,794
"ERR2230488",1,137,4669
"ERR2230489",1,83,958
"ERR2230490",1,27,63
"ERR2230491",1,87,982
"ERR2230492",1,111,2241
"ERR2230493",1,71,629
"ERR2230494",1,121,1940
"ERR2230495",1,80,687
"ERR2230496",1,147,2821
"ERR2230497",1,92,762
"ERR2230498",1,151,2506
"ERR2230499",1,124,1350
"ERR2230500",1,128,3745
"ERR2230501",1,79,898
"ERR2230502",1,127,1851
"ERR2230503",1,74,800
"ERR2230504",1,123,4153
"ERR2230505",1,78,924
"ERR2230506",1,105,1254
"ERR2230507",1,115,1182
"ERR2230508",1,165,4433
"ERR2230509",1,75,400
"ERR2230510",1,159,3588
"ERR2230511",1,34,853
"ERR2230512",1,31,1911
"ERR2230513",1,30,1944
"ERR2230514",1,12,93
"ERR2230515",1,36,807
"ERR2230516",1,27,429
"ERR2230517",1,30,690
"ERR2230518",1,18,175
"ERR2230519",1,32,773
"ERR2230520",1,12,40
"ERR2230521",1,29,557
"ERR2230522",1,29,4334
"ERR2230523",1,30,4557
"ERR2230524",1,27,529
"ERR2230525",1,32,2271
"ERR2230526",1,47,2519
"ERR2230527",1,41,2489
"ERR2230528",1,45,1734
"ERR2230529",1,36,17771
"ERR2230530",1,31,1299
"ERR2230531",1,24,715
"ERR2230532",1,25,138
"ERR2230533",1,38,498
"ERR2230534",1,19,45
"ERR2230535",1,27,415
"ERR2230536",1,27,343
"ERR2230537",1,21,1004
"ERR2230538",1,56,262
"ERR2230539",1,19,62
"ERR2230540",1,39,1287
"ERR2230541",1,28,965
"ERR2230542",1,19,74
"ERR2230543",1,35,880
"ERR2230544",1,11,93
"ERR2230545",1,31,1277
"ERR2230546",1,20,75
"ERR2230547",1,40,1111
"ERR2230548",1,31,607
"ERR2230549",1,28,292
"ERR2230550",1,29,663
"ERR2230551",1,13,90
"ERR2230552",1,23,259
"ERR2230553",1,135,2320
"ERR2230554",1,125,2600
"ERR2230895",1,290,16813
"ERR2230896",1,251,19126
"ERR2231754",1,1002,17913
"ERR2231755",1,1205,34525
"ERR2231756",1,1090,14877
"ERR2231757",1,1450,23159
"ERR2231758",1,746,18452
"ERR2231759",1,774,14274
"ERR2231760",1,1096,34065
"ERR2231761",1,779,11861
"ERR2231762",1,958,18693
"ERR2231763",1,839,15206
"ERR2231764",1,1130,16727
"ERR2231765",1,1256,16871
"ERR2231766",1,1097,22023
"ERR2231767",1,1026,25519
"ERR2231768",1,1239,25400
"ERR2231769",1,1212,21027
"ERR2231770",1,942,23725
"ERR2231771",1,962,15525
"ERR2231772",1,1358,25117
"ERR2231773",1,1242,19867
"ERR2231774",1,862,15368
"ERR2231775",1,848,20731
"ERR2231776",1,1240,21407
"ERR2231777",1,1241,22146
"ERR2231779",1,2,23
"ERR2231783",1,4,94
"ERR2231785",1,2,27
"ERR2231787",1,1,7
"ERR2231788",1,1,3
"ERR2231792",1,3,52
"ERR2231793",1,3,41
"ERR2232115",1,36,5185
"ERR2232116",1,11,474
"ERR2232117",1,10,579
"ERR2232118",1,57,1252
"ERR2232119",1,42,783
"ERR2232120",1,65,1247
"ERR2232121",1,66,2715
"ERR2232122",1,73,4756
"ERR2232123",1,61,2541
"ERR2232124",1,162,1819
"ERR2232125",1,184,2997
"ERR2232126",1,137,2337
"ERR2232127",1,20,1572
"ERR2232128",1,68,3320
"ERR2232129",1,20,2454
"ERR2232130",1,22,2295
"ERR2232131",1,26,2405
"ERR2232132",1,13,128
"ERR2232133",1,25,1182
"ERR2232134",1,18,1528
"ERR2232135",1,46,6265
"ERR2232136",1,48,2513
"ERR2232137",1,50,11736
"ERR2232138",1,42,22530
"ERR2232139",1,35,11234
"ERR2232140",1,57,6875
"ERR2232141",1,297,19438
"ERR2232142",1,349,26424
"ERR2232143",1,355,28412
"ERR2232144",1,29,1897
"ERR2232145",1,22,1612
"ERR2232146",1,27,390
"ERR2232147",1,23,1431
"ERR2232148",1,24,1069
"ERR2232149",1,27,514
"ERR2232150",1,33,5970
"ERR2232151",1,39,9541
"ERR2232152",1,47,5426
"ERR2232153",1,18,367
"ERR2232154",1,11,1085
"ERR2232155",1,27,1292
"ERR2232156",1,45,1273
"ERR2232157",1,37,1607
"ERR2232158",1,31,1676
"ERR2232159",1,24,2131
"ERR2232160",1,21,789
"ERR2232161",1,10,200
"ERR2232162",1,432,28444
"ERR2232163",1,351,31821
"ERR2232164",1,391,17710
"ERR2232165",1,8,262
"ERR2232166",1,12,371
"ERR2232167",1,25,1969
"ERR2232168",1,20,597
"ERR2232169",1,32,2107
"ERR2232170",1,30,2572
"ERR2232171",1,37,1887
"ERR2232172",1,66,12461
"ERR2232173",1,346,37808
"ERR2232174",1,329,35190
"ERR2232175",1,283,27875
"ERR2232176",1,196,27758
"ERR2232177",1,55,3694
"ERR2232178",1,286,27980
"ERR2232179",1,55,612
"ERR2232180",1,53,686
"ERR2232181",1,9,241
"ERR2232182",1,39,212
"ERR2232183",1,40,353
"ERR2232184",1,29,197
"ERR2232185",1,55,626
"ERR2232186",1,34,178
"ERR2232187",1,35,400
"ERR2232188",1,66,905
"ERR2232189",1,57,1114
"ERR2232190",1,47,970
"ERR2232191",1,20,328
"ERR2232192",1,34,547
"ERR2232193",1,16,175
"ERR2232194",1,50,15962
"ERR2232195",1,50,16580
"ERR2232196",1,53,21419
"ERR2232197",1,71,3279
"ERR2232198",1,95,4099
"ERR2232199",1,87,3910
"ERR2232200",1,63,1191
"ERR2232201",1,74,1248
"ERR2232202",1,66,1468
"ERR2232203",1,71,1243
"ERR2232204",1,75,1084
"ERR2232205",1,68,930
"ERR2232241",1,9,12700
"ERR2232242",1,5,83
"ERR2232243",1,6,103
"ERR2232244",1,6,87
"ERR2232245",1,8,135
"ERR2232246",1,4,484
"ERR2232247",1,4,116
"ERR2232248",1,6,75
"ERR2232249",1,14,143
"ERR2232250",1,7,19
"ERR2232251",1,10,491
"ERR2232252",1,13,237
"ERR2232253",1,9,236
"ERR2232254",1,3,135
"ERR2232256",1,10,168
"ERR2232257",1,3,26
"ERR2232258",1,10,66
"ERR2232259",1,2,6
"ERR2232260",1,3,49
"ERR2232261",1,3,46
"ERR2232262",1,5,9
"ERR2232263",1,1,23
"ERR2232264",1,5,156
"ERR2232265",1,1,2
"ERR2232266",1,6,181
"ERR2232267",1,2,18
"ERR2232269",1,9,257
"ERR2232270",1,7,533
"ERR2232271",1,6,56
"ERR2232272",1,4,67
"ERR2232273",1,1,23
"ERR2232274",1,1,3
"ERR2232275",1,12,301
"ERR2232351",1,8,205
"ERR2232352",1,10,977
"ERR2232353",1,5,178
"ERR2232354",1,5,549
"ERR2232355",1,6,51
"ERR2232356",1,4,59
"ERR2232357",1,2,32
"ERR2232358",1,4,9
"ERR2232359",1,1,1
"ERR2232360",1,3,61
"ERR2232361",1,2,11
"ERR2232362",1,3,50
"ERR2232363",1,7,407
"ERR2232364",1,4,45
"ERR2232365",1,5,94
"ERR2232366",1,7,670
"ERR2232367",1,5,28
"ERR2232368",1,3,20
"ERR2232369",1,4,5
"ERR2232370",1,2,36
"ERR2232371",1,1,61
"ERR2232375",1,1,1
"ERR2232376",1,1,2
"ERR2232456",1,364,26167
"ERR2232457",1,907,26515
"ERR2232458",1,1423,35470
"ERR2232459",1,770,19482
"ERR2232460",1,1027,34400
"ERR2232461",1,1529,65286
"ERR2232462",1,507,13185
"ERR2232463",1,1029,64499
"ERR2232464",1,786,20090
"ERR2232465",1,540,37872
"ERR2232466",1,880,73381
"ERR2232467",1,1117,39297
"ERR2232468",1,768,20628
"ERR2232469",1,592,20561
"ERR2232470",1,633,22992
"ERR2232471",1,629,26034
"ERR2232472",1,888,42231
"ERR2232473",1,600,12053
"ERR2232474",1,970,24597
"ERR2232475",1,721,45713
"ERR2232476",1,2,2
"ERR2232477",1,44,228
"ERR2232478",1,50,872
"ERR2232479",1,36,213
"ERR2232480",1,10,84
"ERR2232481",1,41,156
"ERR2232482",1,5,173
"ERR2232483",1,47,721
"ERR2232484",1,3,349
"ERR2232485",1,55,529
"ERR2232486",1,10,819
"ERR2232487",1,59,500
"ERR2232488",1,5,12
"ERR2232489",1,134,1304
"ERR2232490",1,14,828
"ERR2232491",1,174,3383
"ERR2232492",1,8,1306
"ERR2232493",1,58,472
"ERR2232494",1,7,2418
"ERR2232495",1,78,417
"ERR2232496",1,18,4375
"ERR2232497",1,131,592
"ERR2232498",1,10,812
"ERR2232499",1,97,399
"ERR2232500",1,6,2561
"ERR2232501",1,65,230
"ERR2232502",1,10,496
"ERR2232503",1,25,259
"ERR2232504",1,4,6
"ERR2232505",1,15,85
"ERR2232506",1,4,5
"ERR2232507",1,14,62
"ERR2232508",1,2,420
"ERR2232509",1,44,328
"ERR2232510",1,2,2
"ERR2232511",1,27,132
"ERR2232512",1,29,2054
"ERR2232513",1,59,337
"ERR2232514",1,68,929
"ERR2232515",1,50,407
"ERR2232516",1,46,680
"ERR2232517",1,48,219
"ERR2232518",1,42,677
"ERR2232519",1,90,509
"ERR2232774",1,11,676
"ERR2232775",1,5,1691
"ERR2232776",1,2,2
"ERR2232777",1,1,24
"ERR2232779",1,4,373
"ERR2232780",1,3,18
"ERR2232781",1,11,32
"ERR2232782",1,3,176
"ERR2232783",1,7,125
"ERR2233086",1,8,175
"ERR2233087",1,7,489
"ERR2233088",1,10,6310
"ERR2233089",1,9,3200
"ERR2233090",1,5,59
"ERR2233091",1,6,76
"ERR2233092",1,6,32
"ERR2233093",1,11,3530
"ERR2233094",1,7,34
"ERR2233095",1,5,36
"ERR2233096",1,5,473
"ERR2233097",1,12,9810
"ERR2233098",1,5,65
"ERR2233099",1,5,65
"ERR2233100",1,5,28
"ERR2233101",1,7,5020
"ERR2233102",1,6,239
"ERR2233103",1,6,81
"ERR2233104",1,4,639
"ERR2233105",1,4,35
"ERR2233106",1,10,4124
"ERR2233107",1,4,70
"ERR2233108",1,3,9
"ERR2233109",1,2,3
"ERR2233110",1,3,5
"ERR2233112",1,2,4
"ERR2233113",1,6,19
"ERR2233114",1,2,5
"ERR2233115",1,1,3
"ERR2233117",1,1,1
"ERR2233118",1,2,2
"ERR2233119",1,1,1
"ERR2233120",1,3,5
"ERR2233124",1,1,1
"ERR2233125",1,1,19
"ERR2233126",1,1,1
"ERR2233131",1,1,1
"ERR2233136",1,2,9
"ERR2233137",1,1,1
"ERR2233140",1,1,3
"ERR2233141",1,2,5
"ERR2233144",1,3,8
"ERR2233146",1,3,3
"ERR2233147",1,2,15
"ERR2233148",1,2,2
"ERR2233150",1,3,4
"ERR2233151",1,4,24
"ERR2233154",1,4,19
"ERR2233155",1,2,11
"ERR2233160",1,3,5
"ERR2233163",1,1,2
"ERR2233165",1,4,11
"ERR2233166",1,1,5
"ERR2233169",1,4,11
"ERR2233170",1,2,6
"ERR2233180",1,1,5
"ERR2233183",1,1,2
"ERR2233184",1,2,18
"ERR2233185",1,3,12
"ERR2233188",1,1,1
"ERR2233193",1,1,4
"ERR2233195",1,5,15
"ERR2233197",1,2,16
"ERR2233515",1,4,46
"ERR2233516",1,4,22
"ERR2233517",1,4,25
"ERR2233518",1,2,20
"ERR2233520",1,1,1
"ERR2233522",1,5,137
"ERR2233523",1,4,22
"ERR2233524",1,1,1
"ERR2233525",1,2,6
"ERR2234425",1,1,38
"ERR2234427",1,5,119
"ERR2234429",1,3,44
"ERR2234430",1,3,14
"ERR2234431",1,2,2
"ERR2234432",1,2,9
"ERR2234433",1,1,1
"ERR2234434",1,6,38
"ERR2234435",1,2,40
"ERR2234438",1,1,8
"ERR2234439",1,4,45
"ERR2235884",1,223,10039
"ERR2235885",1,110,1306
"ERR2235886",1,301,10805
"ERR2235887",1,186,3423
"ERR2235888",1,264,12591
"ERR2235889",1,103,966
"ERR2235890",1,346,7947
"ERR2235891",1,187,4394
"ERR2235892",1,274,6208
"ERR2235893",1,87,495
"ERR2235894",1,402,8178
"ERR2235895",1,264,5007
"ERR2235896",1,363,17106
"ERR2235897",1,398,12672
"ERR2235898",1,536,11270
"ERR2235899",1,410,10598
"ERR2235900",1,534,18539
"ERR2235901",1,419,9887
"ERR2235902",1,555,16919
"ERR2235903",1,430,6836
"ERR2235904",1,486,21062
"ERR2235905",1,422,13289
"ERR2235906",1,505,12589
"ERR2235907",1,419,5373
"ERR2235908",1,497,14022
"ERR2235909",1,434,13189
"ERR2235910",1,525,12231
"ERR2235911",1,517,9723
"ERR2235912",1,394,21706
"ERR2235913",1,303,19519
"ERR2235914",1,477,9476
"ERR2235915",1,357,18857
"ERR2235916",1,147,5886
"ERR2235917",1,86,1082
"ERR2235918",1,130,3622
"ERR2235919",1,86,1509
"ERR2235920",1,185,6973
"ERR2235921",1,78,690
"ERR2235922",1,275,11137
"ERR2235923",1,172,4385
"ERR2235924",1,275,7293
"ERR2235925",1,125,1133
"ERR2235926",1,482,11322
"ERR2235927",1,279,7564
"ERR2235928",1,445,14737
"ERR2235929",1,379,10206
"ERR2235930",1,485,13471
"ERR2235931",1,443,9397
"ERR2235932",1,113,11577
"ERR2235933",1,165,5576
"ERR2235934",1,144,6150
"ERR2235935",1,134,3639
"ERR2235936",1,175,9860
"ERR2235937",1,155,3672
"ERR2235938",1,150,3244
"ERR2235939",1,143,2758
"ERR2235940",1,311,15357
"ERR2235941",1,305,8929
"ERR2235942",1,455,10986
"ERR2235943",1,346,11357
"ERR2235944",1,455,15793
"ERR2235945",1,347,8880
"ERR2235946",1,528,12061
"ERR2235947",1,445,9421
"ERR2235948",1,152,8818
"ERR2235949",1,142,2639
"ERR2235950",1,138,3223
"ERR2235951",1,134,2885
"ERR2235952",1,157,9936
"ERR2235953",1,132,2519
"ERR2235954",1,132,8023
"ERR2235955",1,136,3807
"ERR2235956",1,462,19561
"ERR2235957",1,396,15332
"ERR2235958",1,509,22735
"ERR2235959",1,273,7029
"ERR2235960",1,338,21498
"ERR2235961",1,399,13007
"ERR2235962",1,429,13260
"ERR2235963",1,374,11519
"ERR2235964",1,310,17523
"ERR2235965",1,405,19396
"ERR2235966",1,347,12870
"ERR2235967",1,389,13705
"ERR2235968",1,155,12466
"ERR2235969",1,210,6238
"ERR2235970",1,192,9253
"ERR2235971",1,150,4096
"ERR2235972",1,225,19602
"ERR2235973",1,232,7676
"ERR2235974",1,265,18567
"ERR2235975",1,233,9386
"ERR2235976",1,197,8535
"ERR2235977",1,301,12339
"ERR2235978",1,331,18866
"ERR2235979",1,264,8369
"ERR2235980",1,388,27473
"ERR2235981",1,426,11620
"ERR2235982",1,429,15694
"ERR2235983",1,372,10723
"ERR2235984",1,347,51637
"ERR2235985",1,461,15256
"ERR2235986",1,472,13692
"ERR2235987",1,401,7695
"ERR2235988",1,157,6714
"ERR2235989",1,124,1983
"ERR2235990",1,130,3777
"ERR2235991",1,118,2088
"ERR2235992",1,189,17647
"ERR2235993",1,178,4599
"ERR2235994",1,258,15187
"ERR2235995",1,200,7493
"ERR2235996",1,132,18983
"ERR2235997",1,169,5207
"ERR2235998",1,218,16184
"ERR2235999",1,146,3861
"ERR2236000",1,300,21576
"ERR2236001",1,338,14653
"ERR2236002",1,408,19526
"ERR2236003",1,334,14324
"ERR2236004",1,352,21181
"ERR2236005",1,366,16269
"ERR2236006",1,439,21839
"ERR2236007",1,377,16565
"ERR2236008",1,248,32148
"ERR2236009",1,392,15530
"ERR2236010",1,497,18865
"ERR2236011",1,417,14347
"ERR2236012",1,359,24036
"ERR2236013",1,390,15327
"ERR2236014",1,366,16269
"ERR2236015",1,371,12766
"ERR2236016",1,379,31136
"ERR2236017",1,395,21808
"ERR2236018",1,526,16934
"ERR2236019",1,249,9593
"ERR2236020",1,173,16637
"ERR2236021",1,192,6085
"ERR2236022",1,215,12800
"ERR2236023",1,93,3170
"ERR2236024",1,166,14550
"ERR2236025",1,121,6101
"ERR2236026",1,220,20048
"ERR2236027",1,54,641
"ERR2236028",1,199,9172
"ERR2236029",1,113,1946
"ERR2236030",1,242,10667
"ERR2236031",1,79,1097
"ERR2236032",1,228,23779
"ERR2236033",1,342,16286
"ERR2236034",1,330,21143
"ERR2236035",1,217,8702
"ERR2236036",1,211,37225
"ERR2236037",1,389,17975
"ERR2236038",1,353,23047
"ERR2236039",1,192,5856
"ERR2236040",1,262,32301
"ERR2236041",1,460,15017
"ERR2236042",1,488,17965
"ERR2236043",1,153,2651
"ERR2236044",1,234,32986
"ERR2236045",1,424,15081
"ERR2236046",1,474,19495
"ERR2236047",1,432,12137
"ERR2236048",1,206,28988
"ERR2236049",1,420,15027
"ERR2236050",1,359,14804
"ERR2236051",1,148,5258
"ERR2236052",1,286,28492
"ERR2236053",1,198,10228
"ERR2236054",1,308,20649
"ERR2236055",1,118,20688
"ERR2236056",1,216,11999
"ERR2236057",1,301,22284
"ERR2236058",1,208,34795
"ERR2236059",1,541,25456
"ERR2236060",1,456,18163
"ERR2236061",1,165,7577
"ERR2236062",1,99,7458
"ERR2236063",1,245,19482
"ERR2236064",1,68,5198
"ERR2236065",1,152,11363
"ERR2236066",1,256,15444
"ERR2236067",1,226,27660
"ERR2236068",1,199,30613
"ERR2236069",1,299,8417
"ERR2236070",1,497,19457
"ERR2236071",1,574,32323
"ERR2236072",1,173,42206
"ERR2236073",1,212,15698
"ERR2236074",1,246,26960
"ERR2236075",1,266,31518
"ERR2236076",1,364,46551
"ERR2236077",1,484,24633
"ERR2236078",1,492,31980
"ERR2236079",1,522,33043
"ERR2236080",1,205,31914
"ERR2236081",1,243,14436
"ERR2236082",1,196,20939
"ERR2236083",1,282,23768
"ERR2236084",1,458,46188
"ERR2236085",1,473,23630
"ERR2236086",1,438,17494
"ERR2236087",1,417,27010
"ERR2236088",1,392,24916
"ERR2236089",1,502,9480
"ERR2236090",1,577,18033
"ERR2236091",1,391,14066
"ERR2236092",1,425,36164
"ERR2236093",1,448,20642
"ERR2236094",1,366,12704
"ERR2236095",1,342,17923
"ERR2236096",1,482,46319
"ERR2236097",1,576,15091
"ERR2236098",1,533,17424
"ERR2236099",1,274,5994
"ERR2236100",1,274,25452
"ERR2236101",1,258,18239
"ERR2236102",1,193,13356
"ERR2236103",1,265,15981
"ERR2236104",1,177,29026
"ERR2236105",1,171,15246
"ERR2236106",1,169,14941
"ERR2236107",1,113,5860
"ERR2236108",1,215,19107
"ERR2236109",1,216,13370
"ERR2236110",1,178,7928
"ERR2236111",1,205,9461
"ERR2236112",1,260,59734
"ERR2236113",1,303,22809
"ERR2236114",1,314,19489
"ERR2236115",1,324,24311
"ERR2236116",1,364,52621
"ERR2236117",1,591,36779
"ERR2236118",1,526,59684
"ERR2236119",1,633,53408
"ERR2236120",1,141,50969
"ERR2236121",1,167,28192
"ERR2236122",1,214,14907
"ERR2236123",1,252,32870
"ERR2236124",1,672,33011
"ERR2236125",1,435,23970
"ERR2236126",1,604,49895
"ERR2236127",1,88,32453
"ERR2236128",1,254,23577
"ERR2236129",1,272,16970
"ERR2236130",1,235,20411
"ERR2238562",1,200,1032
"ERR2238563",1,221,6697
"ERR2238564",1,1203,31806
"ERR2238565",1,1620,68326
"ERR2238566",1,871,41737
"ERR2238567",1,1596,59122
"ERR2244981",1,5,14
"ERR2244982",1,2,2
"ERR2244983",1,5,21
"ERR2244984",1,5,20
"ERR2244985",1,1,3
"ERR2244986",1,2,8
"ERR2244987",1,5,24
"ERR2244988",1,3,14
"ERR2244989",1,4,12
"ERR2244990",1,4,10
"ERR2244991",1,3,5
"ERR2244992",1,1,2
"ERR2244993",1,1,1
"ERR2244994",1,4,8
"ERR2244995",1,3,8
"ERR2244997",1,3,7
"ERR2244998",1,1,3
"ERR2244999",1,2,7
"ERR2245000",1,1,1
"ERR2245001",1,2,11
"ERR2245002",1,2,3
"ERR2245003",1,1,1
"ERR2245004",1,2,4
"ERR2245005",1,3,9
"ERR2245006",1,5,30
"ERR2245007",1,6,13
"ERR2245008",1,3,7
"ERR2245009",1,1,9
"ERR2245011",1,5,20
"ERR2245012",1,7,40
"ERR2245013",1,3,4
"ERR2245014",1,2,5
"ERR2245015",1,2,20
"ERR2245016",1,3,6
"ERR2245017",1,4,43
"ERR2245018",1,2,17
"ERR2245019",1,6,17
"ERR2245020",1,4,15
"ERR2245021",1,1,1
"ERR2245022",1,6,30
"ERR2245023",1,2,9
"ERR2245024",1,2,5
"ERR2245025",1,1,2
"ERR2245026",1,4,44
"ERR2245027",1,4,28
"ERR2245030",1,1,1
"ERR2245031",1,1,1
"ERR2245032",1,1,8
"ERR2245033",1,3,12
"ERR2245034",1,5,23
"ERR2245035",1,3,5
"ERR2245036",1,2,7
"ERR2245037",1,2,3
"ERR2245039",1,4,10
"ERR2245040",1,3,7
"ERR2245042",1,3,7
"ERR2245043",1,4,50
"ERR2245045",1,1,1
"ERR2245046",1,2,6
"ERR2245047",1,5,10
"ERR2245048",1,1,2
"ERR2245049",1,2,7
"ERR2245050",1,1,1
"ERR2245052",1,2,5
"ERR2245053",1,1,4
"ERR2245054",1,4,6
"ERR2245055",1,2,10
"ERR2245057",1,3,10
"ERR2245058",1,1,2
"ERR2245059",1,4,13
"ERR2245060",1,1,4
"ERR2245061",1,1,6
"ERR2245062",1,2,11
"ERR2245063",1,3,9
"ERR2245064",1,1,2
"ERR2245065",1,3,4
"ERR2245066",1,6,20
"ERR2245067",1,4,9
"ERR2245068",1,2,7
"ERR2245069",1,1,3
"ERR2245070",1,2,6
"ERR2245072",1,2,3
"ERR2245074",1,5,13
"ERR2245075",1,2,5
"ERR2245076",1,3,4
"ERR2245077",1,1,1
"ERR2245078",1,2,2
"ERR2245080",1,1,1
"ERR2245081",1,1,1
"ERR2245082",1,1,2
"ERR2245083",1,4,5
"ERR2245086",1,1,4
"ERR2245090",1,1,1
"ERR2245094",1,2,4
"ERR2245096",1,1,1
"ERR2245098",1,3,6
"ERR2245099",1,2,2
"ERR2245100",1,2,3
"ERR2245103",1,1,1
"ERR2245105",1,2,3
"ERR2245106",1,1,1
"ERR2245107",1,5,10
"ERR2245109",1,1,2
"ERR2245113",1,1,1
"ERR2245114",1,1,4
"ERR2245117",1,1,1
"ERR2245118",1,1,1
"ERR2245119",1,1,1
"ERR2245120",1,1,2
"ERR2245123",1,2,6
"ERR2245127",1,1,1
"ERR2245129",1,1,1
"ERR2245134",1,1,3
"ERR2245136",1,1,2
"ERR2245137",1,1,3
"ERR2245140",1,1,4
"ERR2245142",1,1,1
"ERR2245143",1,3,13
"ERR2245146",1,1,4
"ERR2245152",1,1,1
"ERR2245153",1,1,2
"ERR2245154",1,2,3
"ERR2245157",1,1,1
"ERR2245158",1,3,8
"ERR2245159",1,3,6
"ERR2245160",1,2,2
"ERR2245163",1,1,1
"ERR2245164",1,1,9
"ERR2245165",1,1,1
"ERR2245166",1,1,2
"ERR2245167",1,1,2
"ERR2245171",1,2,5
"ERR2245173",1,3,3
"ERR2245174",1,2,5
"ERR2245176",1,1,4
"ERR2245177",1,2,3
"ERR2245179",1,1,3
"ERR2245180",1,1,7
"ERR2245181",1,1,1
"ERR2245183",1,3,6
"ERR2245184",1,1,1
"ERR2245186",1,3,9
"ERR2245187",1,3,8
"ERR2245188",1,1,1
"ERR2245191",1,2,2
"ERR2245192",1,1,1
"ERR2245193",1,3,3
"ERR2245196",1,2,2
"ERR2245197",1,6,10
"ERR2245198",1,1,3
"ERR2245199",1,2,5
"ERR2245200",1,1,1
"ERR2245201",1,2,3
"ERR2245203",1,5,15
"ERR2245205",1,2,3
"ERR2245206",1,5,10
"ERR2245207",1,1,7
"ERR2245213",1,1,2
"ERR2245214",1,2,7
"ERR2245216",1,1,2
"ERR2245217",1,2,2
"ERR2245219",1,4,16
"ERR2245220",1,2,4
"ERR2245221",1,1,1
"ERR2245223",1,3,5
"ERR2245225",1,3,3
"ERR2245226",1,3,10
"ERR2245227",1,9,25
"ERR2245229",1,2,3
"ERR2245231",1,1,6
"ERR2245233",1,1,1
"ERR2245234",1,2,2
"ERR2245236",1,5,8
"ERR2245237",1,2,2
"ERR2245238",1,1,4
"ERR2245239",1,4,7
"ERR2245240",1,3,5
"ERR2245241",1,1,1
"ERR2245242",1,1,9
"ERR2245243",1,6,25
"ERR2245244",1,1,2
"ERR2245245",1,4,9
"ERR2245247",1,3,12
"ERR2245248",1,1,1
"ERR2245249",1,1,2
"ERR2245251",1,1,1
"ERR2245252",1,1,3
"ERR2245253",1,1,1
"ERR2245254",1,1,9
"ERR2245256",1,4,17
"ERR2245257",1,2,5
"ERR2245258",1,2,3
"ERR2245259",1,2,11
"ERR2245260",1,1,1
"ERR2247272",1,12,6263
"ERR2247273",1,19,13034
"ERR2247274",1,21,9629
"ERR2247275",1,17,16155
"ERR2247276",1,20,18903
"ERR2247277",1,15,2512
"ERR2247278",1,17,22750
"ERR2247279",1,13,1123
"ERR2247281",1,13,2055
"ERR2247282",1,17,3877
"ERR2247283",1,18,189
"ERR2247284",1,12,2286
"ERR2247287",1,20,13160
"ERR2247288",1,24,9797
"ERR2247290",1,19,24350
"ERR2247291",1,16,7778
"ERR2247292",1,7,2344
"ERR2247293",1,19,14336
"ERR2247294",1,14,5041
"ERR2247484",1,197,46220
"ERR2247485",1,65,28718
"ERR2247486",1,203,28726
"ERR2247487",1,172,87107
"ERR2247488",1,122,68305
"ERR2247489",1,194,83217
"ERR2247490",1,57,10566
"ERR2247491",1,199,72950
"ERR2247492",1,177,48134
"ERR2247493",1,131,37101
"ERR2248396",1,56,3295
"ERR2248397",1,164,7022
"ERR2248398",1,29,13340
"ERR2248399",1,5,25860
"ERR2248400",1,103,1406
"ERR2248401",1,99,1466
"ERR2248402",1,35,94
"ERR2248403",1,127,1927
"ERR2248404",1,135,2333
"ERR2248405",1,50,174
"ERR2248406",1,176,1753
"ERR2248407",1,136,1496
"ERR2248408",1,67,686
"ERR2248421",1,9,128
"ERR2248422",1,12,911
"ERR2248423",1,8,46
"ERR2248424",1,82,694
"ERR2248425",1,51,835
"ERR2248426",1,26,256
"ERR2248427",1,36,58
"ERR2248428",1,438,6509
"ERR2248429",1,7,8
"ERR2248430",1,308,1317
"ERR2248431",1,160,2319
"ERR2248432",1,106,4820
"ERR2248433",1,68,1052
"ERR2248482",1,108,81832
"ERR2248483",1,206,39159
"ERR2248484",1,270,43171
"ERR2248485",1,265,42116
"ERR2248486",1,138,44751
"ERR2248487",1,96,83793
"ERR2248488",1,53,67419
"ERR2248489",1,85,38611
"ERR2249701",1,65,49508
"ERR2249702",1,41,3885
"ERR2249703",1,5,286
"ERR2249704",1,18,19
"ERR2249705",1,32,2343
"ERR2249706",1,15,840
"ERR2249707",1,25,10790
"ERR2249708",1,68,845
"ERR2249709",1,55,3811
"ERR2249710",1,53,352
"ERR2249711",1,112,57683
"ERR2249712",1,74,8628
"ERR2249713",1,68,3778
"ERR2249714",1,64,1022
"ERR2261815",1,8,34654
"ERR2261816",1,20,33546
"ERR2261817",1,15,28077
"ERR2261818",1,5,11929
"ERR2261819",1,4,42964
"ERR2261820",1,1,2
"ERR2261821",1,1,2
"ERR2261822",1,2,4
"ERR2261823",1,3,5
"ERR2262684",1,2,2
"ERR2262686",1,3,4
"ERR2262688",1,1,1
"ERR2262691",1,2,2
"ERR2262694",1,2,32
"ERR2262697",1,2,2
"ERR2262698",1,18,23
"ERR2262700",1,2,2
"ERR2262701",1,1,1
"ERR2262704",1,3,3
"ERR2262705",1,4,4
"ERR2262706",1,23,33
"ERR2262711",1,3,3
"ERR2262713",1,3,3
"ERR2262717",1,1,1
"ERR2262718",1,2,2
"ERR2262719",1,1,1
"ERR2262720",1,5,133
"ERR2262721",1,1,1
"ERR2262722",1,2,2
"ERR2262723",1,2,2
"ERR2262724",1,2,6
"ERR2262725",1,5,52
"ERR2262726",1,2,4
"ERR2262727",1,3,15
"ERR2262728",1,4,7
"ERR2262729",1,14,333
"ERR2262730",1,3,20
"ERR2262731",1,3,18
"ERR2262732",1,1,1
"ERR2262734",1,6,327
"ERR2262735",1,6,21
"ERR2269936",1,670,58865
"ERR2269937",1,513,85221
"ERR2269938",1,350,129563
"ERR2269939",1,377,34005
"ERR2269940",1,584,32226
"ERR2269941",1,397,37035
"ERR2269942",1,718,19286
"ERR2269943",1,1328,24219
"ERR2270821",1,148,28728
"ERR2270822",1,144,36549
"ERR2271680",1,3,21
"ERR2271681",1,2,13
"ERR2271687",1,1,1
"ERR2271690",1,2,13
"ERR2271691",1,6,262
"ERR2271698",1,2,19
"ERR2271699",1,2,11
"ERR2271700",1,1,29
"ERR2271701",1,1,1
"ERR2271702",1,1,1
"ERR2271703",1,1,15
"ERR2271708",1,1,11
"ERR2271709",1,1,1
"ERR2271711",1,1,18
"ERR2271718",1,3,12
"ERR2271722",1,1,1
"ERR2271726",1,1,11
"ERR2271727",1,2,75
"ERR2271729",1,1,1
"ERR2271730",1,1,5
"ERR2271733",1,1,19
"ERR2271735",1,1,2
"ERR2271736",1,1,1
"ERR2271737",1,7,193
"ERR2271738",1,3,141
"ERR2271739",1,1,1
"ERR2271740",1,1,1
"ERR2271745",1,2,2
"ERR2271746",1,5,290
"ERR2271747",1,13,618
"ERR2271748",1,2,2
"ERR2271749",1,18,265
"ERR2271750",1,5,336
"ERR2271751",1,4,17
"ERR2271752",1,12,3730
"ERR2271753",1,20,3465
"ERR2271754",1,17,3877
"ERR2271755",1,11,3325
"ERR2271757",1,1,1
"ERR2271758",1,2,2
"ERR2271763",1,1,2
"ERR2271764",1,3,167
"ERR2271765",1,7,729
"ERR2271766",1,8,1426
"ERR2271767",1,1,4
"ERR2271768",1,2,4
"ERR2271769",1,1,2
"ERR2271770",1,1,17
"ERR2271773",1,1,8
"ERR2271775",1,1,1
"ERR2271778",1,1,1
"ERR2271780",1,1,5
"ERR2271781",1,2,25
"ERR2271782",1,2,61
"ERR2271783",1,1,1
"ERR2271785",1,1,1
"ERR2271788",1,1,12
"ERR2271789",1,4,19
"ERR2271790",1,3,7
"ERR2271791",1,1,1
"ERR2271792",1,1,231
"ERR2271794",1,1,1
"ERR2271796",1,1,2
"ERR2271797",1,1,124
"ERR2271800",1,2,71
"ERR2271803",1,2,5
"ERR2271805",1,1,1
"ERR2271811",1,1,1
"ERR2271813",1,3,118
"ERR2271814",1,2,4
"ERR2271817",1,7,167
"ERR2271818",1,2,25
"ERR2271819",1,1,1
"ERR2271821",1,1,2
"ERR2271822",1,2,19
"ERR2271823",1,1,1
"ERR2271824",1,2,32
"ERR2271826",1,1,1
"ERR2271827",1,3,44
"ERR2276462",1,26,11189
"ERR2276463",1,37,8549
"ERR2276464",1,28,1262
"ERR2276465",1,22,1967
"ERR2276466",1,19,151
"ERR2276467",1,35,4151
"ERR2276468",1,6,189
"ERR2276469",1,28,1875
"ERR2276470",1,21,1101
"ERR2286745",1,606,103333
"ERR2286746",1,517,62505
"ERR2286747",1,484,36004
"ERR2286748",1,247,5985
"ERR2286749",1,306,11728
"ERR2286750",1,259,5469
"ERR2287518",1,45,4206
"ERR2287519",1,93,74884
"ERR2287520",1,415,87792
"ERR2287521",1,41,2196
"ERR2287522",1,34,1400
"ERR2287523",1,52,2179
"ERR2287524",1,176,12193
"ERR2287525",1,547,197383
"ERR2287526",1,539,147858
"ERR2287527",1,528,170909
"ERR2287528",1,353,39147
"ERR2287529",1,299,10321
"ERR2287530",1,194,6354
"ERR2287658",1,312,15477
"ERR2287659",1,361,16800
"ERR2287660",1,252,5678
"ERR2287661",1,183,3322
"ERR2287662",1,183,3208
"ERR2287663",1,172,1557
"ERR2298137",1,41,1253
"ERR2298138",1,34,1244
"ERR2298139",1,36,1389
"ERR2298140",1,34,1254
"ERR2298141",1,27,1305
"ERR2298142",1,29,935
"ERR2298143",1,33,915
"ERR2298144",1,12,249
"ERR2298145",1,35,1362
"ERR2298146",1,37,1709
"ERR2298147",1,45,1791
"ERR2298148",1,40,988
"ERR2298149",1,30,843
"ERR2298150",1,16,120
"ERR2298151",1,74,2857
"ERR2298152",1,17,578
"ERR2298153",1,28,652
"ERR2298154",1,45,2494
"ERR2298155",1,43,3504
"ERR2298156",1,30,1407
"ERR2298157",1,48,2556
"ERR2298158",1,31,1116
"ERR2298159",1,46,4404
"ERR2298160",1,28,1819
"ERR2298161",1,19,91
"ERR2298162",1,24,366
"ERR2298163",1,51,6915
"ERR2298164",1,30,756
"ERR2298165",1,18,723
"ERR2298167",1,27,521
"ERR2298168",1,15,98
"ERR2298169",1,21,7023
"ERR2298170",1,29,3294
"ERR2298171",1,26,531
"ERR2298172",1,42,1162
"ERR2298173",1,35,3689
"ERR2298174",1,45,1615
"ERR2298175",1,13,344
"ERR2298176",1,45,1377
"ERR2298177",1,30,802
"ERR2298178",1,49,1729
"ERR2298179",1,34,3162
"ERR2298180",1,26,552
"ERR2298181",1,56,1939
"ERR2298182",1,59,1565
"ERR2298183",1,15,298
"ERR2298184",1,67,2691
"ERR2298185",1,45,3906
"ERR2298186",1,35,758
"ERR2298187",1,29,1584
"ERR2298188",1,15,70
"ERR2298189",1,25,442
"ERR2298190",1,39,830
"ERR2298191",1,20,510
"ERR2298192",1,28,535
"ERR2298193",1,54,2072
"ERR2298194",1,55,2777
"ERR2298195",1,42,2216
"ERR2298873",1,1,3
"ERR2298909",1,1,1
"ERR2300194",1,1,27
"ERR2300195",1,1,362
"ERR2300196",1,1,1
"ERR2300202",1,1,38
"ERR2300203",1,1,1
"ERR2300214",1,1,142
"ERR2300218",1,2,8
"ERR2300219",1,1,12
"ERR2300220",1,1,1
"ERR2300222",1,1,2
"ERR2304213",1,53,8934
"ERR2304214",1,165,24077
"ERR2304215",1,234,86018
"ERR2304216",1,103,4458
"ERR2304217",1,153,49536
"ERR2304218",1,148,17032
"ERR2304219",1,257,15255
"ERR2304220",1,211,25064
"ERR2304221",1,26,620
"ERR2304222",1,95,14558
"ERR2304223",1,44,570
"ERR2304224",1,38,34367
"ERR2304225",1,141,18156
"ERR2304226",1,42,406
"ERR2304227",1,150,16383
"ERR2304228",1,127,15500
"ERR2304229",1,115,75361
"ERR2304230",1,220,24324
"ERR2304231",1,194,26089
"ERR2304232",1,74,1707
"ERR2304233",1,131,9869
"ERR2304234",1,170,18801
"ERR2304235",1,125,6560
"ERR2304236",1,192,22799
"ERR2304238",1,104,7828
"ERR2304239",1,79,6593
"ERR2304241",1,104,9105
"ERR2304408",1,7,4051
"ERR2304409",1,22,874
"ERR2304410",1,35,802
"ERR2304411",1,56,1534
"ERR2304445",1,23,133
"ERR2304446",1,29,180
"ERR2304447",1,25,369
"ERR2304448",1,22,88
"ERR2304449",1,12,181
"ERR2304450",1,16,118
"ERR2304451",1,26,479
"ERR2304452",1,11,87
"ERR2304453",1,8,34
"ERR2304454",1,14,284
"ERR2304455",1,8,51
"ERR2304456",1,18,140
"ERR2304457",1,12,47
"ERR2304458",1,43,308
"ERR2304459",1,12,64
"ERR2304460",1,15,39
"ERR2304461",1,7,52
"ERR2304462",1,2,6
"ERR2304463",1,1,12
"ERR2304464",1,19,77
"ERR2304465",1,42,217
"ERR2304466",1,12,52
"ERR2304467",1,19,52
"ERR2304468",1,31,152
"ERR2304469",1,13,72
"ERR2304470",1,8,72
"ERR2304471",1,8,19
"ERR2304472",1,19,67
"ERR2304473",1,28,89
"ERR2304474",1,25,55
"ERR2304475",1,7,36
"ERR2304476",1,41,370
"ERR2304477",1,40,217
"ERR2304478",1,13,169
"ERR2304479",1,39,227
"ERR2304480",1,31,77
"ERR2304481",1,16,58
"ERR2304482",1,15,41
"ERR2304483",1,18,151
"ERR2304484",1,23,173
"ERR2304485",1,16,34
"ERR2304486",1,30,391
"ERR2304487",1,22,219
"ERR2304488",1,15,54
"ERR2304489",1,9,55
"ERR2304490",1,11,53
"ERR2304491",1,7,14
"ERR2304492",1,7,15
"ERR2304494",1,2,2
"ERR2304495",1,4,13
"ERR2304496",1,13,55
"ERR2304497",1,17,74
"ERR2304498",1,4,4
"ERR2304499",1,15,142
"ERR2304500",1,8,17
"ERR2304501",1,9,17
"ERR2304502",1,5,6
"ERR2304503",1,1,3
"ERR2304504",1,4,11
"ERR2304505",1,6,7
"ERR2304506",1,2,9
"ERR2304507",1,35,134
"ERR2304508",1,21,88
"ERR2304509",1,11,50
"ERR2304510",1,5,14
"ERR2304511",1,11,41
"ERR2304512",1,5,24
"ERR2304513",1,27,96
"ERR2304514",1,8,24
"ERR2304515",1,1,2
"ERR2304516",1,13,90
"ERR2304517",1,11,44
"ERR2304518",1,25,129
"ERR2304519",1,15,207
"ERR2304520",1,6,15
"ERR2304522",1,8,106
"ERR2304523",1,20,76
"ERR2304524",1,28,414
"ERR2304525",1,20,115
"ERR2304526",1,23,143
"ERR2304527",1,17,51
"ERR2304528",1,14,36
"ERR2304529",1,9,23
"ERR2304530",1,10,25
"ERR2304531",1,12,23
"ERR2304532",1,11,34
"ERR2304533",1,7,14
"ERR2304534",1,8,25
"ERR2304535",1,15,29
"ERR2304536",1,21,66
"ERR2304537",1,52,1005
"ERR2304538",1,38,431
"ERR2304539",1,27,152
"ERR2304540",1,34,422
"ERR2304541",1,21,129
"ERR2304542",1,8,21
"ERR2304543",1,6,16
"ERR2304544",1,7,37
"ERR2304545",1,26,319
"ERR2304546",1,29,210
"ERR2304547",1,23,303
"ERR2304548",1,25,140
"ERR2304549",1,30,297
"ERR2304610",1,11,512
"ERR2304611",1,6,123
"ERR2304612",1,8,955
"ERR2304615",1,1,1
"ERR2304616",1,2,332
"ERR2304617",1,2,209
"ERR2304618",1,4,495
"ERR2304619",1,13,226
"ERR2304620",1,8,257
"ERR2304621",1,13,646
"ERR2304622",1,37,1888
"ERR2304623",1,8,105
"ERR2304624",1,42,1737
"ERR2304625",1,3,30
"ERR2304626",1,4,68
"ERR2304627",1,4,103
"ERR2304628",1,7,99
"ERR2304629",1,3,50
"ERR2304630",1,29,295
"ERR2304631",1,30,1212
"ERR2304632",1,22,1748
"ERR2304633",1,22,2272
"ERR2304634",1,14,1072
"ERR2304635",1,5,94
"ERR2304636",1,16,1824
"ERR2304637",1,3,6
"ERR2304638",1,3,21
"ERR2304639",1,2,5
"ERR2304640",1,27,2731
"ERR2304641",1,18,2069
"ERR2304642",1,24,5241
"ERR2304643",1,10,60
"ERR2304644",1,6,29
"ERR2304645",1,5,33
"ERR2304646",1,18,167
"ERR2304647",1,4,12
"ERR2304648",1,11,76
"ERR2304649",1,10,195
"ERR2304650",1,8,245
"ERR2304651",1,10,606
"ERR2304652",1,9,1870
"ERR2304653",1,8,2558
"ERR2304654",1,7,8095
"ERR2305677",1,2,2
"ERR2305678",1,2,2
"ERR2305680",1,2,2
"ERR2305681",1,1,1
"ERR2305683",1,1,1
"ERR2305684",1,2,8
"ERR2305685",1,1,1
"ERR2305736",1,2,16
"ERR2305737",1,4,89
"ERR2305738",1,23,538
"ERR2305739",1,27,764
"ERR2306655",1,12,41
"ERR2306656",1,18,122
"ERR2306657",1,14,144
"ERR2306658",1,1,4
"ERR2306659",1,18,116
"ERR2306660",1,17,165
"ERR2306661",1,7,14
"ERR2306662",1,5,8
"ERR2306663",1,5,9
"ERR2306664",1,30,525
"ERR2306665",1,5,9
"ERR2306666",1,29,546
"ERR2306667",1,38,349
"ERR2306668",1,23,372
"ERR2306669",1,29,865
"ERR2306670",1,19,238
"ERR2306671",1,30,998
"ERR2306672",1,2,2
"ERR2306673",1,22,306
"ERR2306674",1,1,1
"ERR2306675",1,13,68
"ERR2306676",1,6,11
"ERR2306677",1,4,19
"ERR2306678",1,21,633
"ERR2306679",1,12,194
"ERR2306680",1,9,27
"ERR2306681",1,33,862
"ERR2306682",1,28,213
"ERR2306683",1,17,87
"ERR2306684",1,15,116
"ERR2306685",1,20,467
"ERR2306686",1,17,140
"ERR2306687",1,26,161
"ERR2306688",1,22,538
"ERR2306689",1,15,72
"ERR2306690",1,10,14
"ERR2306691",1,23,192
"ERR2306692",1,14,78
"ERR2306693",1,8,31
"ERR2306694",1,5,6
"ERR2306695",1,13,119
"ERR2306696",1,6,18
"ERR2306697",1,3,23
"ERR2306698",1,16,90
"ERR2306699",1,22,691
"ERR2306701",1,5,10
"ERR2306702",1,14,135
"ERR2306703",1,2,3
"ERR2306704",1,27,256
"ERR2306705",1,4,12
"ERR2306706",1,10,65
"ERR2306707",1,26,614
"ERR2306708",1,21,334
"ERR2306709",1,3,13
"ERR2306710",1,19,227
"ERR2306711",1,3,10
"ERR2306712",1,26,622
"ERR2306713",1,6,35
"ERR2306714",1,7,83
"ERR2306717",1,8,151
"ERR2306719",1,11,62
"ERR2306720",1,1,2
"ERR2306721",1,3,6
"ERR2306723",1,2,65
"ERR2306725",1,3,27
"ERR2306726",1,3,4
"ERR2306727",1,1,1
"ERR2306729",1,2,2
"ERR2306731",1,5,13
"ERR2306732",1,6,11
"ERR2306733",1,1,1
"ERR2306734",1,4,10
"ERR2306735",1,40,314
"ERR2306736",1,7,10
"ERR2306737",1,26,391
"ERR2306738",1,19,308
"ERR2306739",1,36,319
"ERR2306740",1,4,6
"ERR2306741",1,13,51
"ERR2306742",1,30,395
"ERR2306743",1,17,29
"ERR2306744",1,50,858
"ERR2306745",1,43,928
"ERR2306746",1,41,619
"ERR2306747",1,17,52
"ERR2306748",1,43,471
"ERR2306749",1,52,1220
"ERR2306750",1,10,17
"ERR2306751",1,10,21
"ERR2306752",1,18,88
"ERR2306753",1,32,321
"ERR2306754",1,31,207
"ERR2306755",1,16,43
"ERR2306757",1,5,9
"ERR2306758",1,27,227
"ERR2306759",1,22,244
"ERR2306760",1,44,669
"ERR2306761",1,51,1486
"ERR2306762",1,4,13
"ERR2306763",1,23,133
"ERR2306764",1,25,87
"ERR2306765",1,35,219
"ERR2306766",1,16,40
"ERR2306767",1,11,34
"ERR2306768",1,11,21
"ERR2306769",1,16,52
"ERR2306770",1,5,16
"ERR2306771",1,4,8
"ERR2306772",1,28,169
"ERR2306773",1,6,8
"ERR2306774",1,29,467
"ERR2306775",1,23,133
"ERR2306776",1,28,265
"ERR2306777",1,21,109
"ERR2306778",1,18,84
"ERR2306779",1,9,22
"ERR2306780",1,36,271
"ERR2306781",1,32,223
"ERR2306782",1,21,140
"ERR2306783",1,32,340
"ERR2306784",1,26,145
"ERR2306786",1,9,27
"ERR2306787",1,12,37
"ERR2306788",1,9,45
"ERR2306789",1,58,879
"ERR2306790",1,46,423
"ERR2306791",1,31,180
"ERR2306792",1,102,1940
"ERR2306793",1,20,62
"ERR2306794",1,59,1893
"ERR2306795",1,67,776
"ERR2306796",1,31,269
"ERR2306797",1,81,678
"ERR2306798",1,32,254
"ERR2306799",1,25,171
"ERR2306800",1,41,243
"ERR2306801",1,44,393
"ERR2306802",1,18,71
"ERR2306803",1,32,92
"ERR2306805",1,62,278
"ERR2306806",1,75,1608
"ERR2306807",1,78,529
"ERR2306808",1,98,1378
"ERR2306809",1,82,758
"ERR2306810",1,99,1163
"ERR2306811",1,70,411
"ERR2306812",1,116,1352
"ERR2306813",1,92,1482
"ERR2306814",1,78,669
"ERR2306815",1,112,1603
"ERR2306816",1,47,388
"ERR2306817",1,43,443
"ERR2306818",1,53,407
"ERR2306819",1,63,5264
"ERR2306820",1,93,5389
"ERR2306821",1,60,1079
"ERR2306822",1,82,1188
"ERR2306823",1,25,153
"ERR2306824",1,65,755
"ERR2306825",1,64,2511
"ERR2306826",1,55,985
"ERR2306827",1,40,352
"ERR2306828",1,46,1159
"ERR2306829",1,34,272
"ERR2306830",1,42,861
"ERR2306831",1,15,64
"ERR2306832",1,68,1266
"ERR2306833",1,29,137
"ERR2306834",1,64,1577
"ERR2306835",1,48,343
"ERR2306836",1,61,1174
"ERR2306837",1,85,2432
"ERR2306838",1,80,1335
"ERR2306839",1,46,454
"ERR2306840",1,69,1411
"ERR2306841",1,37,224
"ERR2306842",1,88,1341
"ERR2306843",1,91,5279
"ERR2306844",1,77,2121
"ERR2306845",1,27,271
"ERR2306846",1,33,270
"ERR2306847",1,20,94
"ERR2306848",1,27,171
"ERR2306849",1,77,785
"ERR2306850",1,57,412
"ERR2306851",1,44,155
"ERR2306852",1,62,1071
"ERR2306853",1,30,128
"ERR2306854",1,26,738
"ERR2306855",1,42,552
"ERR2306856",1,42,396
"ERR2306857",1,42,504
"ERR2306858",1,18,123
"ERR2306859",1,30,202
"ERR2306860",1,40,416
"ERR2306861",1,40,168
"ERR2306862",1,48,369
"ERR2306863",1,28,114
"ERR2306864",1,83,2124
"ERR2306865",1,53,364
"ERR2306866",1,87,1384
"ERR2306867",1,81,2217
"ERR2306868",1,92,1776
"ERR2306869",1,89,2951
"ERR2306870",1,75,2398
"ERR2306871",1,59,400
"ERR2306872",1,79,2467
"ERR2306873",1,75,577
"ERR2306874",1,108,2057
"ERR2306875",1,74,517
"ERR2306876",1,37,989
"ERR2306877",1,21,166
"ERR2306878",1,26,296
"ERR2307972",1,32,1119
"ERR2307973",1,42,3659
"ERR2307974",1,20,812
"ERR2307975",1,29,1715
"ERR2307976",1,23,2200
"ERR2307977",1,34,1205
"ERR2307978",1,15,1377
"ERR2307979",1,21,1822
"ERR2307980",1,42,4228
"ERR2307981",1,19,697
"ERR2307982",1,40,3340
"ERR2307983",1,37,3723
"ERR2307984",1,21,4978
"ERR2307985",1,18,2959
"ERR2307986",1,25,2045
"ERR2307987",1,25,3251
"ERR2307988",1,19,796
"ERR2307989",1,28,1427
"ERR2307990",1,39,4544
"ERR2307991",1,29,8400
"ERR2307992",1,37,5242
"ERR2307993",1,20,1834
"ERR2307994",1,9,237
"ERR2307995",1,7,219
"ERR2307996",1,47,2747
"ERR2307997",1,43,1429
"ERR2307998",1,2,29
"ERR2307999",1,2,14
"ERR2308000",1,7,200
"ERR2308001",1,1,62
"ERR2308002",1,8,89
"ERR2308005",1,5,19
"ERR2308006",1,2,6
"ERR2308007",1,3,120
"ERR2308008",1,3,8
"ERR2308009",1,3,33
"ERR2308010",1,8,895
"ERR2308011",1,4,41
"ERR2308013",1,6,265
"ERR2308015",1,3,19
"ERR2308016",1,9,195
"ERR2308017",1,7,250
"ERR2308018",1,1,6
"ERR2308019",1,2,10
"ERR2308020",1,3,84
"ERR2308021",1,1,8
"ERR2308022",1,1,1
"ERR2308023",1,2,273
"ERR2308024",1,1,4
"ERR2308025",1,1,2
"ERR2308026",1,10,75
"ERR2308027",1,2,22
"ERR2308029",1,4,23
"ERR2308030",1,2,6
"ERR2308031",1,6,54
"ERR2308033",1,3,41
"ERR2308034",1,2,274
"ERR2308037",1,3,38
"ERR2308039",1,2,3
"ERR2308040",1,1,2
"ERR2308041",1,3,20
"ERR2308042",1,1,5
"ERR2308043",1,7,28
"ERR2308044",1,3,13
"ERR2308045",1,4,27
"ERR2308047",1,5,8
"ERR2308048",1,3,27
"ERR2308049",1,3,13
"ERR2308050",1,2,37
"ERR2308051",1,3,88
"ERR2308053",1,4,97
"ERR2308055",1,1,1
"ERR2308056",1,2,27
"ERR2308059",1,1,6
"ERR2308060",1,2,6
"ERR2308061",1,4,60
"ERR2308062",1,10,38
"ERR2308063",1,1,8
"ERR2308064",1,13,1198
"ERR2308065",1,1,3
"ERR2308068",1,1,47
"ERR2308069",1,4,86
"ERR2308070",1,1,10
"ERR2308071",1,2,2
"ERR2308072",1,1,8
"ERR2308073",1,5,279
"ERR2308074",1,2,20
"ERR2308075",1,1,23
"ERR2308083",1,1,1
"ERR2308084",1,1,5
"ERR2308085",1,4,128
"ERR2308086",1,3,49
"ERR2308087",1,4,59
"ERR2308088",1,6,237
"ERR2308089",1,2,35
"ERR2308090",1,3,115
"ERR2308091",1,2,63
"ERR2308092",1,1,15
"ERR2308093",1,1,7
"ERR2308094",1,2,53
"ERR2308095",1,1,210
"ERR2308096",1,3,50
"ERR2308097",1,6,36
"ERR2308098",1,1,16
"ERR2308099",1,3,74
"ERR2308101",1,2,14
"ERR2308103",1,6,123
"ERR2308104",1,2,160
"ERR2308106",1,1,46
"ERR2308107",1,3,55
"ERR2308108",1,1,1
"ERR2308109",1,5,155
"ERR2308110",1,3,21
"ERR2308111",1,1,92
"ERR2308112",1,2,59
"ERR2308113",1,1,3
"ERR2308114",1,2,26
"ERR2308115",1,1,5
"ERR2308117",1,4,75
"ERR2308120",1,1,1
"ERR2308121",1,2,16
"ERR2308123",1,4,1539
"ERR2308125",1,3,15
"ERR2308126",1,3,25
"ERR2308127",1,2,85
"ERR2308130",1,2,9
"ERR2308131",1,3,58
"ERR2308132",1,1,1
"ERR2308134",1,1,2
"ERR2308135",1,3,140
"ERR2308136",1,2,17
"ERR2308137",1,1,1
"ERR2308138",1,2,23
"ERR2308140",1,3,25
"ERR2308141",1,2,19
"ERR2308142",1,1,20
"ERR2308143",1,1,4
"ERR2308144",1,4,119
"ERR2308146",1,7,50
"ERR2308147",1,10,790
"ERR2308148",1,1,4
"ERR2308149",1,13,377
"ERR2308150",1,2,53
"ERR2308151",1,1,5
"ERR2308152",1,3,47
"ERR2308155",1,1,30
"ERR2308156",1,1,4
"ERR2308157",1,6,174
"ERR2308158",1,1,20
"ERR2308159",1,1,1
"ERR2308160",1,5,55
"ERR2308161",1,1,22
"ERR2308166",1,4,37
"ERR2308169",1,3,73
"ERR2308170",1,6,99
"ERR2308171",1,3,53
"ERR2308173",1,7,190
"ERR2308174",1,1,2
"ERR2308175",1,1,15
"ERR2308176",1,5,79
"ERR2308177",1,2,47
"ERR2308178",1,1,9
"ERR2308179",1,1,1
"ERR2308180",1,6,450
"ERR2308181",1,3,15
"ERR2308182",1,3,30
"ERR2308183",1,4,49
"ERR2308184",1,5,153
"ERR2308185",1,5,40
"ERR2308186",1,2,31
"ERR2308187",1,3,205
"ERR2308188",1,9,308
"ERR2308189",1,1,39
"ERR2308190",1,2,14
"ERR2308191",1,1,153
"ERR2308192",1,11,175
"ERR2308194",1,2,69
"ERR2308195",1,6,178
"ERR2308196",1,1,31
"ERR2308197",1,2,23
"ERR2308198",1,4,151
"ERR2308199",1,1,33
"ERR2308200",1,1,12
"ERR2308201",1,4,127
"ERR2308202",1,2,46
"ERR2308203",1,3,76
"ERR2308204",1,4,45
"ERR2308205",1,6,104
"ERR2308206",1,1,34
"ERR2308207",1,1,1
"ERR2308209",1,1,41
"ERR2308212",1,1,131
"ERR2308213",1,1,1
"ERR2308214",1,1,5
"ERR2308215",1,2,9
"ERR2308216",1,2,15
"ERR2308217",1,2,33
"ERR2308218",1,2,6
"ERR2308220",1,1,9
"ERR2308222",1,4,32
"ERR2308223",1,1,20
"ERR2308224",1,2,87
"ERR2308228",1,3,271
"ERR2308229",1,6,264
"ERR2308230",1,1,3
"ERR2308231",1,1,1
"ERR2308233",1,3,101
"ERR2308235",1,6,484
"ERR2308236",1,3,17
"ERR2308237",1,1,48
"ERR2308238",1,5,64
"ERR2308239",1,4,76
"ERR2308240",1,2,37
"ERR2308241",1,15,786
"ERR2308242",1,1,73
"ERR2308243",1,3,495
"ERR2308244",1,1,3
"ERR2308246",1,5,32
"ERR2308247",1,1,1
"ERR2308248",1,2,18
"ERR2308249",1,6,18
"ERR2308250",1,6,171
"ERR2308251",1,2,23
"ERR2308253",1,2,66
"ERR2308254",1,2,104
"ERR2308255",1,5,82
"ERR2308257",1,6,37
"ERR2308258",1,2,204
"ERR2308259",1,8,91
"ERR2308261",1,3,9
"ERR2308262",1,1,39
"ERR2308264",1,2,6
"ERR2308265",1,2,35
"ERR2308266",1,1,36
"ERR2308267",1,1,25
"ERR2308268",1,2,50
"ERR2308269",1,1,16
"ERR2308270",1,3,98
"ERR2308274",1,2,29
"ERR2308276",1,3,28
"ERR2308278",1,1,17
"ERR2308281",1,6,21
"ERR2308282",1,4,34
"ERR2308283",1,5,13
"ERR2308284",1,2,5
"ERR2308285",1,6,17
"ERR2308286",1,3,5
"ERR2308288",1,1,5
"ERR2308289",1,1,26
"ERR2308290",1,4,602
"ERR2308291",1,1,19
"ERR2308292",1,2,9
"ERR2308294",1,2,2
"ERR2308295",1,3,93
"ERR2308296",1,2,29
"ERR2308298",1,1,1
"ERR2308300",1,2,59
"ERR2308301",1,1,5
"ERR2308302",1,4,77
"ERR2308304",1,4,817
"ERR2308305",1,2,22
"ERR2308307",1,1,10
"ERR2308308",1,5,58
"ERR2308309",1,1,27
"ERR2308310",1,2,42
"ERR2308312",1,3,79
"ERR2308313",1,5,18
"ERR2322055",1,95,6865
"ERR2322056",1,60,7234
"ERR2322057",1,60,3186
"ERR2322058",1,108,9133
"ERR2322059",1,112,5431
"ERR2322060",1,129,14110
"ERR2322061",1,100,7427
"ERR2322062",1,118,7437
"ERR2322063",1,89,8686
"ERR2322064",1,113,6736
"ERR2322065",1,102,4849
"ERR2322066",1,110,5133
"ERR2322067",1,90,5803
"ERR2322068",1,131,11198
"ERR2322069",1,87,10264
"ERR2322070",1,68,5867
"ERR2322071",1,34,1861
"ERR2322072",1,74,12624
"ERR2322073",1,69,5050
"ERR2322074",1,87,5522
"ERR2322075",1,65,24636
"ERR2322076",1,40,13669
"ERR2322077",1,69,13477
"ERR2322078",1,76,29522
"ERR2322079",1,31,6511
"ERR2322080",1,50,4689
"ERR2322081",1,27,369
"ERR2322082",1,40,14900
"ERR2322083",1,61,12980
"ERR2322084",1,70,8217
"ERR2322085",1,32,3038
"ERR2322086",1,53,20127
"ERR2322087",1,45,5263
"ERR2322088",1,34,9353
"ERR2322089",1,83,13328
"ERR2322090",1,37,7280
"ERR2322091",1,36,7305
"ERR2322092",1,58,7427
"ERR2322093",1,47,7045
"ERR2322094",1,29,8130
"ERR2322095",1,80,8257
"ERR2322096",1,97,4166
"ERR2322097",1,33,3103
"ERR2322098",1,50,6683
"ERR2322099",1,74,11380
"ERR2322100",1,37,6063
"ERR2322101",1,54,9356
"ERR2322102",1,68,4416
"ERR2322103",1,102,8364
"ERR2322104",1,41,14387
"ERR2322105",1,44,9548
"ERR2322106",1,72,8600
"ERR2322107",1,64,9896
"ERR2322108",1,29,547
"ERR2322109",1,45,3659
"ERR2322110",1,64,4741
"ERR2322111",1,35,29424
"ERR2322112",1,35,9280
"ERR2322113",1,55,7349
"ERR2322114",1,49,10002
"ERR2322115",1,40,9984
"ERR2322116",1,48,3728
"ERR2322117",1,59,32201
"ERR2322118",1,57,3167
"ERR2322119",1,43,17800
"ERR2322120",1,39,7173
"ERR2322121",1,47,9122
"ERR2322122",1,55,6138
"ERR2322123",1,81,2875
"ERR2322124",1,49,9232
"ERR2322125",1,53,15669
"ERR2322126",1,58,21359
"ERR2322127",1,60,8832
"ERR2322128",1,93,6451
"ERR2322129",1,58,5217
"ERR2322130",1,70,9994
"ERR2322131",1,84,26016
"ERR2322132",1,135,59636
"ERR2322133",1,107,33679
"ERR2322134",1,106,15282
"ERR2322316",1,2,6
"ERR2322317",1,4,10
"ERR2322318",1,5,36
"ERR2322325",1,1,2
"ERR2322326",1,2,39
"ERR2322327",1,1,6
"ERR2322328",1,1,2
"ERR2322329",1,2,4
"ERR2322336",1,2,2
"ERR2322341",1,2,3
"ERR2322343",1,2,3
"ERR2322344",1,4,49
"ERR2322345",1,4,11
"ERR2322346",1,2,7
"ERR2322347",1,2,2
"ERR2338144",1,21,332
"ERR2338145",1,79,10753
"ERR2338146",1,27,12689
"ERR2338147",1,77,13000
"ERR2338148",1,32,9584
"ERR2338149",1,24,2045
"ERR2338150",1,60,7875
"ERR2338151",1,60,58641
"ERR2338152",1,76,36172
"ERR2338153",1,85,15876
"ERR2338154",1,33,26059
"ERR2338155",1,60,7286
"ERR2338156",1,76,4654
"ERR2338157",1,23,15399
"ERR2338158",1,71,67692
"ERR2338159",1,64,15030
"ERR2338160",1,87,77783
"ERR2338161",1,44,22646
"ERR2338162",1,74,96422
"ERR2338163",1,30,7735
"ERR2338164",1,77,74099
"ERR2338165",1,47,5934
"ERR2338166",1,89,16170
"ERR2338167",1,56,42940
"ERR2338168",1,46,17946
"ERR2338169",1,119,51164
"ERR2338170",1,74,64618
"ERR2338171",1,52,23100
"ERR2338172",1,60,60379
"ERR2338173",1,49,20723
"ERR2338174",1,86,13423
"ERR2338175",1,93,42697
"ERR2338176",1,121,34136
"ERR2338177",1,55,2446
"ERR2338178",1,113,21849
"ERR2338179",1,118,8407
"ERR2338180",1,71,28898
"ERR2338181",1,82,17967
"ERR2338182",1,89,15405
"ERR2338183",1,92,19673
"ERR2338184",1,99,17519
"ERR2338185",1,68,10090
"ERR2338186",1,203,57129
"ERR2338187",1,164,54636
"ERR2338188",1,143,6911
"ERR2338189",1,69,35816
"ERR2338190",1,46,32876
"ERR2338191",1,38,10366
"ERR2338192",1,43,6335
"ERR2338193",1,32,2230
"ERR2338194",1,46,5092
"ERR2338195",1,60,5747
"ERR2338196",1,76,27344
"ERR2338197",1,71,46874
"ERR2338198",1,103,45981
"ERR2338199",1,101,24229
"ERR2338200",1,95,17298
"ERR2338201",1,10,60
"ERR2338202",1,56,1285
"ERR2338203",1,66,1816
"ERR2349395",1,7,68
"ERR2349396",1,12,96
"ERR2349397",1,10,533
"ERR2349398",1,14,304
"ERR2349399",1,5,59
"ERR2349400",1,6,214
"ERR2349401",1,10,321
"ERR2349402",1,4,25
"ERR2349403",1,15,144
"ERR2349404",1,15,165
"ERR2349405",1,22,332
"ERR2349406",1,9,107
"ERR2349407",1,14,99
"ERR2349408",1,9,34
"ERR2349409",1,13,165
"ERR2349410",1,17,168
"ERR2349411",1,21,100
"ERR2349415",1,14,52
"ERR2349416",1,7,18
"ERR2349417",1,12,91
"ERR2349418",1,17,144
"ERR2349419",1,20,184
"ERR2349420",1,8,29
"ERR2349421",1,20,107
"ERR2349422",1,12,38
"ERR2349423",1,15,91
"ERR2349424",1,16,95
"ERR2349425",1,15,125
"ERR2349426",1,9,66
"ERR2349427",1,9,47
"ERR2349428",1,17,240
"ERR2349429",1,12,181
"ERR2349430",1,19,408
"ERR2349431",1,20,177
"ERR2349432",1,11,82
"ERR2349433",1,16,178
"ERR2349434",1,10,44
"ERR2349435",1,13,202
"ERR2349436",1,11,173
"ERR2349437",1,3,6
"ERR2349438",1,7,12
"ERR2349439",1,5,11
"ERR2349440",1,11,79
"ERR2349441",1,4,25
"ERR2349442",1,7,52
"ERR2349443",1,10,50
"ERR2349444",1,14,199
"ERR2349445",1,21,320
"ERR2349446",1,1,1
"ERR2349447",1,2,2
"ERR2349448",1,9,41
"ERR2349449",1,3,4
"ERR2349450",1,6,17
"ERR2349451",1,1,3
"ERR2349452",1,5,6
"ERR2349453",1,7,32
"ERR2349454",1,18,137
"ERR2349455",1,14,54
"ERR2349456",1,10,32
"ERR2349457",1,27,166
"ERR2349458",1,16,53
"ERR2349459",1,18,51
"ERR2349460",1,15,73
"ERR2349461",1,23,199
"ERR2349462",1,18,63
"ERR2349463",1,20,105
"ERR2349464",1,25,162
"ERR2349465",1,8,20
"ERR2349466",1,27,112
"ERR2349467",1,18,139
"ERR2349468",1,14,73
"ERR2349469",1,30,161
"ERR2349470",1,14,92
"ERR2349471",1,32,389
"ERR2349472",1,41,1014
"ERR2349473",1,20,158
"ERR2349474",1,19,108
"ERR2349475",1,14,90
"ERR2349476",1,20,103
"ERR2349477",1,22,98
"ERR2349478",1,24,177
"ERR2349479",1,34,289
"ERR2349480",1,19,143
"ERR2349481",1,27,386
"ERR2349482",1,7,15
"ERR2349483",1,7,10
"ERR2349484",1,11,33
"ERR2355946",1,124,19973
"ERR2355947",1,98,11975
"ERR2355948",1,224,31820
"ERR2355949",1,209,47284
"ERR2355950",1,209,40613
"ERR2355951",1,223,57152
"ERR2355952",1,291,54983
"ERR2355953",1,312,34769
"ERR2355954",1,253,26744
"ERR2355955",1,305,54018
"ERR2355956",1,229,44012
"ERR2355957",1,215,28581
"ERR2357068",1,774,177094
"ERR2357069",1,952,209123
"ERR2357070",1,1036,213461
"ERR2357071",1,559,135579
"ERR2357072",1,997,229359
"ERR2357073",1,671,238117
"ERR2357074",1,1293,189442
"ERR2357075",1,836,213410
"ERR2357076",1,1043,253771
"ERR2357077",1,1016,359967
"ERR2357078",1,901,227382
"ERR2357079",1,1047,284729
"ERR2357080",1,844,158975
"ERR2357081",1,1033,243855
"ERR2357082",1,1124,166411
"ERR2357083",1,1213,259774
"ERR2357084",1,415,9096
"ERR2357085",1,500,16840
"ERR2357086",1,291,9110
"ERR2357087",1,339,16908
"ERR2357088",1,70,1119
"ERR2357089",1,62,776
"ERR2357090",1,204,8191
"ERR2357091",1,197,9290
"ERR2357092",1,218,8872
"ERR2357093",1,263,16082
"ERR2357094",1,226,5927
"ERR2357095",1,241,6963
"ERR2357096",1,188,16884
"ERR2357097",1,142,7338
"ERR2357136",1,3,10
"ERR2357137",1,7,89
"ERR2357138",1,15,638
"ERR2357139",1,7,50
"ERR2357140",1,11,97
"ERR2357142",1,3,3
"ERR2357143",1,5,99
"ERR2357144",1,4,126
"ERR2357145",1,15,398
"ERR2357146",1,20,249
"ERR2357147",1,55,4681
"ERR2357148",1,86,22164
"ERR2357149",1,16,92
"ERR2357150",1,60,7849
"ERR2357151",1,18,384
"ERR2357152",1,35,4041
"ERR2357153",1,42,6161
"ERR2357154",1,27,1755
"ERR2357155",1,11,227
"ERR2357156",1,30,4841
"ERR2357157",1,12,115
"ERR2357158",1,39,1293
"ERR2357159",1,53,2982
"ERR2357160",1,46,1344
"ERR2357161",1,220,12966
"ERR2357162",1,81,4119
"ERR2357163",1,83,7370
"ERR2357164",1,32,974
"ERR2357165",1,95,9801
"ERR2357166",1,10,367
"ERR2357167",1,21,1635
"ERR2357168",1,97,19213
"ERR2357169",1,185,20428
"ERR2357170",1,86,14386
"ERR2357171",1,286,7710
"ERR2357172",1,126,12318
"ERR2357173",1,7,94
"ERR2357174",1,87,14404
"ERR2357176",1,200,28253
"ERR2357177",1,87,5097
"ERR2357178",1,18,391
"ERR2357179",1,57,6548
"ERR2357181",1,78,17444
"ERR2357182",1,42,2489
"ERR2357183",1,125,20992
"ERR2357184",1,5,17
"ERR2357185",1,4,4
"ERR2357186",1,4,8
"ERR2357187",1,3,16
"ERR2357188",1,3,7
"ERR2357190",1,3,41
"ERR2357191",1,4,69
"ERR2357192",1,1,1
"ERR2357193",1,3,6
"ERR2357194",1,3,10
"ERR2357195",1,8,31
"ERR2357196",1,2,7
"ERR2357197",1,2,5
"ERR2357198",1,1,2
"ERR2357200",1,2,3
"ERR2357201",1,7,256
"ERR2357202",1,3,93
"ERR2357203",1,3,11
"ERR2357204",1,3,22
"ERR2357205",1,2,12
"ERR2357206",1,4,4
"ERR2357207",1,3,15
"ERR2357208",1,8,67
"ERR2357210",1,10,57
"ERR2357211",1,1,3
"ERR2357212",1,3,45
"ERR2357213",1,9,1104
"ERR2357214",1,4,28
"ERR2357215",1,3,25
"ERR2357216",1,1,8
"ERR2357217",1,1,1
"ERR2357219",1,3,3
"ERR2357220",1,2,11
"ERR2357221",1,1,2
"ERR2357223",1,4,6
"ERR2357224",1,2,2
"ERR2357226",1,5,13
"ERR2357227",1,4,19
"ERR2357228",1,8,16
"ERR2357229",1,8,63
"ERR2357230",1,24,6117
"ERR2357231",1,88,49379
"ERR2357232",1,108,25329
"ERR2357233",1,30,6465
"ERR2357234",1,137,29993
"ERR2357235",1,49,6546
"ERR2357236",1,5,20
"ERR2357237",1,8,115
"ERR2357238",1,3,9
"ERR2357239",1,2,11
"ERR2357240",1,5,16
"ERR2357241",1,4,10
"ERR2357242",1,48,18086
"ERR2357243",1,69,15933
"ERR2357244",1,132,35773
"ERR2357245",1,21,6731
"ERR2357246",1,56,5885
"ERR2357247",1,99,33248
"ERR2357248",1,3,40
"ERR2357249",1,6,85
"ERR2357250",1,4,87
"ERR2357251",1,5,69
"ERR2357252",1,3,18
"ERR2357253",1,2,14
"ERR2357254",1,288,35728
"ERR2357255",1,395,51524
"ERR2357256",1,346,67146
"ERR2357257",1,355,48787
"ERR2357258",1,90,16717
"ERR2357259",1,318,48997
"ERR2357260",1,7,86
"ERR2357261",1,6,49
"ERR2357262",1,4,12
"ERR2357263",1,3,7
"ERR2357264",1,5,32
"ERR2357265",1,4,86
"ERR2357266",1,169,20970
"ERR2357267",1,110,18144
"ERR2357268",1,241,28698
"ERR2357269",1,252,54243
"ERR2357270",1,260,33468
"ERR2357271",1,211,49012
"ERR2357272",1,2,6
"ERR2357273",1,5,193
"ERR2357274",1,6,29
"ERR2357275",1,3,6
"ERR2357276",1,58,6282
"ERR2357277",1,217,39804
"ERR2357278",1,250,38751
"ERR2357279",1,14,2450
"ERR2357280",1,132,16807
"ERR2357281",1,146,15482
"ERR2357282",1,1,17
"ERR2357283",1,3,4
"ERR2357284",1,5,225
"ERR2357285",1,7,15
"ERR2357286",1,7,280
"ERR2357287",1,7,29
"ERR2357288",1,18,4034
"ERR2357289",1,49,19942
"ERR2357290",1,13,817
"ERR2357291",1,14,2709
"ERR2357292",1,6,58
"ERR2357293",1,1,3
"ERR2360797",1,429,117704
"ERR2360798",1,1367,80872
"ERR2360799",1,1078,55622
"ERR2360800",1,1193,50039
"ERR2733050",1,4,17
"ERR2733079",1,2,53
"ERR2733082",1,2,16
"ERR2733083",1,1,29
"ERR2733091",1,3,3
"ERR2733101",1,1,13
"ERR2733103",1,1,16
"ERR2733119",1,3,10
"ERR2733125",1,1,65
"ERR2733126",1,1,21
"ERR4223600",1,365,77025
"ERR4223601",1,376,78234
"ERR4223602",1,321,55746
"ERR4223603",1,326,56409
"ERR4223604",1,263,37608
"ERR4223605",1,264,38060
"ERR4223606",1,499,93876
"ERR4223607",1,510,95038
"ERR4223608",1,280,33426
"ERR4223609",1,277,33029
"ERR4223610",1,489,71708
"ERR4223611",1,497,71831
"ERR4223612",1,645,88747
"ERR4223613",1,639,89502
"ERR4223614",1,250,62047
"ERR4223615",1,274,62764
"ERR4223616",1,263,152447
"ERR4223617",1,262,152503
"ERR4223618",1,614,66602
"ERR4223619",1,619,66652
"ERR4223620",1,249,26086
"ERR4223621",1,244,26766
"ERR4223622",1,465,61174
"ERR4223623",1,456,61300
"ERR4223624",1,152,22827
"ERR4223625",1,169,22634
"ERR4223626",1,303,99043
"ERR4223627",1,317,100357
"ERR4227154",1,2042,124301
"ERR4227155",1,2057,124759
"ERR4227156",1,2356,104306
"ERR4227157",1,2351,105571
"ERR4227158",1,1893,85147
"ERR4227159",1,1952,86066
"ERR4227160",1,1664,93537
"ERR4227161",1,1695,94716
"ERR4227162",1,755,132795
"ERR4227163",1,755,133811
"ERR4227164",1,2938,325346
"ERR4227165",1,2360,152838
"ERR4227166",1,2389,156088
"ERR4227167",1,426,89423
"ERR4227168",1,422,90052
"ERR4227169",1,270,47912
"ERR4227170",1,284,48726
"ERR4227171",1,266,80110
"ERR4227172",1,253,81082
"ERR4227173",1,339,76246
"ERR4227174",1,349,77418
"ERR4227175",1,542,71099
"ERR4227176",1,543,71647
"ERR4227177",1,2173,114401
"ERR4227178",1,2249,114788
"ERR4227179",1,1771,108353
"ERR4227180",1,1784,109626
"ERR4227181",1,1833,92785
"ERR4227182",1,1842,93130
"ERR4227183",1,584,128710
"ERR4227184",1,616,130326
"ERR4227185",1,552,65029
"ERR4227186",1,561,65600
"ERR4227187",1,508,67917
"ERR4227188",1,510,68499
"ERR4227189",1,1847,77121
"ERR4227190",1,1871,77011
"ERR4227191",1,2390,133818
"ERR4227192",1,2420,135283
"ERR4227193",1,2701,161106
"ERR4227194",1,2778,161494
"ERR4227195",1,2634,238514
"ERR4227196",1,1693,171518
"ERR4227197",1,2509,186420
"ERR4227198",1,2137,193007
"ERR4227199",1,2308,220077
"ERR4227200",1,2996,234834
"ERR4227201",1,821,133995
"ERR4227202",1,1597,210961
"ERR4227203",1,2153,143405
"ERR4227204",1,1704,156584
"ERR4227205",1,1738,126350
"ERR4227206",1,1451,122251
"ERR4227207",1,2363,159315
"ERR4227208",1,2933,209728
"ERR4227209",1,3478,248248
"ERR4227210",1,2580,233476
"ERR4227211",1,1941,163848
"ERR4227212",1,2637,254252
"ERR4227213",1,2647,229988
"ERR4227214",1,2372,223782
"ERR4227215",1,1825,57938
"ERR4227216",1,1825,58130
"ERR4227217",1,2090,119294
"ERR4227218",1,2088,119735
"ERR4227219",1,2420,257350
"ERR4227220",1,3470,253788
"ERR4227221",1,2739,114774
"ERR4227222",1,2657,174496
"ERR4227223",1,3053,240532
"ERR4227224",1,2962,246267
"ERR4227225",1,3416,370078
"ERR4227226",1,2979,234211
"ERR4227227",1,1587,281465
"ERR4227228",1,1709,84643
"ERR4227229",1,1734,85036
"ERR4227230",1,2079,113300
"ERR4227231",1,2095,114656
"ERR4227232",1,1918,92749
"ERR4227233",1,1924,93682
"ERR4227234",1,1563,77991
"ERR4227235",1,1526,78504
"ERR4227236",1,1597,100158
"ERR4227237",1,1633,102217
"ERR4227238",1,1625,59422
"ERR4227239",1,1688,59824
"ERR4227240",1,2449,112992
"ERR4227241",1,2496,113958
"ERR4227242",1,1586,92605
"ERR4227243",1,1574,93134
"ERR4227244",1,1922,114566
"ERR4227245",1,1974,115847
"ERR4227246",1,1625,96294
"ERR4227247",1,1594,97892
"ERR4227248",1,1962,86539
"ERR4227249",1,1968,87051
"ERR4227250",1,2457,87229
"ERR4227251",1,2507,88143
"ERR4227252",1,2517,103375
"ERR4227253",1,2513,104205
"ERR4227254",1,1775,144067
"ERR4227255",1,1795,145873
"ERR4227256",1,1884,116063
"ERR4227257",1,1934,116981
"ERR861806",1,101,663
"ERR861807",1,62,332
"ERR861808",1,98,465
"ERR861809",1,176,1992
"ERR861810",1,86,350
"ERR861811",1,50,135
"ERR861812",1,40,166
"ERR861813",1,31,58
"ERR861814",1,48,303
"ERR861815",1,44,170
"ERR861816",1,139,1661
"ERR861817",1,160,1047
"ERR861818",1,146,1912
"ERR861819",1,114,339
"ERR861820",1,106,1009
"ERR861821",1,90,491
"ERR861822",1,84,1752
"ERR861823",1,111,1404
"ERR861824",1,44,279
"ERR861825",1,843,9931
"ERR861826",1,56,560
"ERR861827",1,42,229
"ERR861828",1,45,100
"ERR861829",1,146,715
"ERR861830",1,384,5629
"ERR861831",1,467,4027
"ERR861832",1,693,8330
"ERR861833",1,313,3890
"ERR861834",1,446,5155
"ERR861835",1,768,8241
"ERR861836",1,67,542
"ERR861837",1,222,3651
"ERR861838",1,148,1761
"ERR861839",1,28,118
"ERR861840",1,42,662
"ERR861841",1,100,1603
"ERR861842",1,65,803
"ERR861843",1,23,72
"ERR861844",1,47,262
"ERR861845",1,240,3365
"ERR861846",1,89,1445
"ERR861847",1,259,2592
"ERR861848",1,392,3898
"ERR861849",1,30,65
"ERR861850",1,42,1246
"ERR861851",1,123,7976
"ERR861852",1,111,3045
"ERR861853",1,35,190
"ERR861854",1,74,573
"ERR861855",1,267,3843
"ERR861856",1,316,4542
"ERR861857",1,92,852
"ERR861858",1,601,11046
"ERR861859",1,452,5006
"ERR861860",1,22,137
"ERR861861",1,128,12745
"ERR861862",1,226,9180
"ERR861863",1,197,12272
"ERR861864",1,124,11460
"ERR861865",1,241,11668
"ERR861866",1,267,3197
"ERR861867",1,95,843
"ERR861868",1,566,8781
"ERR861869",1,686,8931
"ERR861870",1,139,1656
"ERR861871",1,147,10196
"ERR861872",1,231,15919
"ERR861873",1,172,3681
"ERR861874",1,120,3914
"ERR861875",1,239,14974
"ERR861876",1,137,5611
"ERR861877",1,95,2246
"ERR861878",1,138,4148
"ERR861879",1,62,7002
"ERR861880",1,152,4236
"ERR861881",1,125,7350
"ERR861882",1,123,11777
"ERR861883",1,184,8443
"ERR861884",1,17,92
"ERR861885",1,5,9
"ERR861886",1,199,11750
"ERR861887",1,169,7264
"ERR861888",1,195,9558
"ERR861889",1,40,2764
"ERR861890",1,78,746
"ERR861891",1,72,1107
"ERR861892",1,141,5033
"ERR861893",1,203,18141
"ERR861894",1,27,121
"ERR861895",1,58,1289
"ERR861896",1,96,696
"ERR861897",1,238,4802
"ERR861898",1,241,4433
"ERR861899",1,116,2088
"ERR861900",1,58,341
"ERR861901",1,50,151
"ERR861902",1,234,6955
"ERR861903",1,217,11395
"ERR861904",1,88,870
"ERR861905",1,35,94
"ERR861906",1,290,4178
"ERR861907",1,316,10657
"ERR861908",1,379,9297
"ERR861909",1,141,2018
"ERR861910",1,135,851
"ERR861911",1,133,1072
"ERR861912",1,327,4963
"ERR861913",1,290,13987
"ERR861914",1,236,8900
"ERR861915",1,111,2425
"ERR861916",1,105,619
"ERR861917",1,140,1056
"ERR861918",1,70,950
"ERR861919",1,40,163
"ERR861920",1,364,7081
"ERR861921",1,438,16575
"ERR861922",1,522,14034
"ERR861923",1,462,16974
"ERR861924",1,733,10073
"ERR861925",1,723,12414
"ERR861926",1,370,5926
"ERR861927",1,77,543
"ERR861928",1,690,10929
"ERR861929",1,319,3859
"ERR861930",1,785,11233
"ERR861931",1,825,12176
"ERR861932",1,580,11674
"ERR861933",1,77,224
"ERR861934",1,607,8489
"ERR861935",1,236,2388
"ERR861936",1,225,2474
"ERR861937",1,172,399
"ERR861938",1,145,878
"ERR861939",1,99,2763
"ERR861940",1,127,1420
"ERR861941",1,101,1515
"ERR861942",1,116,2533
"ERR861943",1,212,7970
"ERR861944",1,167,10542
"ERR969609",1,348,3320
"ERR969610",1,195,1429
"ERR969612",1,99,396
"ERR969613",1,247,2143
"ERR969614",1,136,898
"ERR969615",1,213,1260
"ERR969616",1,218,1854
"ERR969617",1,254,2929
"ERR969618",1,103,457
"ERR969619",1,227,1973
"ERR969620",1,340,2214
"ERR969621",1,146,1170
"ERR969622",1,208,1504
"ERR969623",1,135,1169
"ERR969624",1,153,719
"ERR969625",1,246,1835
"ERR969626",1,208,1765
"ERR969627",1,109,506
"ERR969628",1,194,1264
"ERR969629",1,208,1207
"ERR969630",1,190,1960
"ERR969631",1,141,1083
"ERR969632",1,178,1114
"ERR969633",1,300,2107
"ERR969634",1,180,1417
"ERR969635",1,122,616
"SRR1026857",1,17,2686
"SRR1026858",1,44,9841
"SRR1026859",1,41,4103
"SRR1026860",1,68,42762
"SRR1026861",1,12,10382
"SRR1026863",1,10,1301
"SRR14695957",1,137,65833
"SRR14695958",1,427,23267
"SRR14695959",1,340,45661
"SRR14695960",1,273,32589
"SRR14695961",1,425,26494
"SRR14695962",1,382,36276
"SRR14695963",1,286,51847
"SRR14695964",1,465,20637
"SRR14695965",1,335,46127
"SRR14695966",1,257,33453
"SRR14695967",1,189,18416
"SRR14695968",1,511,23580
"SRR14695969",1,404,30195
"SRR14695970",1,284,35727
"SRR14695971",1,266,24681
"SRR14695972",1,414,47141
"SRR14695973",1,234,40442
"SRR14695974",1,259,7991
"SRR14695975",1,235,8033
"SRR14695976",1,184,6101
"SRR14695977",1,133,4588
"SRR14695978",1,228,26875
"SRR14695979",1,233,10334
"SRR14695980",1,219,7775
"SRR14695981",1,206,5511
"SRR14695982",1,181,5729
"SRR14695983",1,223,11609
"SRR14695984",1,216,6512
"SRR14695985",1,220,4911
"SRR14695986",1,347,15051
"SRR14695987",1,376,10048
"SRR14695988",1,289,6456
"SRR14695989",1,212,27798
"SRR14695990",1,335,14162
"SRR14695991",1,319,11704
"SRR14695992",1,366,16881
"SRR14695993",1,335,21812
"SRR14695994",1,356,18732
"SRR14695995",1,343,17784
"SRR14695996",1,406,17755
"SRR14695997",1,417,25964
"SRR14695998",1,429,24702
"SRR14695999",1,367,12624
"SRR14696000",1,196,20917
"SRR14696001",1,344,22839
"SRR14696002",1,359,16309
"SRR14696003",1,293,11080
"SRR14696004",1,182,8110
"SRR14696005",1,356,20409
"SRR14696006",1,358,34074
"SRR14696007",1,249,15520
"SRR14696008",1,194,11851
"SRR14696009",1,160,5813
"SRR14696010",1,303,26824
"SRR14696011",1,272,16806
"SRR14696012",1,263,16910
"SRR14696013",1,212,10033
"SRR14696014",1,204,8523
"SRR14696015",1,188,6247
"SRR14696016",1,155,2977
"SRR14696017",1,242,10697
"SRR14696018",1,352,7913
"SRR14696019",1,338,15333
"SRR14696020",1,287,20049
"SRR14696021",1,184,8381
"SRR14696022",1,242,7111
"SRR14696023",1,264,19768
"SRR14696024",1,201,6325
"SRR14696025",1,317,12628
"SRR14696026",1,441,34191
"SRR14696027",1,341,12680
"SRR14696028",1,346,43313
"SRR14696029",1,271,8194
"SRR14696030",1,281,8534
"SRR14696031",1,288,15048
"SRR14696032",1,273,8522
"SRR14696033",1,187,18186
"SRR14696034",1,286,13834
"SRR14696035",1,328,23293
"SRR14696036",1,169,8950
"SRR14696037",1,188,20269
"SRR14696038",1,70,1329
"SRR14696039",1,74,2977
"SRR14696040",1,132,5682
"SRR14696041",1,199,11911
"SRR14696042",1,149,7604
"SRR14696043",1,180,12591
"SRR14696044",1,224,16556
"SRR14696045",1,168,7615
"SRR14696046",1,133,10136
"SRR14696047",1,306,14232
"SRR14696048",1,137,6509
"SRR14696049",1,251,10626
"SRR14696050",1,208,17649
"SRR14696051",1,136,8697
"SRR14696052",1,259,8820
"SRR14696053",1,193,12692
"SRR14696054",1,391,27592
"SRR14696055",1,209,27861
"SRR14696056",1,331,36598
"SRR14696057",1,175,23099
"SRR14696058",1,328,37518
"SRR14696059",1,150,33386
"SRR14696060",1,478,49056
"SRR14696061",1,235,42128
"SRR14696062",1,131,10120
"SRR14696063",1,498,43532
"SRR14696064",1,283,37633
"SRR14696065",1,676,38450
"SRR14696066",1,281,30694
"SRR14696067",1,610,37918
"SRR14696068",1,256,29320
"SRR14696069",1,518,51862
"SRR14696070",1,234,70650
"SRR14696071",1,390,51738
"SRR14696072",1,185,49864
"SRR14696073",1,189,2243
"SRR14696074",1,379,43764
"SRR14696075",1,198,19538
"SRR14696076",1,362,45432
"SRR14696077",1,214,56295
"SRR14696078",1,373,34909
"SRR14696079",1,228,67223
"SRR14696080",1,345,46344
"SRR14696081",1,234,36908
"SRR14696082",1,413,45743
"SRR14696083",1,237,31362
"SRR14696084",1,235,4344
"SRR14696085",1,310,50047
"SRR14696086",1,172,46309
"SRR14696087",1,319,16556
"SRR14696088",1,305,9337
"SRR14696089",1,229,10533
"SRR14696090",1,193,6898
"SRR14696091",1,213,7176
"SRR14696092",1,203,14023
"SRR14696093",1,294,4700
"SRR14696094",1,292,8574
"SRR14696095",1,175,22131
"SRR14696096",1,154,5947
"SRR14696097",1,362,11449
"SRR14696098",1,382,14265
"SRR14696099",1,151,10552
"SRR14696100",1,378,12333
"SRR14696101",1,338,39031
"SRR14696102",1,153,8886
"SRR14696103",1,371,14488
"SRR14696104",1,261,26292
"SRR14696105",1,266,26577
"SRR14696106",1,207,64120
"SRR14696107",1,515,18221
"SRR14696108",1,433,46643
"SRR14696109",1,265,25400
"SRR14696110",1,523,25378
"SRR14696111",1,424,36068
"SRR14696112",1,246,28932
"SRR14696113",1,839,36826
"SRR14696114",1,525,38623
"SRR14696115",1,268,31419
"SRR14696116",1,739,33630
"SRR14696117",1,203,36867
"SRR14696118",1,472,33486
"SRR14696119",1,254,35863
"SRR14696120",1,670,35478
"SRR14696121",1,378,55398
"SRR14696122",1,254,65127
"SRR14696123",1,611,43706
"SRR14696124",1,404,26972
"SRR14696125",1,187,56475
"SRR14696126",1,351,26188
"SRR14696127",1,395,37646
"SRR14696128",1,168,16013
"SRR14696129",1,256,23540
"SRR14696130",1,169,25138
"SRR14696563",1,87,14494
"SRR14696564",1,202,11164
"SRR14696565",1,374,16264
"SRR14696566",1,255,19774
"SRR14696567",1,183,27071
"SRR14696568",1,346,16882
"SRR14696569",1,326,25617
"SRR14696570",1,138,13841
"SRR14696571",1,437,18977
"SRR14696572",1,206,21189
"SRR14696573",1,209,9970
"SRR14696574",1,161,32826
"SRR14696575",1,395,11289
"SRR14696576",1,356,29705
"SRR14696577",1,176,24574
"SRR14696578",1,378,13945
"SRR14696579",1,334,37826
"SRR14696580",1,169,17652
"SRR14696581",1,304,8382
"SRR14696582",1,326,16347
"SRR14696583",1,191,17726
"SRR14696584",1,93,14273
"SRR14696585",1,276,14783
"SRR14696586",1,272,25172
"SRR14696587",1,141,16479
"SRR14696588",1,290,12540
"SRR14696589",1,245,31609
"SRR14696590",1,138,29484
"SRR14696591",1,279,7762
"SRR14696592",1,184,28196
"SRR14696593",1,148,15570
"SRR14696594",1,305,6740
"SRR14696595",1,178,9849
"SRR14696596",1,171,16710
"SRR14696597",1,137,22937
"SRR14696598",1,215,6293
"SRR14696599",1,143,13453
"SRR14696600",1,81,894
"SRR14696601",1,284,12138
"SRR14696602",1,186,12730
"SRR14696603",1,123,12241
"SRR14696604",1,194,6115
"SRR14696605",1,152,12539
"SRR14696606",1,211,11546
"SRR14696607",1,125,18567
"SRR14696608",1,144,5403
"SRR14696609",1,160,16013
"SRR14696610",1,70,3852
"SRR14696611",1,169,3227
"SRR14696612",1,182,14692
"SRR14696613",1,71,12771
"SRR14696614",1,129,7395
"SRR14696615",1,155,14448
"SRR14696616",1,84,17133
"SRR14696617",1,103,1419
"SRR14696618",1,132,6292
"SRR14696619",1,175,24257
"SRR14696620",1,87,11073
"SRR14696621",1,135,7860
"SRR14696622",1,165,13485
"SRR14696623",1,114,20928
"SRR14696624",1,240,5256
"SRR14696625",1,295,12704
"SRR14696626",1,64,642
"SRR14696627",1,131,1528
"SRR14696628",1,227,10128
"SRR14696629",1,191,4686
"SRR14696630",1,119,1309
"SRR14696631",1,223,6913
"SRR14696632",1,203,13185
"SRR14696633",1,135,6703
"SRR14696634",1,187,5361
"SRR14696635",1,244,15026
"SRR14696636",1,117,2940
"SRR14696637",1,156,14583
"SRR14696638",1,177,11276
"SRR14696639",1,226,7441
"SRR14696640",1,85,6900
"SRR14697278",1,154,5842
"SRR14697279",1,250,12270
"SRR14697280",1,802,59180
"SRR14697281",1,418,9910
"SRR14697282",1,1056,68815
"SRR14697283",1,455,24021
"SRR14697284",1,545,30888
"SRR14697285",1,503,24749
"SRR14697286",1,368,19547
"SRR14697287",1,453,20672
"SRR14697288",1,100,7499
"SRR14697289",1,563,31184
"SRR14697290",1,406,35685
"SRR14697291",1,419,12717
"SRR14697292",1,394,14961
"SRR14697293",1,350,7980
"SRR14697294",1,428,25767
"SRR14697295",1,450,20290
"SRR14697296",1,481,30569
"SRR14697297",1,893,42270
"SRR14697298",1,484,20067
"SRR14697299",1,161,12537
"SRR14697300",1,981,51130
"SRR14697301",1,355,19552
"SRR14697302",1,336,16890
"SRR14697303",1,426,29997
"SRR14697304",1,571,17984
"SRR14697305",1,376,25399
"SRR14697306",1,429,18563
"SRR14697307",1,371,22221
"SRR14697308",1,436,26066
"SRR14697309",1,404,42932
"SRR14697310",1,117,66273
"SRR14697311",1,390,21602
"SRR14697312",1,317,27277
"SRR14697313",1,522,30027
"SRR14697314",1,450,21367
"SRR14697315",1,290,26859
"SRR14697316",1,312,32052
"SRR14697317",1,312,51989
"SRR14697318",1,305,51814
"SRR14697319",1,274,33281
"SRR14697320",1,265,32571
"SRR14697321",1,206,15316
"SRR14697322",1,231,13552
"SRR14697323",1,213,33845
"SRR14697324",1,312,17753
"SRR14697325",1,275,42058
"SRR14697326",1,250,30327
"SRR14697327",1,217,67419
"SRR14697328",1,166,34595
"SRR14697329",1,199,47003
"SRR14697330",1,155,21202
"SRR14697331",1,203,44377
"SRR14697332",1,94,56459
"SRR14697333",1,402,24578
"SRR14697334",1,520,20955
"SRR14697335",1,444,20768
"SRR14697336",1,432,9705
"SRR14697337",1,337,10973
"SRR14697338",1,370,8530
"SRR14697339",1,308,8922
"SRR14697340",1,403,16956
"SRR14697341",1,355,9303
"SRR14697342",1,355,11330
"SRR14697343",1,243,26141
"SRR14697344",1,375,64448
"SRR14697345",1,473,44381
"SRR14697346",1,428,32554
"SRR14697347",1,524,36287
"SRR14697348",1,438,22946
"SRR14697349",1,122,4359
"SRR14697350",1,371,18618
"SRR14697351",1,167,6107
"SRR14697352",1,303,4618
"SRR14697353",1,159,1255
"SRR14697354",1,121,12206
"SRR14697355",1,188,41182
"SRR14697563",1,217,7284
"SRR14697564",1,322,17536
"SRR14697565",1,262,6936
"SRR14697566",1,377,18357
"SRR14697567",1,166,14029
"SRR14697568",1,272,15822
"SRR14697569",1,213,22512
"SRR14697570",1,200,31225
"SRR14697571",1,252,10500
"SRR14697572",1,240,19401
"SRR14697573",1,178,28595
"SRR14697574",1,175,1635
"SRR14697575",1,252,14593
"SRR14697576",1,318,29114
"SRR14697577",1,226,38246
"SRR14697578",1,143,3024
"SRR14697579",1,231,24732
"SRR14697580",1,191,27688
"SRR14697581",1,325,17810
"SRR14697582",1,257,29358
"SRR14697583",1,194,50347
"SRR14697584",1,399,30061
"SRR14697585",1,406,35252
"SRR14697586",1,276,18597
"SRR14697587",1,166,23132
"SRR14697588",1,454,26831
"SRR14697589",1,459,20556
"SRR14697590",1,262,12005
"SRR14697591",1,375,22965
"SRR14697592",1,381,25231
"SRR14697593",1,274,13168
"SRR14697594",1,336,22155
"SRR14697595",1,364,20081
"SRR14697596",1,308,14100
"SRR14697597",1,279,15901
"SRR14697598",1,348,31266
"SRR14697599",1,270,16019
"SRR14697600",1,229,13283
"SRR14697601",1,255,13887
"SRR14697602",1,342,28785
"SRR14697603",1,224,16477
"SRR14697604",1,299,16303
"SRR14697605",1,267,10334
"SRR14697606",1,257,11553
"SRR14697607",1,260,12583
"SRR14697608",1,370,21013
"SRR14697609",1,364,27720
"SRR14697610",1,280,9556
"SRR14697611",1,285,12712
"SRR14697612",1,281,18327
"SRR14697613",1,282,31267
"SRR14697614",1,251,38868
"SRR14697615",1,228,5412
"SRR14697616",1,343,37715
"SRR14697617",1,264,26369
"SRR14697618",1,338,15799
"SRR14697619",1,72,533
"SRR14697620",1,451,17662
"SRR14697621",1,213,8661
"SRR14697622",1,407,37740
"SRR14697623",1,345,14844
"SRR14697624",1,235,16518
"SRR14697625",1,220,15909
"SRR14697626",1,305,29081
"SRR14697627",1,383,49498
"SRR14697628",1,160,38822
"SRR14697629",1,290,15886
"SRR14697630",1,178,51559
"SRR14697631",1,261,46580
"SRR14697632",1,162,2679
"SRR14697633",1,281,35646
"SRR14697634",1,160,20967
"SRR14697635",1,174,2704
"SRR14697636",1,255,10152
"SRR14697637",1,278,22794
"SRR14697638",1,200,21079
"SRR14697639",1,313,13926
"SRR14697640",1,298,39434
"SRR14697641",1,246,34618
"SRR14697642",1,359,25382
"SRR14697643",1,320,26095
"SRR14697644",1,170,24444
"SRR14697645",1,470,21508
"SRR14697646",1,337,30660
"SRR14697647",1,385,28409
"SRR14697648",1,359,12258
"SRR14697649",1,137,16219
"SRR14697650",1,80,9971
"SRR14697651",1,82,8313
"SRR14697652",1,61,11045
"SRR14697653",1,354,10869
"SRR14697654",1,371,9493
"SRR14697655",1,236,11683
"SRR14697656",1,589,21362
"SRR14697657",1,124,19295
"SRR14697658",1,204,8373
"SRR14697659",1,172,14487
"SRR14697660",1,85,8235
"SRR14697661",1,305,18166
"SRR14697662",1,305,22224
"SRR14697663",1,284,25740
"SRR14697664",1,337,17670
"SRR14697665",1,367,23763
"SRR14697666",1,268,14486
"SRR14697667",1,201,16578
"SRR14697668",1,178,25486
"SRR14697669",1,297,9816
"SRR14697670",1,346,19910
"SRR14697671",1,221,16121
"SRR14697672",1,404,17716
"SRR14697673",1,350,14750
"SRR14697674",1,217,32369
"SRR14697675",1,433,24276
"SRR14697676",1,354,14913
"SRR14697677",1,171,20219
"SRR14697678",1,301,10483
"SRR14697679",1,275,8997
"SRR14697680",1,236,12625
"SRR14697681",1,232,12812
"SRR14697682",1,318,14976
"SRR14697683",1,219,17285
"SRR14697684",1,282,11770
"SRR14697685",1,246,6606
"SRR14697686",1,199,26266
"SRR14697687",1,227,9457
"SRR14697688",1,169,8182
"SRR14697689",1,259,26701
"SRR14697690",1,242,29082
"SRR14697691",1,137,20599
"SRR14697692",1,221,17837
"SRR14697693",1,75,36929
"SRR14697694",1,247,21317
"SRR14697695",1,297,9883
"SRR14697696",1,196,16971
"SRR14697697",1,243,12523
"SRR14697698",1,218,33978
"SRR14697699",1,308,32666
"SRR14697700",1,228,50041
"SRR14697701",1,467,11753
"SRR14697702",1,495,23198
"SRR14697703",1,265,7927
"SRR14697704",1,509,15463
"SRR14697705",1,447,21404
"SRR14697706",1,232,19196
"SRR14697707",1,324,16123
"SRR14697708",1,584,25968
"SRR14697709",1,479,27226
"SRR14697710",1,337,12939
"SRR14697711",1,570,15355
"SRR14697712",1,371,16634
"SRR14697713",1,240,19864
"SRR14697714",1,341,29586
"SRR14697715",1,148,19495
"SRR14697716",1,189,9338
"SRR14697717",1,351,24511
"SRR14697718",1,295,37811
"SRR14697719",1,162,10184
"SRR14697720",1,289,12536
"SRR14697721",1,229,25189
"SRR14697722",1,131,10474
"SRR14697723",1,263,12877
"SRR14697724",1,112,40282
"SRR14697725",1,133,11100
"SRR14697726",1,238,9869
"SRR14697727",1,334,26379
"SRR14697728",1,192,22087
"SRR14697729",1,158,1930
"SRR14697730",1,150,24978
"SRR14697731",1,160,14640
"SRR14697732",1,121,1158
"SRR14697733",1,315,11512
"SRR14697734",1,116,25806
"SRR14697735",1,278,6654
"SRR14697736",1,313,12409
"SRR14697737",1,268,19241
"SRR14697738",1,145,10396
"SRR14697739",1,305,8348
"SRR14697740",1,360,23285
"SRR14697741",1,136,16142
"SRR14697742",1,160,7315
"SRR14697743",1,393,24995
"SRR14697744",1,171,21985
"SRR14697745",1,294,9316
"SRR14697746",1,240,21976
"SRR14697747",1,187,21114
"SRR14697748",1,198,11264
"SRR14697749",1,290,16007
"SRR14697750",1,358,23486
"SRR14697751",1,350,25697
"SRR14697752",1,230,9311
"SRR14697753",1,252,16923
"SRR14697754",1,329,22158
"SRR14697755",1,303,17152
"SRR14697756",1,117,8980
"SRR14697757",1,313,20114
"SRR14697758",1,344,23543
"SRR14697759",1,204,14947
"SRR14697760",1,299,15639
"SRR14697761",1,306,17286
"SRR14697762",1,166,4588
"SRR14697763",1,282,8772
"SRR14697764",1,310,15272
"SRR14697765",1,349,20286
"SRR14697766",1,284,15475
"SRR14697767",1,340,17968
"SRR14697768",1,361,24278
"SRR14697769",1,258,16196
"SRR14697770",1,365,25867
"SRR14697771",1,306,20708
"SRR14697772",1,241,29749
"SRR14697773",1,316,19376
"SRR14697774",1,243,6542
"SRR14697775",1,382,29203
"SRR14697776",1,241,14805
"SRR14697777",1,346,23602
"SRR14697778",1,132,9542
"SRR14697779",1,314,22368
"SRR14697780",1,295,23470
"SRR14697781",1,233,12883
"SRR14697782",1,488,17339
"SRR14697783",1,348,9282
"SRR14697784",1,207,8956
"SRR14697785",1,208,15032
"SRR14697786",1,512,22772
"SRR14697787",1,478,26366
"SRR14697788",1,262,8805
"SRR14697789",1,532,19988
"SRR14697790",1,467,20162
"SRR14697791",1,222,5092
"SRR14697792",1,469,20953
"SRR14697793",1,404,15142
"SRR14697794",1,310,9640
"SRR14697795",1,334,17327
"SRR14697796",1,283,7208
"SRR14697797",1,300,6022
"SRR14697798",1,275,7526
"SRR14697799",1,288,3847
"SRR14697800",1,340,8016
"SRR14697801",1,290,11092
"SRR14697802",1,143,1507
"SRR14697803",1,281,7654
"SRR14697804",1,129,5547
"SRR14697805",1,275,5183
"SRR14697806",1,254,19395
"SRR14697807",1,334,42933
"SRR14697808",1,357,23504
"SRR14697809",1,264,29830
"SRR14697810",1,462,33570
"SRR14697811",1,377,44607
"SRR14697812",1,258,22655
"SRR14697813",1,227,23802
"SRR14697814",1,359,32187
"SRR14697815",1,199,28391
"SRR14697816",1,193,4103
"SRR14697817",1,309,18511
"SRR14697818",1,219,15624
"SRR14697819",1,185,42112
"SRR14697820",1,299,8744
"SRR14697821",1,285,20119
"SRR14697822",1,222,32842
"SRR14697823",1,195,9073
"SRR14697824",1,301,20778
"SRR14697825",1,189,23536
"SRR14697826",1,380,19332
"SRR14697827",1,246,12278
"SRR14697828",1,229,27828
"SRR14697829",1,281,28745
"SRR14697830",1,362,29230
"SRR14697831",1,331,29207
"SRR14697832",1,207,40055
"SRR14697833",1,512,29899
"SRR14697834",1,269,11491
"SRR14697835",1,312,8732
"SRR14697836",1,236,9271
"SRR14697837",1,224,4569
"SRR14697838",1,278,6478
"SRR14697839",1,149,32599
"SRR14697840",1,120,583
"SRR14697841",1,333,10845
"SRR14697842",1,162,4909
"SRR14697843",1,513,11925
"SRR14697844",1,430,18250
"SRR14697845",1,272,11107
"SRR14697846",1,244,12587
"SRR14697847",1,382,10920
"SRR14697848",1,461,14421
"SRR14697849",1,233,22838
"SRR14697850",1,261,6420
"SRR14697851",1,73,3843
"SRR14697852",1,284,24416
"SRR14697853",1,176,3177
"SRR14697855",1,286,10216
"SRR14697856",1,305,22167
"SRR14697857",1,128,7764
"SRR14697858",1,140,4774
"SRR14697859",1,264,11751
"SRR14697860",1,166,10076
"SRR14697861",1,124,2246
"SRR14697862",1,336,27476
"SRR14697863",1,254,17295
"SRR14697864",1,343,30640
"SRR14697865",1,495,51246
"SRR14697866",1,283,24660
"SRR14697867",1,438,40946
"SRR14697868",1,331,7607
"SRR14697869",1,373,36871
"SRR14697870",1,190,25859
"SRR14697871",1,184,8554
"SRR14697872",1,279,99182
"SRR14697873",1,177,43041
"SRR14697874",1,349,34101
"SRR14697875",1,260,52526
"SRR14697876",1,223,47492
"SRR14697877",1,195,5224
"SRR14697878",1,158,31396
"SRR14697879",1,417,52070
"SRR14697880",1,260,38875
"SRR14697881",1,105,48128
"SRR14697882",1,232,17094
"SRR14697883",1,363,39484
"SRR14697884",1,315,27306
"SRR14697885",1,242,54762
"SRR14697886",1,135,48633
"SRR14697887",1,383,20317
"SRR14697888",1,403,37223
"SRR14697889",1,306,46686
"SRR14697890",1,239,9133
"SRR14697891",1,213,5509
"SRR14697892",1,173,10787
"SRR14697893",1,109,9037
"SRR14697894",1,144,5906
"SRR14697895",1,199,14137
"SRR14697896",1,133,6651
"SRR14697897",1,97,748
"SRR14697898",1,263,16656
"SRR14697899",1,132,9323
"SRR14697900",1,124,12123
"SRR14697901",1,550,24403
"SRR14697902",1,404,18622
"SRR14697903",1,228,11187
"SRR14697904",1,272,8606
"SRR14697905",1,419,10956
"SRR14697906",1,357,16505
"SRR14697907",1,232,7398
"SRR14697908",1,515,13723
"SRR14697909",1,567,22206
"SRR14697910",1,310,12030
"SRR14697911",1,212,8632
"SRR14697912",1,373,19532
"SRR14697913",1,266,26449
"SRR14697914",1,281,11351
"SRR14697915",1,368,23222
"SRR14697916",1,227,19349
"SRR14697917",1,313,10721
"SRR14697918",1,336,10557
"SRR14697919",1,178,13270
"SRR14697920",1,359,15439
"SRR14697921",1,359,14781
"SRR14697922",1,341,19549
"SRR14697923",1,202,14442
"SRR14697924",1,407,19880
"SRR14697925",1,296,11217
"SRR14697926",1,307,15810
"SRR14697927",1,128,6605
"SRR14697928",1,308,16758
"SRR14697929",1,198,28069
"SRR14697930",1,169,3597
"SRR14697931",1,222,19107
"SRR14697932",1,196,51101
"SRR14697933",1,229,12589
"SRR14697934",1,207,4642
"SRR14697935",1,301,14910
"SRR14697936",1,337,14185
"SRR14697937",1,331,22057
"SRR14697938",1,257,58390
"SRR14697939",1,194,6271
"SRR14697940",1,311,31510
"SRR14697941",1,189,29856
"SRR14697942",1,128,2351
"SRR14697943",1,250,22867
"SRR14697944",1,216,18065
"SRR14697945",1,238,9035
"SRR14697946",1,421,23606
"SRR14697947",1,459,39525
"SRR14697948",1,335,36574
"SRR14697949",1,149,10537
"SRR14697950",1,446,19921
"SRR14697951",1,452,36508
"SRR14697952",1,246,51099
"SRR14697953",1,258,5063
"SRR14697954",1,286,18473
"SRR14697955",1,220,9622
"SRR14697956",1,407,15796
"SRR14697957",1,445,13284
"SRR14697958",1,250,15888
"SRR14697959",1,200,22913
"SRR14697960",1,241,7951
"SRR14697961",1,175,8791
"SRR14697962",1,524,22124
"SRR14697963",1,243,9834
"SRR14697964",1,221,7461
"SRR14697965",1,313,4294
"SRR14697966",1,448,12142
"SRR14697967",1,252,12674
"SRR14697968",1,306,22057
"SRR14697969",1,341,10778
"SRR14697970",1,134,20239
"SRR14697971",1,34,3841
"SRR14697972",1,281,10600
"SRR14697973",1,231,5948
"SRR14698501",1,120,8812
"SRR14698502",1,104,5676
"SRR14698503",1,137,25733
"SRR14698504",1,70,1521
"SRR14698505",1,120,3415
"SRR14698506",1,93,16310
"SRR14698507",1,94,2287
"SRR14698508",1,75,2954
"SRR14698509",1,66,15070
"SRR14698510",1,225,62011
"SRR14698511",1,106,3822
"SRR14698512",1,48,463
"SRR14698513",1,50,11052
"SRR14698514",1,77,3891
"SRR14698515",1,76,1600
"SRR14698516",1,76,8295
"SRR14698517",1,51,11285
"SRR14698518",1,148,13076
"SRR14698519",1,65,3980
"SRR14698520",1,132,18574
"SRR14698521",1,41,6540
"SRR14698522",1,112,19556
"SRR14698523",1,136,33314
"SRR14698524",1,136,65911
"SRR14698525",1,110,14712
"SRR14698526",1,100,11867
"SRR14698527",1,94,6867
"SRR14698528",1,26,5924
"SRR14698529",1,99,7394
"SRR14698530",1,105,5001
"SRR14698531",1,56,4265
"SRR14698532",1,104,5747
"SRR14698533",1,110,11818
"SRR14698534",1,95,6248
"SRR14698535",1,50,11627
"SRR14698536",1,80,4920
"SRR14698537",1,47,12296
"SRR14698538",1,104,4406
"SRR14698539",1,87,25768
"SRR14698540",1,106,5644
"SRR14698541",1,118,41079
"SRR14698542",1,97,7638
"SRR14698543",1,98,3534
"SRR14698544",1,51,7646
"SRR14698545",1,82,4105
"SRR14698546",1,178,7134
"SRR14698547",1,102,2263
"SRR14698548",1,42,6830
"SRR14698549",1,84,2220
"SRR14698550",1,167,4734
"SRR14698551",1,103,39194
"SRR14698552",1,73,25475
"SRR14698553",1,98,22717
"SRR14698554",1,137,27594
"SRR14698555",1,114,9857
"SRR14698556",1,141,39896
"SRR14698557",1,129,18599
"SRR14698558",1,154,40384
"SRR14698559",1,105,4996
"SRR14698560",1,175,18644
"SRR14698561",1,121,7185
"SRR14698562",1,133,7531
"SRR14698563",1,102,3314
"SRR14698564",1,113,27569
"SRR14698565",1,99,9914
"SRR14698566",1,115,6983
"SRR14698567",1,108,31528
"SRR14698568",1,92,27156
"SRR14698569",1,151,18902
"SRR14698570",1,137,30399
"SRR14698571",1,139,40833
"SRR14698572",1,121,7443
"SRR14698573",1,109,7984
"SRR14698574",1,145,88453
"SRR14698575",1,168,23410
"SRR14698576",1,128,12802
"SRR14698577",1,156,9325
"SRR14698578",1,208,34294
"SRR14698579",1,58,11366
"SRR14698580",1,234,84046
"SRR14698581",1,179,21882
"SRR14698582",1,176,36212
"SRR14698583",1,133,54777
"SRR14698584",1,173,51899
"SRR14698585",1,49,2710
"SRR14698586",1,45,6788
"SRR14698587",1,159,12855
"SRR14698588",1,74,21664
"SRR14698589",1,153,21576
"SRR14698590",1,76,27089
"SRR14698591",1,127,17435
"SRR14698592",1,101,7171
"SRR14698593",1,181,20437
"SRR14698594",1,158,16099
"SRR14698595",1,52,31069
"SRR14698596",1,95,2515
"SRR14698597",1,139,7364
"SRR14698598",1,92,6133
"SRR14698599",1,110,5783
"SRR14698600",1,90,34761
"SRR14698601",1,98,3365
"SRR14698602",1,97,43743
"SRR14698603",1,152,17249
"SRR14698604",1,101,22633
"SRR14698605",1,134,28866
"SRR14698606",1,86,17485
"SRR14698607",1,165,9247
"SRR14698608",1,98,28775
"SRR14698609",1,147,12639
"SRR14698610",1,112,47152
"SRR14698611",1,147,13297
"SRR14698612",1,155,11880
"SRR14698613",1,114,9372
"SRR14698614",1,127,6936
"SRR14698615",1,86,18994
"SRR14698616",1,116,5221
"SRR14698617",1,88,29169
"SRR14698618",1,113,36709
"SRR14698619",1,79,18104
"SRR14698620",1,77,5719
"SRR14698621",1,137,11260
"SRR14698622",1,138,5652
"SRR14698623",1,74,8298
"SRR14698624",1,67,30880
"SRR14698625",1,91,8075
"SRR14698626",1,102,3370
"SRR14698627",1,101,7467
"SRR14698628",1,47,3254
"SRR14698629",1,103,9556
"SRR14698630",1,66,11538
"SRR14698631",1,160,5039
"SRR14698632",1,58,9144
"SRR14698633",1,94,4578
"SRR14698634",1,34,7599
"SRR14698635",1,97,6836
"SRR14698636",1,119,25754
"SRR14698637",1,86,2729
"SRR14698638",1,125,55719
"SRR14698639",1,104,13645
"SRR14698640",1,130,15497
"SRR14698641",1,76,6745
"SRR14698642",1,78,7339
"SRR14698643",1,56,11586
"SRR14698644",1,74,11629
"SRR14698645",1,78,2386
"SRR14698646",1,88,3521
"SRR14698647",1,68,28832
"SRR14698648",1,108,4304
"SRR14698649",1,78,2694
"SRR14698650",1,108,4942
"SRR14698651",1,143,73005
"SRR14698652",1,194,27297
"SRR14698653",1,66,19911
"SRR14698654",1,117,8213
"SRR14698655",1,86,19625
"SRR14698656",1,123,7418
"SRR14698657",1,89,31500
"SRR14698658",1,37,5893
"SRR14698659",1,109,3458
"SRR14698660",1,171,26528
"SRR14698661",1,96,3495
"SRR14698662",1,157,76173
"SRR14698663",1,142,6901
"SRR14698664",1,100,4810
"SRR14698665",1,72,16167
"SRR14698666",1,219,45051
"SRR14698667",1,76,13042
"SRR14698668",1,126,4469
"SRR14698669",1,95,41233
"SRR14698670",1,139,38881
"SRR14698671",1,170,21113
"SRR14698672",1,139,6348
"SRR14698673",1,55,6109
"SRR14698674",1,216,17535
"SRR14698675",1,171,11366
"SRR14698676",1,110,25615
"SRR14698677",1,71,24163
"SRR14698678",1,92,6538
"SRR14698679",1,135,10380
"SRR14698680",1,113,5097
"SRR14698681",1,148,15050
"SRR14698682",1,115,40989
"SRR14698683",1,81,23131
"SRR14698684",1,139,19093
"SRR14698685",1,109,8718
"SRR14698686",1,109,36968
"SRR14698687",1,77,2231
"SRR14698688",1,151,14149
"SRR14698689",1,68,20819
"SRR14698690",1,133,10836
"SRR14698691",1,133,9360
"SRR14698692",1,97,41291
"SRR14698693",1,120,11930
"SRR14698694",1,91,9103
"SRR14698695",1,207,30248
"SRR14698696",1,67,20832
"SRR14698697",1,144,19677
"SRR14698698",1,95,6652
"SRR14698699",1,86,19700
"SRR14698700",1,126,9209
"SRR14698701",1,126,8538
"SRR14698702",1,126,30414
"SRR14698703",1,117,4583
"SRR14698704",1,123,6559
"SRR14698705",1,127,38542
"SRR14698706",1,156,54710
"SRR14698707",1,169,19522
"SRR14698708",1,113,6312
"SRR14698709",1,70,20167
"SRR14698710",1,124,8055
"SRR14698711",1,85,43765
"SRR14698712",1,94,10357
"SRR14698713",1,72,18291
"SRR14698714",1,148,11501
"SRR14698715",1,52,14496
"SRR14698716",1,144,17497
"SRR14698717",1,139,69172
"SRR14698718",1,91,24252
"SRR14698719",1,154,28215
"SRR14698720",1,79,25099
"SRR14698721",1,141,12363
"SRR14698722",1,140,72968
"SRR14698723",1,113,15398
"SRR14698724",1,87,27710
"SRR14698725",1,170,18025
"SRR14698726",1,124,3732
"SRR14698727",1,135,11648
"SRR14698728",1,134,24560
"SRR14698729",1,193,17928
"SRR14698730",1,80,30266
"SRR14698731",1,143,46054
"SRR14698732",1,170,21428
"SRR14698733",1,92,4554
"SRR14698734",1,122,23538
"SRR14698735",1,128,23173
"SRR14698736",1,102,3705
"SRR14698737",1,67,9141
"SRR14698738",1,98,2016
"SRR14698739",1,109,3794
"SRR14698740",1,90,31561
"SRR14698741",1,102,35393
"SRR14698742",1,98,5143
"SRR14698743",1,159,9188
"SRR14698744",1,126,12337
"SRR14699050",1,213,10430
"SRR14699051",1,409,8158
"SRR14699052",1,495,33607
"SRR14699053",1,253,8199
"SRR14699054",1,353,24320
"SRR14699055",1,233,10886
"SRR14699056",1,594,20699
"SRR14699057",1,505,15072
"SRR14699058",1,231,16386
"SRR14699059",1,513,11088
"SRR14699060",1,389,9684
"SRR14699061",1,318,15708
"SRR14699062",1,195,13546
"SRR14699063",1,365,17010
"SRR14699064",1,127,18637
"SRR14699065",1,103,5753
"SRR14699066",1,421,13365
"SRR14699067",1,186,6517
"SRR14699068",1,134,1761
"SRR14699069",1,447,20268
"SRR14699070",1,253,11364
"SRR14699071",1,386,13948
"SRR14699072",1,354,10216
"SRR14699073",1,229,14056
"SRR14699074",1,298,7783
"SRR14699075",1,303,9728
"SRR2011261",1,88,1217
"SRR2011267",1,72,1012
"SRR2011269",1,103,1192
"SRR2011271",1,120,1456
"SRR2011272",1,120,1794
"SRR2011274",1,117,1686
"SRR2011275",1,78,796
"SRR2011277",1,76,849
"SRR2011278",1,79,748
"SRR2011280",1,62,318
"SRR23272700",1,15,5863
"SRR23272708",1,4,18
"SRR23272716",1,2,2
"SRR23272728",1,1,73
"SRR23272729",1,1,15
"SRR23272731",1,2,340
"SRR23272737",1,6,305
"SRR23272741",1,12,1535
"SRR23272746",1,3,29
"SRR23272749",1,1,68
"SRR23272751",1,1,2
"SRR23272752",1,7,2827
"SRR23272756",1,3,142
"SRR23272758",1,4,24
"SRR23272759",1,1,30
"SRR23272760",1,1,2927
"SRR23272762_SRR23272839",1,1,3
"SRR23272764_SRR23272778_SRR23272887",1,3,1922
"SRR23272766_SRR23272889",1,2,41
"SRR23272767",1,1,52
"SRR23272770_SRR23272893",1,1,323
"SRR23272774_SRR23272897",1,4,167
"SRR23272776_SRR23272899",1,1,985
"SRR23272780",1,1,40
"SRR23272788",1,5,838
"SRR23272799",1,1,2
"SRR23272803",1,2,3
"SRR23272807",1,1,3114
"SRR23272808",1,1,24
"SRR23272811",1,1,1
"SRR23272822",1,3,11
"SRR23272826",1,1,2
"SRR23272833",1,1,33
"SRR23272835_SRR23272903",1,1,1
"SRR23272836_SRR23272904",1,2,111
"SRR23272841",1,1,156
"SRR23272844",1,1,183
"SRR23272848",1,1,74
"SRR23272849",1,1,20
"SRR23272850",1,5,990
"SRR23272853",1,1,99
"SRR23272855",1,3,1021
"SRR23272856",1,1,2
"SRR23272859",1,1,2
"SRR23272860",1,9,8526
"SRR23272874",1,6,117
"SRR23272881",1,2,146
"SRR23272883",1,1,1790
"SRR23272885",1,1,1
"SRR23272901",1,31,4824
"SRR2770345",1,37,52234
"SRR2770346",1,65,39061
"SRR2770347",1,81,54590
"SRR2770348",1,45,110161
"SRR2770349",1,58,42321
"SRR2770350",1,44,70718
"SRR2770351",1,33,63521
"SRR2770352",1,53,46196
"SRR2770822",1,5,11
"SRR2799330",1,9,447
"SRR2799331",1,25,386
"SRR2799332",1,21,266
"SRR2799333",1,10,27
"SRR2799334",1,13,444
"SRR2799335",1,16,212
"SRR2799336",1,12,707
"SRR2799337",1,13,349
"SRR2799338",1,8,36
"SRR2799342",1,19,192
"SRR3180319",1,450,7899
"SRR3180320",1,582,31161
"SRR3180321",1,599,12544
"SRR3180322",1,659,14937
"SRR3180323",1,191,2194
"SRR3180324",1,301,14167
"SRR3180325",1,361,6533
"SRR3180326",1,743,54580
"SRR3180327",1,1277,34714
"SRR3180328",1,1039,26183
"SRR3180329",1,486,15008
"SRR3180330",1,473,37819
"SRR3180331",1,243,5999
"SRR3180332",1,171,6135
"SRR3180333",1,490,48490
"SRR3180334",1,144,630
"SRR3180335",1,246,4472
"SRR3180336",1,240,6425
"SRR3180337",1,403,34165
"SRR3180338",1,1256,29364
"SRR3180339",1,1010,12893
"SRR3180340",1,439,40959
"SRR3180341",1,462,68850
"SRR3180342",1,358,55241
"SRR3180343",1,389,6116
"SRR3180344",1,804,20480
"SRR3180345",1,307,2860
"SRR3180346",1,646,25375
"SRR3180347",1,221,2236
"SRR3180348",1,614,27954
"SRR3180349",1,457,10744
"SRR3180350",1,736,39972
"SRR3180351",1,537,7266
"SRR3180352",1,979,33483
"SRR3180353",1,973,17746
"SRR3180354",1,505,8889
"SRR3180355",1,1018,38795
"SRR3180356",1,1245,23534
"SRR3180357",1,1217,50851
"SRR3180358",1,479,20055
"SRR3180359",1,716,16645
"SRR3180360",1,822,12908
"SRR3180361",1,1548,53830
"SRR3180362",1,753,10585
"SRR3180363",1,1045,29606
"SRR3180364",1,733,16943
"SRR3180365",1,483,12759
"SRR3180366",1,463,21109
"SRR3180367",1,826,25480
"SRR3180368",1,781,19929
"SRR3735210",1,91,206
"SRR3735224",1,102,346
"SRR3735226",1,437,3688
"SRR3735231",1,22,397
"SRR3735241",1,204,823
"SRR3735250",1,56,102
"SRR3735256",1,1861,171940
"SRR3735257",1,1161,49128
"SRR3735258",1,72,29314
"SRR3735259",1,821,103176
"SRR3735260",1,1232,152538
"SRR3735261",1,1191,255180
"SRR3735262",1,1175,262486
"SRR3735263",1,792,327620
"SRR3735264",1,822,176652
"SRR3735265",1,55,2382
"SRR3735266",1,106,73108
"SRR3735268",1,56,11098
"SRR3735269",1,1011,61330
"SRR3735270",1,61,42254
"SRR3735271",1,52,47324
"SRR3735272",1,25,16738
"SRR3735273",1,238,3900
"SRR3735274",1,810,28602
"SRR3735276",1,535,15462
"SRR3735277",1,524,108526
"SRR3735278",1,445,46916
"SRR3735279",1,228,134884
"SRR3735280",1,1320,181212
"SRR3735281",1,202,104184
"SRR3735283",1,164,7708
"SRR3735284",1,361,17200
"SRR3735285",1,87,1878
"SRR3735286",1,69,468
"SRR3735287",1,1399,170342
"SRR3735288",1,341,10078
"SRR3735290",1,505,46366
"SRR3735292",1,569,263132
"SRR3735293",1,1321,196918
"SRR3735294",1,400,71856
"SRR3735295",1,105,16664
"SRR3735296",1,235,101526
"SRR3735298",1,108,12174
"SRR3735300",1,334,148376
"SRR3735301",1,558,221268
"SRR3735302",1,427,281922
"SRR3735303",1,320,25444
"SRR3735305",1,292,35048
"SRR3931290",1,17,329
"SRR3931291",1,30,1430
"SRR3931293",1,20,9798
"SRR3931294",1,18,1404
"SRR3931295",1,13,1192
"SRR3931296",1,19,736
"SRR3931297",1,15,177
"SRR3931298",1,11,787
"SRR3931299",1,16,215
"SRR3931300",1,32,1046
"SRR3931301",1,36,4244
"SRR3931302",1,23,2938
"SRR3931304",1,31,2884
"SRR3931305",1,20,1901
"SRR3931306",1,27,1174
"SRR3931307",1,31,1207
"SRR3931308",1,24,2684
"SRR3931309",1,19,772
"SRR4237416",1,628,100341
"SRR4237417",1,580,33400
"SRR4237418",1,2166,366376
"SRR4237419",1,3020,295561
"SRR4237420",1,2896,228644
"SRR4734631",1,4,7
"SRR4734633",1,581,54395
"SRR4734634",1,60,253
"SRR4734635",1,13,16
"SRR4734636",1,7,566
"SRR4734637",1,5,104
"SRR4734639",1,3,4
"SRR4734640",1,16,90
"SRR4734641",1,2,27
"SRR4734642",1,2,45
"SRR4734643",1,4,5
"SRR4734646",1,33,182
"SRR4734647",1,1,5
"SRR4734649",1,2,5
"SRR4734650",1,7,11
"SRR4734651",1,3,4
"SRR4734653",1,2,2
"SRR4734654",1,3,14
"SRR5313366",1,10,67
"SRR5313367",1,15,7482
"SRR5313368",1,11,42
"SRR5313369",1,9,34
"SRR5313370",1,7,31
"SRR5313371",1,10,28
"SRR5313372",1,13,1060
"SRR5313373",1,17,2989
"SRR5313374",1,28,21921
"SRR5313375",1,17,1097
"SRR5313376",1,28,62046
"SRR5313377",1,25,49337
"SRR5313378",1,24,8854
"SRR5313379",1,19,6463
"SRR5313380",1,19,28395
"SRR5313381",1,20,80
"SRR5313382",1,14,15664
"SRR5313383",1,22,19830
"SRR5313384",1,9,58
"SRR5313385",1,8,32
"SRR5313386",1,17,51477
"SRR5313387",1,13,78
"SRR5313388",1,16,73
"SRR5313389",1,15,14148
"SRR5313390",1,16,8022
"SRR5313391",1,20,9586
"SRR5313392",1,15,4453
"SRR5313393",1,22,30426
"SRR5313394",1,11,98
"SRR5313395",1,13,31468
"SRR5313396",1,15,14135
"SRR5313397",1,17,143
"SRR5313398",1,25,75527
"SRR5313399",1,12,99
"SRR5313400",1,12,70
"SRR5313401",1,21,16494
"SRR5313402",1,10,115
"SRR5313403",1,12,50
"SRR5313404",1,29,57065
"SRR5313405",1,18,2178
"SRR5313406",1,14,81
"SRR5313407",1,24,13696
"SRR5313408",1,20,12441
"SRR5313409",1,17,22863
"SRR5313410",1,20,9585
"SRR5313411",1,14,27401
"SRR5313412",1,22,11199
"SRR5313413",1,21,16810
"SRR5313414",1,28,54872
"SRR5313415",1,20,168
"SRR5313416",1,15,75
"SRR5313417",1,20,6047
"SRR5313418",1,17,74
"SRR5313419",1,32,18375
"SRR5313420",1,28,15826
"SRR5457561",1,340,9568
"SRR5457562",1,215,5288
"SRR5457563",1,284,7012
"SRR5457564",1,250,7396
"SRR5457565",1,396,63442
"SRR5457566",1,405,44964
"SRR5457567",1,360,8796
"SRR5457568",1,256,6843
"SRR5457569",1,290,10538
"SRR5457570",1,260,10946
"SRR5457571",1,283,38647
"SRR5457572",1,280,22209
"SRR5457573",1,194,4600
"SRR5457574",1,263,12586
"SRR5457575",1,171,5613
"SRR5457576",1,218,15969
"SRR5457577",1,331,15286
"SRR5457578",1,199,8267
"SRR5457579",1,276,12883
"SRR5457580",1,194,8464
"SRR5457581",1,279,64965
"SRR5457582",1,257,25025
"SRR5457583",1,210,4665
"SRR5457584",1,175,11669
"SRR5457585",1,248,7897
"SRR5457586",1,228,7802
"SRR5457587",1,297,47780
"SRR5457588",1,255,14635
"SRR5457589",1,245,8609
"SRR5457590",1,95,954
"SRR5457591",1,232,12068
"SRR5457592",1,102,2177
"SRR5741923",1,2085,127443
"SRR5741924",1,1212,129789
"SRR5741925",1,1094,46266
"SRR5741926",1,1411,70017
"SRR5741927",1,1132,57238
"SRR5741928",1,1438,85519
"SRR5741929",1,1205,90223
"SRR5741930",1,1551,113689
"SRR5741931",1,1969,187194
"SRR5741932",1,1203,180371
"SRR5746583",1,1302,29916
"SRR5746584",1,995,23455
"SRR5746585",1,1005,26240
"SRR5746586",1,964,21837
"SRR5746587",1,1129,29930
"SRR5746588",1,1055,40207
"SRR5746589",1,1085,40006
"SRR5746590",1,981,34870
"SRR5746591",1,1811,96849
"SRR5746592",1,1886,96285
"SRR5746593",1,1364,35203
"SRR5746594",1,771,12943
"SRR5746595",1,1382,29349
"SRR5746596",1,1316,29293
"SRR5746597",1,1261,33398
"SRR5746598",1,962,31741
"SRR5746599",1,1514,21873
"SRR5746600",1,1689,27279
"SRR5746601",1,1535,23419
"SRR5746602",1,1269,16323
"SRR5746603",1,348,10219
"SRR5746604",1,729,14531
"SRR5746605",1,1058,42165
"SRR5746606",1,1266,54067
"SRR5746607",1,1565,47480
"SRR5746608",1,1764,65228
"SRR5746609",1,1230,35735
"SRR5746610",1,1349,38381
"SRR5746611",1,1884,69357
"SRR5746612",1,1862,85206
"SRR5746613",1,1778,52424
"SRR5746614",1,2046,70603
"SRR5746615",1,1022,21749
"SRR5746616",1,952,13763
"SRR5746617",1,1118,18380
"SRR5746618",1,902,9576
"SRR5746619",1,1490,37889
"SRR5746620",1,1329,33673
"SRR5746621",1,894,20383
"SRR5746622",1,1037,23110
"SRR5746623",1,1676,33599
"SRR5746624",1,1568,41346
"SRR5746625",1,1303,38208
"SRR5746626",1,1369,49301
"SRR5746627",1,597,24462
"SRR5746628",1,1142,35775
"SRR5746629",1,1377,40463
"SRR5746630",1,1199,29107
"SRR5746631",1,1477,36381
"SRR5746632",1,1550,41746
"SRR5746633",1,1778,43272
"SRR5746634",1,1808,33678
"SRR5746635",1,2041,92538
"SRR5746636",1,1776,55840
"SRR5746637",1,1739,86526
"SRR5746638",1,1877,78058
"SRR5746639",1,877,13140
"SRR5746640",1,1345,16450
"SRR5746641",1,1303,13737
"SRR5746642",1,684,6907
"SRR5746643",1,311,38633
"SRR5746644",1,1341,24721
"SRR5746645",1,1319,17128
"SRR5746646",1,1179,13028
"SRR5746647",1,802,10646
"SRR5746648",1,754,13408
"SRR5746649",1,1219,32193
"SRR5746650",1,695,12996
"SRR5746651",1,917,13546
"SRR5746652",1,721,8167
"SRR5746653",1,764,15055
"SRR5746654",1,814,9839
"SRR5746655",1,800,12114
"SRR5746656",1,824,11453
"SRR5746657",1,842,10167
"SRR5746658",1,1011,14489
"SRR5746659",1,924,13809
"SRR5746660",1,761,12392
"SRR5746661",1,719,7686
"SRR5746662",1,730,9767
"SRR5746663",1,937,20182
"SRR5746664",1,1113,29785
"SRR5746665",1,1476,23934
"SRR5746666",1,1162,22452
"SRR5746667",1,1229,27688
"SRR5746668",1,1046,20536
"SRR5746669",1,1028,26772
"SRR5746670",1,989,23624
"SRR5746671",1,1163,26429
"SRR5746672",1,993,27171
"SRR5746673",1,1312,39737
"SRR5746674",1,1336,52696
"SRR5746675",1,1124,40357
"SRR5746676",1,1194,34112
"SRR5746677",1,1790,74168
"SRR5746678",1,1687,76057
"SRR5746679",1,1686,66014
"SRR5746680",1,1502,36350
"SRR5746681",1,2013,48905
"SRR5746682",1,2470,66997
"SRR5746683",1,869,21706
"SRR5746684",1,1102,34450
"SRR5746685",1,1307,52550
"SRR5746686",1,1268,35961
"SRR5746687",1,1348,34508
"SRR5746688",1,1484,27440
"SRR5746689",1,1652,32239
"SRR5746690",1,1674,44540
"SRR5746691",1,1234,28829
"SRR5746692",1,967,26214
"SRR5746693",1,1498,40486
"SRR5746694",1,1528,53416
"SRR5746695",1,1483,45297
"SRR5746696",1,1309,22154
"SRR5746697",1,2347,56676
"SRR5746698",1,2007,40162
"SRR5746699",1,1621,25502
"SRR5746700",1,1256,24247
"SRR5746701",1,1613,46158
"SRR5746702",1,1531,43060
"SRR5746703",1,1573,49131
"SRR5746704",1,1473,41621
"SRR5746705",1,1697,48401
"SRR5746706",1,1252,28639
"SRR5746707",1,1493,47046
"SRR5746708",1,1524,46951
"SRR5746709",1,1130,24537
"SRR5746710",1,1241,41761
"SRR5746711",1,2058,71107
"SRR5746712",1,1811,48738
"SRR5753733",1,18,49
"SRR5753734",1,43,7533
"SRR5753735",1,45,10159
"SRR5753736",1,10,12
"SRR5753737",1,18,172
"SRR5753738",1,56,27693
"SRR5753739",1,79,50761
"SRR5753740",1,78,77317
"SRR5753741",1,130,50925
"SRR5753742",1,21,6176
"SRR5753743",1,75,37348
"SRR5753744",1,52,31297
"SRR5753745",1,28,6281
"SRR5753746",1,107,53028
"SRR5753747",1,79,22034
"SRR5753748",1,9,16
"SRR5753749",1,55,92892
"SRR5753750",1,101,162163
"SRR5753751",1,98,68325
"SRR5753752",1,42,12128
"SRR5753753",1,34,15218
"SRR5753754",1,48,21817
"SRR5753755",1,16,39
"SRR5805417",1,747,52980
"SRR5805420",1,877,106518
"SRR5805421",1,67,233
"SRR5805422",1,1000,90189
"SRR5805423",1,126,569
"SRR5805425",1,341,5667
"SRR5805426",1,757,32446
"SRR5805427",1,273,2730
"SRR5805428",1,341,4894
"SRR5805429",1,231,3757
"SRR5805430",1,277,3355
"SRR5805431",1,320,3025
"SRR5805432",1,340,2472
"SRR5805433",1,451,172671
"SRR5805434",1,238,2987
"SRR5805435",1,237,5776
"SRR5805436",1,306,4336
"SRR5805437",1,200,3009
"SRR5805438",1,186,2848
"SRR5805439",1,878,112332
"SRR5805440",1,779,60873
"SRR5805441",1,34,75
"SRR5805442",1,981,128915
"SRR5805443",1,146,855
"SRR5805444",1,632,67353
"SRR5805448",1,104,404
"SRR5805449",1,307,4791
"SRR5805450",1,177,1311
"SRR5805451",1,258,1983
"SRR5805452",1,269,3157
"SRR5805453",1,344,5990
"SRR5805454",1,291,4323
"SRR5805455",1,254,2750
"SRR5805456",1,255,3087
"SRR5805457",1,298,6308
"SRR5805458",1,359,3936
"SRR5808582",1,1334,57415
"SRR5808583",1,1253,47272
"SRR5808584",1,502,34040
"SRR5808585",1,260,39468
"SRR5808586",1,343,57465
"SRR5808587",1,226,60118
"SRR5808588",1,418,34616
"SRR5808589",1,934,28973
"SRR5808590",1,320,43319
"SRR5808591",1,567,46178
"SRR5808592",1,1564,112841
"SRR5808593",1,1291,67167
"SRR5808594",1,1641,117364
"SRR5808595",1,1607,112271
"SRR5808596",1,1483,175474
"SRR5808597",1,1573,139548
"SRR5808598",1,1258,109166
"SRR5808599",1,1326,149995
"SRR5808600",1,391,129803
"SRR5808601",1,1294,44150
"SRR5808602",1,1345,55572
"SRR5808603",1,1386,52482
"SRR5808604",1,1320,42923
"SRR5808605",1,425,53044
"SRR5808606",1,1416,65912
"SRR5808607",1,1362,59597
"SRR5808608",1,1371,57953
"SRR5808609",1,1723,156377
"SRR5808610",1,1412,151864
"SRR5808611",1,1959,165732
"SRR5808612",1,1683,111085
"SRR5808613",1,1759,139155
"SRR5808614",1,1729,132874
"SRR5808615",1,1764,114313
"SRR5808616",1,1763,134529
"SRR5808617",1,1484,211610
"SRR5808618",1,1978,167712
"SRR5808619",1,1865,143751
"SRR5837713",1,11,261
"SRR5837714",1,11,121
"SRR5837716",1,85,68893
"SRR5837717",1,20,573
"SRR5837718",1,20,1462
"SRR5837719",1,73,32331
"SRR5837721",1,78,53105
"SRR5837732",1,73,33155
"SRR5837733",1,83,9862
"SRR5837734",1,68,33535
"SRR5837735",1,54,3111
"SRR5837737",1,15,959
"SRR5837738",1,16,407
"SRR5837745",1,16,516
"SRR5837752",1,18,957
"SRR5837753",1,75,36797
"SRR5837762",1,55,3795
"SRR5837763",1,83,31209
"SRR5895973",1,435,62905
"SRR5895975",1,537,46933
"SRR5895976",1,436,26851
"SRR5895984",1,701,18949
"SRR5895986",1,664,19384
"SRR5895989",1,689,20514
"SRR5895994",1,858,44294
"SRR5895995",1,688,23966
"SRR5895998",1,119,5039
"SRR5896002",1,52,2289
"SRR5896005",1,727,22995
"SRR5896009",1,745,30580
"SRR5896018",1,502,47643
"SRR5896019",1,820,36639
"SRR5896022",1,418,23694
"SRR5896025",1,766,22502
"SRR5896026",1,13,466
"SRR5896030",1,649,26940
"SRR5896034",1,231,66054
"SRR5896035",1,723,20691
"SRR5896036",1,9,686
"SRR5902373",1,288,15097
"SRR5902376",1,564,10500
"SRR5902379",1,642,15601
"SRR5902383",1,58,4264
"SRR5902386",1,41,4039
"SRR5902389",1,490,10090
"SRR5902391",1,441,9896
"SRR5902393",1,1236,23777
"SRR5902394",1,223,7177
"SRR5902401",1,46,2758
"SRR5902406",1,381,12277
"SRR5902410",1,721,35892
"SRR5902413",1,425,9294
"SRR5902415",1,732,17970
"SRR5902417",1,683,9466
"SRR5902423",1,17,563
"SRR5902424",1,170,9219
"SRR5902429",1,662,11979
"SRR5902430",1,776,14948
"SRR5902435",1,10,122
"SRR5902436",1,11,174
"SRR5902442",1,799,18347
"SRR5902444",1,679,13734
"SRR5902447",1,734,19781
"SRR5902449",1,548,20132
"SRR5902452",1,859,24542
"SRR5902457",1,169,15629
"SRR5902459",1,945,13079
"SRR5902463",1,714,12972
"SRR5902466",1,823,11189
"SRR5902467",1,1554,57296
"SRR5902480",1,178,45423
"SRR5902482",1,573,16622
"SRR5902485",1,634,14945
"SRR5902486",1,4,94
"SRR5902489",1,9,93
"SRR5902491",1,544,12466
"SRR5902494",1,623,14153
"SRR5902499",1,138,18580
"SRR5902500",1,92,9294
"SRR5902505",1,25,895
"SRR5902506",1,91,19311
"SRR5902511",1,773,20068
"SRR5902513",1,660,13452
"SRR5902514",1,538,9753
"SRR5902521",1,608,15190
"SRR5902523",1,74,16511
"SRR5902524",1,17,948
"SRR5902530",1,604,16571
"SRR5902533",1,602,12233
"SRR5902537",1,510,9325
"SRR5902539",1,332,11990
"SRR5902542",1,1093,20328
"SRR5902545",1,194,12176
"SRR5914935",1,340,17785
"SRR5914936",1,480,29606
"SRR5914944",1,337,14993
"SRR5914949",1,390,20110
"SRR5914953",1,400,11224
"SRR5914954",1,612,14832
"SRR5914959",1,687,22388
"SRR5914960",1,577,14502
"SRR5914964",1,643,20496
"SRR5914965",1,486,12224
"SRR5914966",1,695,11061
"SRR5914970",1,625,20648
"SRR5914976",1,326,26070
"SRR5914978",1,731,9867
"SRR5914982",1,11,371
"SRR5914983",1,481,11502
"SRR5914988",1,8,200
"SRR5914989",1,610,11084
"SRR5914992",1,273,10142
"SRR5914995",1,985,16266
"SRR5914996",1,811,12282
"SRR5915001",1,496,8320
"SRR5915004",1,968,17376
"SRR5915008",1,889,18736
"SRR5915013",1,663,11452
"SRR5915014",1,538,13723
"SRR5915017",1,460,11216
"SRR5915019",1,928,10919
"SRR5915020",1,619,9990
"SRR5915023",1,808,13298
"SRR5915028",1,658,11010
"SRR5915034",1,67,2082
"SRR5915037",1,169,3683
"SRR5915038",1,36,6642
"SRR5915043",1,1002,23060
"SRR5915046",1,442,41034
"SRR5915049",1,173,10861
"SRR5915051",1,979,29205
"SRR5915054",1,570,15537
"SRR5915057",1,775,17788
"SRR5915063",1,250,11990
"SRR5915065",1,42,533
"SRR5915068",1,54,7774
"SRR5915072",1,856,16537
"SRR5915074",1,786,15090
"SRR5915077",1,661,22065
"SRR5915080",1,171,2195
"SRR5915081",1,502,25668
"SRR5915084",1,487,20193
"SRR5915086",1,890,21560
"SRR5915093",1,385,15438
"SRR5915100",1,506,16344
"SRR5915101",1,455,8473
"SRR5915103",1,197,42045
"SRR5915105",1,493,17256
"SRR5915108",1,937,23861
"SRR5915111",1,645,13597
"SRR5915112",1,799,14208
"SRR5915118",1,740,17254
"SRR5915122",1,3,274
"SRR5915124",1,1002,20634
"SRR5915128",1,726,24937
"SRR5915130",1,681,9150
"SRR5915133",1,959,18494
"SRR5915134",1,847,24631
"SRR5915138",1,936,16911
"SRR5915139",1,457,26082
"SRR5915141",1,688,20089
"SRR5915143",1,1050,29837
"SRR5915144",1,1053,14018
"SRR5915149",1,482,22654
"SRR5915153",1,855,21951
"SRR5915157",1,978,15199
"SRR5915160",1,1031,27070
"SRR5915164",1,298,10379
"SRR5915166",1,909,16627
"SRR5915168",1,263,5905
"SRR5915171",1,377,10771
"SRR5915173",1,471,8204
"SRR5915179",1,1051,20180
"SRR5915182",1,922,20121
"SRR5915186",1,665,21474
"SRR5915191",1,382,7770
"SRR5915195",1,100,13235
"SRR5915198",1,230,17319
"SRR5915199",1,318,15999
"SRR5915205",1,58,2213
"SRR5915208",1,249,10366
"SRR5915211",1,477,14062
"SRR5915214",1,412,15054
"SRR5915217",1,631,14688
"SRR5915220",1,344,24030
"SRR5915224",1,969,21327
"SRR5915229",1,836,20256
"SRR5915235",1,323,23029
"SRR5915239",1,354,14408
"SRR5915242",1,433,11654
"SRR5915244",1,62,6799
"SRR5915247",1,83,3217
"SRR5915249",1,27,3069
"SRR5915254",1,251,13578
"SRR5915255",1,243,12404
"SRR5915257",1,1009,24045
"SRR5915263",1,365,21694
"SRR5915265",1,436,9509
"SRR5915268",1,247,11265
"SRR5915274",1,524,8675
"SRR5915275",1,428,24369
"SRR5915277",1,324,13486
"SRR5915281",1,276,14343
"SRR5915286",1,374,22445
"SRR5915289",1,394,26069
"SRR5915292",1,474,42912
"SRR5915295",1,281,10538
"SRR5915296",1,490,11833
"SRR5915299",1,171,6327
"SRR5915304",1,485,19705
"SRR5915305",1,803,19316
"SRR5915308",1,910,18071
"SRR5915313",1,781,13324
"SRR5915316",1,860,14981
"SRR5915318",1,257,15195
"SRR5915321",1,858,28220
"SRR5915325",1,590,18301
"SRR5915327",1,195,15049
"SRR5915328",1,212,19724
"SRR5915338",1,1120,27952
"SRR5915339",1,510,29249
"SRR5915341",1,851,24007
"SRR5915342",1,405,12626
"SRR5915347",1,385,12500
"SRR5915348",1,495,13103
"SRR5915353",1,554,13767
"SRR5915356",1,376,20274
"SRR5915361",1,693,18151
"SRR5915362",1,309,18309
"SRR5915364",1,284,9615
"SRR5915371",1,1106,28138
"SRR5915375",1,341,27891
"SRR5915379",1,347,27066
"SRR5915383",1,505,10910
"SRR5915384",1,523,11188
"SRR5915387",1,460,9510
"SRR5915392",1,573,7362
"SRR5915395",1,1016,23501
"SRR5915401",1,133,4523
"SRR5915402",1,71,3637
"SRR5915407",1,69,2714
"SRR5915408",1,620,14260
"SRR5915411",1,1104,23699
"SRR5915412",1,1063,23933
"SRR5915417",1,998,14582
"SRR5915419",1,900,19313
"SRR5915422",1,1085,29827
"SRR5915425",1,621,11359
"SRR5915429",1,442,32596
"SRR5915432",1,655,31169
"SRR5915435",1,673,31634
"SRR5915439",1,957,39647
"SRR5915442",1,986,44131
"SRR5915444",1,763,44010
"SRR5915447",1,524,19152
"SRR5915451",1,424,10643
"SRR5915454",1,503,29886
"SRR5915458",1,529,14334
"SRR5915459",1,436,48286
"SRR5915464",1,325,19172
"SRR5915469",1,474,9694
"SRR5915472",1,370,8416
"SRR5915474",1,377,13753
"SRR5915477",1,3,4
"SRR5915479",1,14,2075
"SRR5915482",1,41,4059
"SRR5915484",1,30,2781
"SRR5915489",1,702,24557
"SRR5915492",1,984,20560
"SRR5915496",1,1422,58365
"SRR5915499",1,556,26561
"SRR5915504",1,603,23230
"SRR5915505",1,616,24955
"SRR5915510",1,1233,40852
"SRR5915511",1,1228,40450
"SRR5915513",1,1116,27595
"SRR5915518",1,1266,33795
"SRR5915524",1,1097,44947
"SRR5915526",1,1044,39503
"SRR5915527",1,941,21531
"SRR5915532",1,951,27101
"SRR5915535",1,906,37845
"SRR5915538",1,888,50290
"SRR5915542",1,630,43776
"SRR5915545",1,626,21958
"SRR5915548",1,569,21793
"SRR5915551",1,744,25598
"SRR5915554",1,826,38132
"SRR5915557",1,241,52053
"SRR5915560",1,749,50693
"SRR5915561",1,464,38754
"SRR5915566",1,54,6155
"SRR5915567",1,44,628
"SRR5915572",1,34,1563
"SRR5915574",1,644,40394
"SRR5915578",1,859,49339
"SRR5915583",1,608,13836
"SRR5915584",1,814,25005
"SRR5915586",1,879,16738
"SRR5915590",1,674,37331
"SRR5915594",1,572,47856
"SRR5915601",1,595,22518
"SRR5915603",1,704,24180
"SRR5915605",1,476,14318
"SRR5915608",1,857,41664
"SRR5915612",1,903,27637
"SRR5915618",1,629,10221
"SRR5915619",1,748,12050
"SRR5915623",1,904,23727
"SRR5915630",1,543,3255
"SRR5915634",1,1098,20011
"SRR5915640",1,897,16672
"SRR5915643",1,726,10802
"SRR5915645",1,581,29714
"SRR5915651",1,958,43468
"SRR5915655",1,648,42979
"SRR5915661",1,754,21152
"SRR5915662",1,1301,38146
"SRR5915666",1,1020,43253
"SRR5915668",1,1111,25639
"SRR5915671",1,618,13350
"SRR5915675",1,488,20495
"SRR5915679",1,640,33271
"SRR5915680",1,516,12769
"SRR5915683",1,593,18913
"SRR5915688",1,489,6497
"SRR5915691",1,628,16529
"SRR5915693",1,659,16199
"SRR5915697",1,710,26251
"SRR5915698",1,640,21681
"SRR5915703",1,362,40678
"SRR5915706",1,38,5407
"SRR5915710",1,38,584
"SRR5915716",1,501,23379
"SRR5915719",1,605,24455
"SRR5915722",1,672,29691
"SRR5915724",1,573,11566
"SRR5915727",1,587,21593
"SRR5915730",1,788,56055
"SRR5915734",1,624,25951
"SRR5915739",1,1581,42585
"SRR5915742",1,1178,26668
"SRR5915745",1,1186,29954
"SRR5915748",1,889,32071
"SRR5915752",1,791,23588
"SRR5915759",1,483,25623
"SRR5915761",1,501,24398
"SRR5915762",1,473,21424
"SRR5915768",1,1146,36577
"SRR5915770",1,1067,32064
"SRR5915771",1,1096,31699
"SRR5915773",1,1176,27278
"SRR5915777",1,341,15957
"SRR5915781",1,769,16962
"SRR5915784",1,1060,72896
"SRR5915787",1,944,25742
"SRR5915788",1,712,39169
"SRR5915794",1,1001,22722
"SRR5915797",1,1053,20778
"SRR5915799",1,1328,51177
"SRR5915801",1,530,53033
"SRR5915805",1,556,43686
"SRR5915809",1,1050,24903
"SRR5915810",1,644,30977
"SRR5915814",1,338,12595
"SRR5915820",1,976,80018
"SRR5915826",1,794,23874
"SRR5915830",1,860,16679
"SRR5915832",1,29,1654
"SRR5915836",1,970,22955
"SRR5915839",1,881,20442
"SRR5915840",1,1101,40022
"SRR5915848",1,630,27343
"SRR5915852",1,1454,43847
"SRR5915854",1,761,67965
"SRR5915858",1,499,10188
"SRR5915862",1,635,47099
"SRR5915867",1,938,21759
"SRR5915871",1,1121,36618
"SRR5915874",1,911,10889
"SRR5915878",1,861,41155
"SRR5915879",1,605,16515
"SRR5915884",1,701,30383
"SRR5915887",1,22,1214
"SRR5915891",1,79,9340
"SRR5915899",1,264,19076
"SRR5915902",1,400,18304
"SRR5915905",1,568,28342
"SRR5915907",1,86,2161
"SRR5915909",1,56,2758
"SRR5915910",1,63,4567
"SRR5915914",1,234,12325
"SRR5915918",1,497,14313
"SRR5915925",1,587,28809
"SRR5915927",1,656,17784
"SRR5916427",1,977,37151
"SRR5916432",1,885,30125
"SRR5916436",1,1009,34693
"SRR5916439",1,1010,28213
"SRR5916449",1,627,23425
"SRR5916450",1,72,11918
"SRR5916455",1,504,43524
"SRR5916460",1,601,66430
"SRR5916467",1,437,19084
"SRR5916472",1,445,16624
"SRR5916475",1,472,19385
"SRR5916480",1,447,23932
"SRR5916483",1,321,1968
"SRR5916487",1,332,45998
"SRR5916494",1,453,20983
"SRR5916502",1,897,15975
"SRR5916505",1,1066,38987
"SRR5916514",1,760,37748
"SRR5916517",1,762,14154
"SRR5916526",1,1409,17757
"SRR5916530",1,1761,39948
"SRR5916533",1,553,25837
"SRR5916536",1,337,17186
"SRR5916551",1,339,21726
"SRR5916552",1,590,19640
"SRR5916556",1,468,16929
"SRR5916558",1,745,14479
"SRR5916564",1,613,25472
"SRR5916570",1,1532,62097
"SRR5916574",1,1400,43190
"SRR5916580",1,232,13876
"SRR5916588",1,225,18864
"SRR5916592",1,387,30637
"SRR5916596",1,700,16214
"SRR5916602",1,633,13354
"SRR5916605",1,330,14588
"SRR5916612",1,645,13053
"SRR5916620",1,942,26884
"SRR5916623",1,1002,43102
"SRR5916631",1,487,18373
"SRR5916635",1,559,23565
"SRR5916642",1,538,24088
"SRR5916646",1,224,43601
"SRR5916647",1,522,37537
"SRR5916649",1,298,40666
"SRR5916651",1,11,333
"SRR5916655",1,285,15750
"SRR5916663",1,382,12349
"SRR5916665",1,539,13213
"SRR5916669",1,393,7801
"SRR5916678",1,414,18400
"SRR5916684",1,457,8691
"SRR5916694",1,444,14159
"SRR5916699",1,484,13810
"SRR5916704",1,916,27514
"SRR5916709",1,1031,32090
"SRR5916710",1,937,23100
"SRR5916714",1,1449,40229
"SRR5916715",1,221,31450
"SRR5916717",1,387,20027
"SRR5916719",1,477,21017
"SRR5916724",1,463,24082
"SRR5916726",1,1029,18405
"SRR5916729",1,637,7849
"SRR5916734",1,859,18508
"SRR5916735",1,400,22644
"SRR5916742",1,582,29546
"SRR5916744",1,295,21211
"SRR5916746",1,793,24114
"SRR5916750",1,597,39555
"SRR5916754",1,1087,35326
"SRR5916757",1,724,17625
"SRR5916766",1,368,16862
"SRR5916770",1,547,21744
"SRR5916777",1,683,22634
"SRR5916786",1,598,16303
"SRR5916789",1,453,12238
"SRR5916793",1,428,9923
"SRR5916797",1,896,19264
"SRR5916805",1,289,28171
"SRR5916817",1,501,20301
"SRR5916822",1,505,14674
"SRR5916825",1,529,16513
"SRR5916829",1,505,13926
"SRR5916835",1,694,11492
"SRR5916839",1,723,14317
"SRR5916841",1,705,13557
"SRR5916847",1,629,20575
"SRR5916849",1,885,20974
"SRR5916854",1,761,25625
"SRR5916855",1,1127,71482
"SRR5916857",1,946,33681
"SRR5916863",1,821,18117
"SRR5916867",1,878,22399
"SRR5916869",1,757,28333
"SRR5916875",1,448,8951
"SRR5916878",1,518,17311
"SRR5916881",1,547,20305
"SRR5916885",1,9,12
"SRR5916890",1,822,12045
"SRR5916894",1,1079,17624
"SRR5916899",1,597,4747
"SRR5916902",1,727,9214
"SRR5916904",1,1290,30802
"SRR5916907",1,996,16537
"SRR5916913",1,313,14916
"SRR5916920",1,695,33655
"SRR5916922",1,1286,51231
"SRR5916931",1,755,27782
"SRR5916935",1,404,15530
"SRR5916938",1,341,10949
"SRR5916945",1,1616,120786
"SRR5916946",1,528,46457
"SRR5916950",1,996,33425
"SRR5916954",1,1545,127516
"SRR5916957",1,544,49107
"SRR5916961",1,1304,98578
"SRR5916962",1,656,13650
"SRR5916969",1,1000,30990
"SRR5916971",1,999,30422
"SRR5916975",1,652,24052
"SRR5916983",1,1113,16934
"SRR5916987",1,988,24407
"SRR5916989",1,991,27187
"SRR5916990",1,350,10195
"SRR5916995",1,276,8565
"SRR5917000",1,237,22726
"SRR5917003",1,395,51323
"SRR5917008",1,687,16324
"SRR5917013",1,649,22636
"SRR5917018",1,522,13021
"SRR5917024",1,386,46745
"SRR5917029",1,456,8201
"SRR5917033",1,530,17816
"SRR5917044",1,849,45873
"SRR5917049",1,808,49791
"SRR5917055",1,1162,38951
"SRR5917062",1,600,17164
"SRR5917068",1,587,17618
"SRR5917074",1,937,14488
"SRR5917076",1,860,13945
"SRR5917080",1,974,15100
"SRR5917083",1,680,16265
"SRR5917085",1,712,17312
"SRR5917093",1,946,16867
"SRR5917094",1,714,26334
"SRR5917100",1,629,22344
"SRR5917110",1,922,29143
"SRR5917111",1,1010,38430
"SRR5917115",1,1603,59063
"SRR5917125",1,1207,25377
"SRR5917129",1,1145,15918
"SRR5917138",1,535,18288
"SRR5917141",1,577,21337
"SRR5917144",1,1027,42809
"SRR5917148",1,608,13188
"SRR5917152",1,706,19786
"SRR5917154",1,372,6635
"SRR5917161",1,588,20993
"SRR5917165",1,302,5733
"SRR5917171",1,353,11066
"SRR5917178",1,926,26618
"SRR5917181",1,1171,44489
"SRR5917182",1,147,572
"SRR5917190",1,1221,41215
"SRR5917192",1,537,3351
"SRR5917197",1,356,15787
"SRR5917201",1,794,15160
"SRR5917208",1,493,15764
"SRR5917212",1,1423,30484
"SRR5917216",1,980,14996
"SRR5917221",1,361,9978
"SRR5917227",1,602,25512
"SRR5917243",1,635,28497
"SRR5917245",1,685,25598
"SRR5917248",1,935,12302
"SRR5917250",1,690,6319
"SRR5917254",1,1202,84993
"SRR5917259",1,415,22213
"SRR5917261",1,303,112681
"SRR5917271",1,1056,36305
"SRR5917275",1,1319,85709
"SRR5917282",1,286,15721
"SRR5917288",1,539,41828
"SRR5917291",1,344,30608
"SRR5917294",1,1506,69861
"SRR5917302",1,387,19664
"SRR5917307",1,1661,91224
"SRR5917310",1,1482,82119
"SRR5917314",1,1358,91607
"SRR5917317",1,434,21620
"SRR5917323",1,1002,26411
"SRR5917327",1,1511,100137
"SRR5917329",1,316,25844
"SRR5917333",1,773,16467
"SRR5917337",1,1118,42861
"SRR5917347",1,507,25928
"SRR5917351",1,942,31537
"SRR5917354",1,1495,37355
"SRR5917360",1,337,17639
"SRR5917363",1,224,19767
"SRR5917367",1,350,15711
"SRR5917376",1,546,24773
"SRR5917380",1,465,12864
"SRR5917385",1,572,21444
"SRR5917396",1,560,14362
"SRR5917403",1,556,21075
"SRR5917408",1,470,20674
"SRR5917413",1,320,11389
"SRR5917418",1,394,10875
"SRR5917419",1,924,38322
"SRR5917430",1,724,12572
"SRR5917434",1,14,20
"SRR5917435",1,321,29592
"SRR5917440",1,1147,25928
"SRR5917445",1,262,9419
"SRR5917449",1,624,24449
"SRR5917452",1,784,16105
"SRR5917456",1,1038,16472
"SRR5917459",1,763,16791
"SRR5917461",1,388,17169
"SRR5917465",1,166,31186
"SRR5917466",1,139,20992
"SRR5917471",1,701,15362
"SRR5917473",1,509,10295
"SRR5917476",1,784,14468
"SRR5917479",1,1092,19059
"SRR5917482",1,587,13026
"SRR5917484",1,727,12481
"SRR5917491",1,712,15436
"SRR5917493",1,443,13960
"SRR5917498",1,1318,20133
"SRR5917501",1,744,15037
"SRR5917508",1,926,22121
"SRR5917517",1,828,17721
"SRR5917521",1,661,19118
"SRR5917522",1,977,19721
"SRR5917524",1,827,21162
"SRR5917529",1,878,18715
"SRR5917530",1,749,11285
"SRR5917533",1,650,12691
"SRR5917535",1,306,4602
"SRR5917536",1,226,6472
"SRR5917541",1,235,8606
"SRR5917545",1,432,12443
"SRR5917550",1,825,18211
"SRR5917554",1,358,18868
"SRR5917558",1,336,16825
"SRR5917560",1,341,16450
"SRR5917561",1,733,16857
"SRR5917563",1,903,20711
"SRR5917565",1,793,13712
"SRR5917567",1,294,14059
"SRR5917570",1,262,6296
"SRR5917572",1,402,12801
"SRR5917577",1,364,13207
"SRR5917578",1,720,12435
"SRR5917583",1,734,20389
"SRR5917584",1,791,17099
"SRR5917586",1,1107,22918
"SRR5917593",1,1133,20741
"SRR5917595",1,305,20416
"SRR5917597",1,959,14438
"SRR5917604",1,998,23043
"SRR5917608",1,8,101
"SRR5917611",1,157,18566
"SRR5917613",1,456,17772
"SRR5917616",1,423,9185
"SRR5917618",1,750,17840
"SRR5917621",1,364,11320
"SRR5917626",1,626,11707
"SRR5917630",1,1086,25873
"SRR5917631",1,1068,19956
"SRR5917634",1,1184,20120
"SRR5917637",1,644,22055
"SRR5917641",1,283,7045
"SRR5917645",1,1222,26281
"SRR5917649",1,334,9701
"SRR5917653",1,690,18345
"SRR5917659",1,957,18306
"SRR5917666",1,937,24183
"SRR5917668",1,1081,17346
"SRR5917672",1,797,16451
"SRR5917673",1,1108,14106
"SRR5917675",1,988,38344
"SRR5917679",1,1042,28123
"SRR5917684",1,786,15780
"SRR5917687",1,407,17018
"SRR5917694",1,576,4968
"SRR5917695",1,888,21665
"SRR5917697",1,760,10956
"SRR5917702",1,855,16288
"SRR5917707",1,478,12002
"SRR5917709",1,879,18930
"SRR5917710",1,1054,15280
"SRR5917712",1,643,13019
"SRR5917715",1,837,26104
"SRR5917718",1,854,16079
"SRR5917723",1,427,7591
"SRR5917726",1,342,20629
"SRR5917727",1,761,16267
"SRR5917732",1,1155,16574
"SRR5917733",1,423,26774
"SRR5917737",1,772,22135
"SRR5917740",1,604,11580
"SRR5917743",1,824,14951
"SRR5917745",1,852,18235
"SRR5917748",1,1070,30367
"SRR5917753",1,1302,20275
"SRR5917758",1,821,16432
"SRR5917759",1,898,18114
"SRR5917764",1,556,15291
"SRR5917765",1,1318,28198
"SRR5917767",1,1145,21231
"SRR5917770",1,811,15735
"SRR5917773",1,867,17672
"SRR5917777",1,956,12001
"SRR5917779",1,515,12584
"SRR5917782",1,758,13701
"SRR5917784",1,887,15151
"SRR5917789",1,188,15606
"SRR5917791",1,938,21032
"SRR5917794",1,610,13406
"SRR5917796",1,1143,33043
"SRR5917799",1,801,16806
"SRR5917802",1,830,18281
"SRR5917805",1,865,9627
"SRR5917807",1,652,17019
"SRR5917810",1,875,20298
"SRR5917811",1,455,8211
"SRR5917814",1,936,17133
"SRR5917817",1,864,18489
"SRR5917823",1,1288,31489
"SRR5917826",1,894,21157
"SRR5917829",1,881,21521
"SRR5917833",1,802,18459
"SRR5917838",1,683,11963
"SRR5917840",1,572,24889
"SRR5917841",1,682,10974
"SRR5917845",1,357,32257
"SRR5917849",1,526,20285
"SRR5917854",1,725,19855
"SRR5917855",1,866,17606
"SRR5917860",1,985,17212
"SRR5917862",1,865,19519
"SRR5917863",1,654,8256
"SRR5917865",1,563,16151
"SRR5917871",1,200,10301
"SRR5917872",1,1476,24160
"SRR5917876",1,722,11544
"SRR5917880",1,1045,24840
"SRR5917883",1,578,17724
"SRR5917886",1,1044,15595
"SRR5918399",1,1312,17949
"SRR5918403",1,1321,24322
"SRR5918405",1,944,16349
"SRR5918409",1,1326,29235
"SRR5918413",1,1085,23010
"SRR5918416",1,731,26515
"SRR5918420",1,1162,23921
"SRR5918424",1,1060,55255
"SRR5918428",1,986,10981
"SRR5918432",1,1020,42807
"SRR5918435",1,683,14248
"SRR5918437",1,459,7890
"SRR5918441",1,998,11833
"SRR5918447",1,713,19201
"SRR5918451",1,954,25892
"SRR5918457",1,1483,47354
"SRR5918461",1,1365,39029
"SRR5918464",1,1941,32269
"SRR5918468",1,1749,26794
"SRR5918475",1,1265,36199
"SRR5918479",1,874,28087
"SRR5918492",1,1511,36335
"SRR5918496",1,1086,30834
"SRR5918499",1,840,31333
"SRR5918503",1,1559,42661
"SRR5918510",1,366,14488
"SRR5918513",1,975,8440
"SRR5918518",1,494,24702
"SRR5918519",1,1193,32536
"SRR5918521",1,1789,49772
"SRR5918525",1,1330,36041
"SRR5918532",1,323,19686
"SRR5918536",1,130,12897
"SRR5918540",1,1146,30636
"SRR5918544",1,1197,30139
"SRR5918546",1,1123,28188
"SRR5918551",1,313,10307
"SRR5918555",1,516,16268
"SRR5918562",1,886,36411
"SRR5918566",1,1503,39408
"SRR5918567",1,1345,32704
"SRR5918571",1,1355,27177
"SRR5918577",1,1034,16460
"SRR5918581",1,627,11215
"SRR5918585",1,1936,43275
"SRR5918587",1,1487,34327
"SRR5918590",1,1025,17299
"SRR5918591",1,978,28444
"SRR5918598",1,1283,28275
"SRR5918602",1,1790,41362
"SRR5918606",1,1235,21461
"SRR5918610",1,1337,22506
"SRR5918612",1,1395,43455
"SRR5918614",1,1956,38597
"SRR5918616",1,1063,29170
"SRR5918620",1,1219,28419
"SRR5918624",1,1311,37519
"SRR5918628",1,1535,33410
"SRR5918636",1,213,13538
"SRR5918640",1,102,5270
"SRR5918644",1,395,18625
"SRR5918647",1,917,24677
"SRR5918652",1,1039,29269
"SRR5918656",1,800,31853
"SRR5918672",1,797,27429
"SRR5918676",1,721,22905
"SRR5918680",1,718,15206
"SRR5918695",1,1086,12602
"SRR5918699",1,496,8226
"SRR5918705",1,1438,37384
"SRR5918709",1,1056,33735
"SRR5918715",1,1202,28584
"SRR5918719",1,598,34885
"SRR5918727",1,890,33612
"SRR5918728",1,1182,19313
"SRR5918732",1,1410,26573
"SRR5918738",1,1223,18634
"SRR5918742",1,1277,29321
"SRR5918760",1,284,7099
"SRR5918762",1,1232,27295
"SRR5918766",1,563,17002
"SRR5918771",1,965,20987
"SRR5918775",1,1146,38965
"SRR5918779",1,582,26674
"SRR5918782",1,1529,40444
"SRR5918786",1,1467,38666
"SRR5918788",1,1509,36406
"SRR5918792",1,391,38819
"SRR5918794",1,206,5617
"SRR5918801",1,313,15642
"SRR5918807",1,1364,39402
"SRR5918826",1,1119,19033
"SRR5918828",1,859,13349
"SRR5918832",1,1052,18173
"SRR5918836",1,1149,33561
"SRR5918840",1,1135,40645
"SRR5918844",1,1116,29855
"SRR5918847",1,1143,42436
"SRR5918848",1,659,31023
"SRR5918851",1,998,19641
"SRR5918871",1,1203,32323
"SRR5918875",1,740,60180
"SRR5918879",1,1365,35766
"SRR5918881",1,752,26236
"SRR5918885",1,533,24817
"SRR5924456",1,469,20991
"SRR5924460",1,496,24066
"SRR5924464",1,402,8335
"SRR5924468",1,956,39165
"SRR5924472",1,1149,39340
"SRR5924474",1,696,17496
"SRR5924476",1,748,9340
"SRR5924479",1,867,16473
"SRR5924482",1,817,15046
"SRR5924486",1,695,12338
"SRR5924487",1,450,14682
"SRR5924492",1,776,25555
"SRR5924496",1,817,11120
"SRR5924498",1,711,17343
"SRR5924503",1,155,14393
"SRR5924505",1,219,20372
"SRR5924507",1,192,6318
"SRR5924509",1,514,21400
"SRR5924513",1,1142,40153
"SRR5924516",1,573,30153
"SRR5924522",1,507,12124
"SRR5924523",1,512,10948
"SRR5924528",1,482,9052
"SRR5924531",1,820,72037
"SRR5924535",1,794,34713
"SRR5924537",1,969,47220
"SRR5924543",1,1079,42000
"SRR5924546",1,740,55558
"SRR5924547",1,846,46495
"SRR5924550",1,235,35205
"SRR5924555",1,881,34138
"SRR5924557",1,804,23140
"SRR5924560",1,567,15657
"SRR5924564",1,438,10128
"SRR5924565",1,608,18684
"SRR5924572",1,613,24975
"SRR5924575",1,316,11188
"SRR5924577",1,231,11231
"SRR5924582",1,489,28278
"SRR5924587",1,512,18945
"SRR5924591",1,485,20215
"SRR5924593",1,755,14538
"SRR5924597",1,885,28122
"SRR5924602",1,772,21855
"SRR5924603",1,966,47842
"SRR5924606",1,760,21061
"SRR5924607",1,830,57287
"SRR5924612",1,773,32479
"SRR5924613",1,1082,30466
"SRR5924617",1,481,15341
"SRR5924622",1,614,15739
"SRR5924626",1,458,11892
"SRR5924628",1,292,5536
"SRR5924629",1,317,5979
"SRR5924631",1,633,8606
"SRR5924635",1,235,3215
"SRR5924638",1,212,6720
"SRR5924645",1,753,22126
"SRR5924646",1,846,34000
"SRR5924651",1,355,3162
"SRR5924652",1,480,14160
"SRR5924654",1,492,18105
"SRR5924661",1,489,19047
"SRR5924665",1,512,15311
"SRR5924668",1,554,13001
"SRR5924673",1,296,17368
"SRR5924677",1,827,32769
"SRR5924680",1,820,29875
"SRR5924683",1,691,34063
"SRR5924686",1,619,18296
"SRR5924690",1,196,6445
"SRR5924693",1,133,10799
"SRR5924697",1,617,36133
"SRR5924701",1,667,12085
"SRR5924705",1,892,21325
"SRR5924711",1,1134,48074
"SRR5924715",1,775,21106
"SRR5924718",1,842,27416
"SRR5924725",1,784,44374
"SRR5924726",1,1062,33906
"SRR5924731",1,590,34743
"SRR5924734",1,390,33883
"SRR5924737",1,1012,48814
"SRR5924741",1,686,11397
"SRR5924742",1,802,17461
"SRR5924747",1,751,18199
"SRR5924753",1,178,14097
"SRR5924755",1,238,3965
"SRR5924759",1,532,27192
"SRR5924762",1,201,3710
"SRR5924765",1,818,17394
"SRR5924766",1,703,28930
"SRR5924770",1,799,24283
"SRR5924775",1,443,13995
"SRR5924779",1,466,6488
"SRR5924783",1,465,13531
"SRR5924785",1,450,11482
"SRR5924786",1,559,9977
"SRR5924788",1,535,13658
"SRR5924792",1,695,19255
"SRR5924797",1,499,13790
"SRR5924799",1,482,25136
"SRR5924801",1,487,25744
"SRR5924804",1,641,28845
"SRR5924810",1,591,52844
"SRR5924815",1,735,44662
"SRR5924820",1,821,29814
"SRR5924824",1,523,33579
"SRR5924831",1,760,15349
"SRR5924834",1,787,28563
"SRR5924839",1,697,22643
"SRR5924840",1,793,26334
"SRR5924845",1,734,12223
"SRR5924849",1,805,20680
"SRR5924852",1,297,9268
"SRR5924857",1,608,28934
"SRR5924860",1,1048,29270
"SRR5924864",1,926,27180
"SRR5924868",1,657,31115
"SRR5924874",1,752,31574
"SRR5924878",1,687,56670
"SRR5924881",1,1043,39529
"SRR5924884",1,1043,38086
"SRR5924888",1,686,51342
"SRR5924891",1,69,5732
"SRR5924896",1,403,14298
"SRR5924900",1,374,7128
"SRR5924904",1,545,15940
"SRR5924908",1,468,14995
"SRR5924909",1,575,33516
"SRR5924913",1,625,20760
"SRR5924916",1,374,14435
"SRR5924920",1,627,15561
"SRR5924922",1,31,2651
"SRR5924927",1,167,6845
"SRR5924930",1,290,6632
"SRR5924932",1,514,15195
"SRR5924937",1,460,6099
"SRR5924939",1,421,12584
"SRR5924942",1,52,9784
"SRR5924946",1,152,16331
"SRR5924949",1,52,1304
"SRR5924952",1,636,34712
"SRR617178",1,3,17
"SRR6400809",1,759,46842
"SRR6400810",1,540,45594
"SRR6400811",1,1682,53687
"SRR6400812",1,1383,39616
"SRR6400813",1,568,43461
"SRR6400814",1,647,34978
"SRR6400815",1,345,33526
"SRR6400816",1,89,14362
"SRR6400817",1,648,41681
"SRR6400818",1,706,22597
"SRR6400819",1,89,5481
"SRR6400820",1,387,91653
"SRR6400821",1,4,89
"SRR6400823",1,29,1352
"SRR6400824",1,69,7155
"SRR6400825",1,37,846
"SRR6400826",1,27,1001
"SRR6400827",1,131,28997
"SRR6400828",1,1185,84260
"SRR6400829",1,1131,44193
"SRR6400830",1,526,57776
"SRR6400831",1,3,90
"SRR6400833",1,43,5228
"SRR6400834",1,39,7792
"SRR6400835",1,1260,68976
"SRR6400836",1,44,2444
"SRR6400837",1,1112,38303
"SRR6400838",1,151,18561
"SRR6400839",1,1224,38213
"SRR6400840",1,217,30968
"SRR6400841",1,498,52112
"SRR6400842",1,464,28590
"SRR6400843",1,836,67800
"SRR6400844",1,20,679
"SRR6400845",1,101,16724
"SRR6400846",1,798,49560
"SRR6400847",1,289,79274
"SRR6400848",1,392,40436
"SRR6400849",1,660,30705
"SRR6400850",1,222,41197
"SRR6400851",1,60,6870
"SRR6400852",1,200,119946
"SRR6400853",1,324,159059
"SRR6400854",1,670,36888
"SRR6400855",1,577,105742
"SRR6400856",1,1306,65920
"SRR6400857",1,979,110001
"SRR6400858",1,27,1020
"SRR6400859",1,64,11998
"SRR6400860",1,70,18392
"SRR6400861",1,7,372
"SRR6400862",1,946,53567
"SRR6400863",1,17,153
"SRR6400864",1,26,1173
"SRR6400865",1,22,1027
"SRR6400866",1,57,1345
"SRR6400867",1,1421,48161
"SRR6400868",1,1434,47600
"SRR6400870",1,1149,42630
"SRR6400871",1,23,730
"SRR6400872",1,79,4262
"SRR6400873",1,2,2
"SRR6400874",1,980,62600
"SRR6400875",1,104,6095
"SRR6400876",1,205,23313
"SRR6400877",1,844,78113
"SRR6400878",1,221,28146
"SRR6400879",1,1065,37056
"SRR6400880",1,20,910
"SRR6400881",1,31,323
"SRR6400882",1,1439,55295
"SRR6400883",1,172,45978
"SRR6400884",1,131,28263
"SRR6400885",1,105,1068
"SRR6400886",1,1385,70943
"SRR6400887",1,683,48479
"SRR6400888",1,15,17
"SRR6400889",1,1260,56506
"SRR6400890",1,12,14
"SRR6400891",1,1193,85755
"SRR6400892",1,651,19835
"SRR6400893",1,548,29708
"SRR6400894",1,22,373
"SRR6400895",1,17,311
"SRR6400896",1,60,4833
"SRR6400897",1,1411,64864
"SRR6400898",1,1154,47011
"SRR6400899",1,32,52
"SRR6400900",1,1583,54650
"SRR6400902",1,2,2
"SRR6400903",1,21,274
"SRR6400904",1,61,1728
"SRR6400905",1,1555,72931
"SRR6400906",1,1310,31005
"SRR6400907",1,17,360
"SRR6400908",1,23,1028
"SRR6400909",1,586,160979
"SRR6400910",1,82,4057
"SRR6400911",1,23,729
"SRR6400912",1,26,1935
"SRR6400913",1,121,30412
"SRR6400914",1,64,14587
"SRR6400915",1,1239,63368
"SRR6400916",1,870,61207
"SRR6400917",1,13,398
"SRR6400918",1,350,42012
"SRR6400919",1,1135,54813
"SRR6400920",1,65,12455
"SRR6400921",1,895,45112
"SRR6400922",1,543,20906
"SRR6400923",1,80,16284
"SRR6400924",1,707,56142
"SRR6400925",1,22,604
"SRR6400926",1,143,40294
"SRR6400927",1,301,67283
"SRR6400928",1,66,11300
"SRR6400929",1,1182,52662
"SRR6400930",1,66,6228
"SRR6400931",1,1199,54212
"SRR6400932",1,1137,73210
"SRR6400933",1,62,14104
"SRR6400934",1,1058,50024
"SRR6400935",1,79,19727
"SRR6400936",1,29,446
"SRR6400937",1,399,75359
"SRR6400938",1,21,457
"SRR6400939",1,693,70048
"SRR6400940",1,568,43921
"SRR6400941",1,78,17536
"SRR6400942",1,56,6097
"SRR6400943",1,450,90645
"SRR6400944",1,151,43113
"SRR6400945",1,46,3851
"SRR6400946",1,1190,68817
"SRR6400947",1,193,210177
"SRR6400948",1,180,133121
"SRR6400949",1,1243,72882
"SRR6400950",1,580,69965
"SRR6400951",1,200,169411
"SRR6400952",1,1120,84033
"SRR6400953",1,930,97180
"SRR6400954",1,22,30
"SRR6400955",1,714,49621
"SRR6400956",1,977,58271
"SRR6400957",1,1420,63279
"SRR6400958",1,16,792
"SRR6400959",1,36,4448
"SRR6400960",1,222,57495
"SRR6400961",1,1031,73941
"SRR6400962",1,4,5
"SRR6400963",1,24,2509
"SRR6400964",1,24,1034
"SRR6400965",1,50,6295
"SRR6400966",1,1051,56853
"SRR6400967",1,1445,71276
"SRR6400968",1,31,2139
"SRR6400969",1,22,1515
"SRR6400970",1,15,325
"SRR6400971",1,54,4826
"SRR6400972",1,133,57288
"SRR6400973",1,29,199
"SRR6400974",1,126,41292
"SRR6400975",1,28,1965
"SRR6400976",1,1430,43055
"SRR6400977",1,1977,72360
"SRR6400978",1,5,7
"SRR6400979",1,53,6712
"SRR6400980",1,32,1807
"SRR6400981",1,1122,111673
"SRR6400982",1,244,33546
"SRR6400983",1,468,55646
"SRR6400984",1,183,61678
"SRR6400985",1,12,12
"SRR6400986",1,1060,78985
"SRR6400987",1,1044,82752
"SRR6400988",1,17,20
"SRR6400989",1,17,499
"SRR6400990",1,32,94
"SRR6400991",1,64,11897
"SRR6400992",1,60,5778
"SRR6400993",1,29,970
"SRR6400994",1,18,21
"SRR6400995",1,14,16
"SRR6400996",1,675,4995
"SRR6400997",1,228,3372
"SRR6401000",1,28,3877
"SRR6401001",1,63,13983
"SRR6401002",1,135,31016
"SRR6401003",1,24,3023
"SRR6401004",1,16,147
"SRR6401005",1,944,61996
"SRR6401006",1,13,199
"SRR6401007",1,700,34315
"SRR6401008",1,707,35130
"SRR6401009",1,45,2880
"SRR6401010",1,1388,34910
"SRR6401011",1,369,99094
"SRR6401012",1,1363,69294
"SRR6401013",1,848,106235
"SRR6401014",1,685,74452
"SRR6401015",1,654,78710
"SRR6401016",1,448,81441
"SRR6401017",1,206,92295
"SRR6401018",1,19,212
"SRR6401019",1,340,125239
"SRR6401020",1,1273,38060
"SRR6401021",1,1548,121949
"SRR6401022",1,49,1056
"SRR6401023",1,63,11370
"SRR6401024",1,881,34526
"SRR6401025",1,1046,45423
"SRR6401026",1,20,22
"SRR6401027",1,17,283
"SRR6401028",1,30,551
"SRR6401029",1,43,3150
"SRR6401030",1,93,12258
"SRR6401031",1,49,696
"SRR6401032",1,67,3107
"SRR6401033",1,44,1403
"SRR6401034",1,1322,56598
"SRR6401035",1,1356,42132
"SRR6401036",1,1510,58985
"SRR6401037",1,1492,51126
"SRR6401038",1,66,10444
"SRR6401039",1,94,26057
"SRR6401040",1,1553,50280
"SRR6401041",1,1411,63237
"SRR6401043",1,89,17991
"SRR6401044",1,14,1065
"SRR6401045",1,142,43378
"SRR6401046",1,447,78202
"SRR6401047",1,40,1263
"SRR6401048",1,96,28216
"SRR6401049",1,10,2394
"SRR6401050",1,3,49
"SRR6401051",1,1221,39272
"SRR6401052",1,484,53176
"SRR6401053",1,683,42362
"SRR6401054",1,219,53081
"SRR6401055",1,230,25592
"SRR6401056",1,1072,83944
"SRR6401057",1,1241,83939
"SRR6401058",1,404,27019
"SRR6401059",1,748,38206
"SRR6401060",1,88,23478
"SRR6401061",1,781,59419
"SRR6401062",1,497,44590
"SRR6401063",1,143,35905
"SRR6401064",1,1359,54404
"SRR6401065",1,96,26407
"SRR6401066",1,132,38966
"SRR6401067",1,82,72007
"SRR6401068",1,80,18428
"SRR6401069",1,54,1132
"SRR6401070",1,17,19
"SRR6401071",1,1482,92940
"SRR6401072",1,1225,51700
"SRR6401073",1,45,493
"SRR6401074",1,1627,60381
"SRR6401075",1,1355,107042
"SRR6401076",1,269,121612
"SRR6401077",1,574,88975
"SRR6401078",1,133,35272
"SRR6401079",1,264,108945
"SRR6401080",1,1552,85543
"SRR6401081",1,1309,72944
"SRR6401082",1,18,82
"SRR6401083",1,23,456
"SRR6401084",1,1409,48532
"SRR6401085",1,1546,68623
"SRR6401086",1,39,5004
"SRR6401087",1,35,8946
"SRR6401088",1,22,1665
"SRR6401089",1,17,24
"SRR6401090",1,1458,59931
"SRR6401091",1,1550,65213
"SRR6401093",1,11,931
"SRR6401094",1,1321,48847
"SRR6401095",1,1240,48497
"SRR6401096",1,187,46004
"SRR6401097",1,173,22210
"SRR6401098",1,226,53727
"SRR6401099",1,431,110632
"SRR6401100",1,1185,61543
"SRR6401101",1,1156,51706
"SRR6401102",1,207,45319
"SRR6401103",1,489,58653
"SRR6401104",1,811,66771
"SRR6401105",1,512,34156
"SRR6401106",1,628,55397
"SRR6401107",1,142,57069
"SRR6401108",1,443,27480
"SRR6401109",1,19,184
"SRR6401110",1,120,20654
"SRR6401111",1,519,30778
"SRR6401112",1,122,28687
"SRR6401113",1,631,46119
"SRR6401114",1,227,85590
"SRR6401115",1,68,17337
"SRR6401116",1,24,184
"SRR6401117",1,45,9808
"SRR6401118",1,935,69063
"SRR6401119",1,759,57388
"SRR6401120",1,95,25611
"SRR6401121",1,13,653
"SRR6401122",1,9,408
"SRR6401123",1,7,11
"SRR6401124",1,51,9641
"SRR6401125",1,341,44886
"SRR6401126",1,332,24852
"SRR6401127",1,560,28111
"SRR6401128",1,1061,35549
"SRR6401129",1,179,34246
"SRR6401130",1,720,37328
"SRR6401131",1,453,72618
"SRR6401132",1,422,47249
"SRR6401133",1,1172,55912
"SRR6401134",1,962,50504
"SRR6401135",1,1366,58628
"SRR6401136",1,9,12
"SRR6401137",1,22,2025
"SRR6401138",1,1381,31156
"SRR6401139",1,62,6877
"SRR6401140",1,1482,53366
"SRR6401141",1,14,24
"SRR6401142",1,15,135
"SRR6401143",1,1336,65282
"SRR6401144",1,7,75
"SRR6401145",1,56,1281
"SRR6401146",1,500,75321
"SRR6401147",1,544,76945
"SRR6401148",1,849,30335
"SRR6401149",1,788,40328
"SRR6401150",1,95,17141
"SRR6401151",1,1354,26326
"SRR6401152",1,351,28146
"SRR6401153",1,330,24807
"SRR6401154",1,512,32560
"SRR6401155",1,74,37271
"SRR6401156",1,46,5890
"SRR6401157",1,970,47853
"SRR6401158",1,777,40408
"SRR6401159",1,91,23342
"SRR6401160",1,69,6838
"SRR6401161",1,146,158227
"SRR6401162",1,37,3346
"SRR6401163",1,40,1628
"SRR6401164",1,57,17501
"SRR6401165",1,800,65309
"SRR6401166",1,1116,50683
"SRR6401167",1,660,28008
"SRR6401168",1,1146,28197
"SRR6401169",1,1547,63101
"SRR6401170",1,1286,53749
"SRR6401171",1,67,15838
"SRR6401172",1,104,24359
"SRR6401173",1,1083,28813
"SRR6401174",1,1350,33283
"SRR6401175",1,152,31055
"SRR6401177",1,597,91588
"SRR6401178",1,883,60607
"SRR6401179",1,765,81710
"SRR6401180",1,850,72848
"SRR6401181",1,202,46506
"SRR6401182",1,256,50807
"SRR6401183",1,1388,62570
"SRR6401184",1,1276,57777
"SRR6401185",1,20,605
"SRR6401186",1,4,7
"SRR6401187",1,276,92558
"SRR6401188",1,1094,85974
"SRR6401189",1,64,10720
"SRR6401190",1,67,13601
"SRR6401191",1,1095,43661
"SRR6401192",1,844,48432
"SRR6401193",1,30,805
"SRR6401194",1,912,53930
"SRR6401195",1,721,32680
"SRR6401196",1,702,53503
"SRR6401197",1,862,50874
"SRR6401198",1,1093,43428
"SRR6401199",1,783,49199
"SRR6401200",1,156,100739
"SRR6401201",1,313,19212
"SRR6401202",1,941,97222
"SRR6401203",1,14,277
"SRR6401204",1,13,225
"SRR6401205",1,6,25
"SRR6401206",1,35,3359
"SRR6401207",1,88,12702
"SRR6401208",1,16,185
"SRR6401209",1,1092,37685
"SRR6401210",1,1085,56594
"SRR6401211",1,1186,29038
"SRR6401212",1,1327,32751
"SRR6401213",1,20,54
"SRR6401214",1,9,112
"SRR6401215",1,1131,33248
"SRR6401216",1,1426,48130
"SRR6401217",1,38,519
"SRR6401218",1,12,16
"SRR6401219",1,52,15389
"SRR6401220",1,18,637
"SRR6401221",1,76,21203
"SRR6401222",1,37,5083
"SRR6401223",1,76,17251
"SRR6401224",1,34,2776
"SRR6401225",1,35,2464
"SRR6401226",1,23,672
"SRR6401227",1,56,11690
"SRR6401228",1,59,11107
"SRR6401229",1,881,57032
"SRR6401230",1,565,79434
"SRR6401231",1,1268,39373
"SRR6401232",1,1366,50296
"SRR6401233",1,1682,95742
"SRR6401234",1,1466,62682
"SRR6401235",1,806,40540
"SRR6401236",1,1217,39275
"SRR6401237",1,306,79579
"SRR6401238",1,750,57713
"SRR6401239",1,1011,71150
"SRR6401240",1,239,24191
"SRR6401241",1,83,9819
"SRR6401242",1,1363,46038
"SRR6401243",1,2,2
"SRR6401244",1,25,116
"SRR6401245",1,163,51299
"SRR6401246",1,1031,51904
"SRR6401247",1,308,107043
"SRR6401248",1,491,23962
"SRR6401249",1,1119,55965
"SRR6401250",1,66,15957
"SRR6401251",1,839,21643
"SRR6401252",1,1011,39139
"SRR6401253",1,927,44093
"SRR6401254",1,845,27721
"SRR6401255",1,11,185
"SRR6401256",1,11,195
"SRR6401257",1,5,6
"SRR6401258",1,10,10
"SRR6401259",1,896,55439
"SRR6401260",1,514,116424
"SRR6401261",1,364,93752
"SRR6401262",1,556,64529
"SRR6401263",1,18,768
"SRR6401264",1,16,506
"SRR6401265",1,48,3007
"SRR6401266",1,141,36326
"SRR6401267",1,872,53471
"SRR6401268",1,66,11643
"SRR6401269",1,293,25198
"SRR6401270",1,894,65072
"SRR6401271",1,150,44676
"SRR6401272",1,68,5162
"SRR6401273",1,1033,83220
"SRR6401274",1,86,13682
"SRR6401275",1,15,32
"SRR6401276",1,968,66786
"SRR6401277",1,34,251
"SRR6401278",1,25,34
"SRR6401279",1,592,63828
"SRR6401280",1,30,510
"SRR6401281",1,27,1403
"SRR6401282",1,1295,38785
"SRR6401283",1,37,1658
"SRR6401284",1,38,710
"SRR6401285",1,1617,50736
"SRR6401286",1,29,4837
"SRR6401287",1,832,34769
"SRR6401288",1,23,916
"SRR6401289",1,20,1190
"SRR6401290",1,33,1612
"SRR6401291",1,21,1427
"SRR6401292",1,17,202
"SRR6401293",1,10,571
"SRR6401294",1,916,49796
"SRR6401295",1,523,50317
"SRR6401296",1,184,22827
"SRR6401297",1,31,878
"SRR6401298",1,685,49791
"SRR6401299",1,1148,51058
"SRR6401300",1,34,5295
"SRR6401301",1,970,46612
"SRR6401302",1,182,78012
"SRR6401303",1,24,32
"SRR6401304",1,548,63726
"SRR6401305",1,451,76251
"SRR6401306",1,376,103733
"SRR6401307",1,35,1035
"SRR6401308",1,32,1710
"SRR6401324",1,135,2396
"SRR6401326",1,127,3390
"SRR6401328",1,76,2564
"SRR6401330",1,65,3002
"SRR6401332",1,73,3024
"SRR6401335",1,80,10050
"SRR6401337",1,38,28571
"SRR6401339",1,174,10098
"SRR6401341",1,152,8787
"SRR6401343",1,69,31437
"SRR6401344",1,66,3984
"SRR6401347",1,108,991
"SRR6401349",1,190,3408
"SRR6401351",1,125,2548
"SRR6401353",1,116,6405
"SRR6401355",1,126,4497
"SRR6401358",1,280,16574
"SRR6401375",1,444,26012
"SRR6401376",1,284,75898
"SRR6401377",1,527,33722
"SRR6401378",1,772,38959
"SRR6401379",1,297,50967
"SRR6401380",1,17,490
"SRR6401381",1,18,490
"SRR6401382",1,400,28368
"SRR6401383",1,690,36103
"SRR6401384",1,395,32052
"SRR6401386",1,126,2566
"SRR6401388",1,216,6423
"SRR6401390",1,6,505
"SRR6401392",1,17,3572
"SRR6401394",1,99,4052
"SRR6401396",1,125,5109
"SRR6401398",1,58,947
"SRR6401400",1,78,1465
"SRR6401402",1,100,1744
"SRR6401404",1,52,918
"SRR6401411",1,7,453
"SRR6401413",1,2,4
"SRR6401415",1,2,170
"SRR6401417",1,13,496
"SRR6401443",1,480,38302
"SRR6401444",1,913,53211
"SRR6401445",1,95,16697
"SRR6401446",1,582,42931
"SRR6401448",1,202,58631
"SRR6401449",1,430,35771
"SRR6401450",1,815,33929
"SRR6401451",1,511,32057
"SRR6401463",1,576,40433
"SRR6401464",1,879,50755
"SRR6401465",1,652,58383
"SRR6401466",1,374,114377
"SRR6401467",1,202,13817
"SRR6401468",1,486,34290
"SRR6401469",1,562,36464
"SRR6401470",1,471,8436
"SRR6401471",1,810,49476
"SRR6401472",1,493,65576
"SRR6401473",1,69,6548
"SRR6401474",1,131,27071
"SRR6401476",1,17,22
"SRR6401479",1,343,22806
"SRR6401481",1,82,6698
"SRR6401482",1,142,32980
"SRR6401483",1,229,50288
"SRR6401485",1,315,15588
"SRR6401487",1,174,9037
"SRR6401489",1,304,14612
"SRR6401491",1,263,8463
"SRR6401493",1,164,9191
"SRR6401495",1,389,27242
"SRR6401497",1,414,21681
"SRR6401499",1,499,51239
"SRR6401512",1,27,199
"SRR6401514",1,53,3708
"SRR6401516",1,26,3065
"SRR6401518",1,23,126
"SRR6401520",1,20,116
"SRR6401527",1,21,90
"SRR6401528",1,399,34482
"SRR6401529",1,406,32936
"SRR6401530",1,164,54844
"SRR6401531",1,278,29954
"SRR6401532",1,139,28850
"SRR6401533",1,56,4738
"SRR6401534",1,223,11280
"SRR6401535",1,86,12426
"SRR6401536",1,397,25578
"SRR6401553",1,29,692
"SRR6401557",1,2,60
"SRR6401561",1,30,465
"SRR6401563",1,17,964
"SRR6401564",1,277,13352
"SRR6401590",1,65,1310
"SRR6401592",1,64,1207
"SRR6401594",1,91,2863
"SRR6401596",1,123,28197
"SRR6401598",1,263,9820
"SRR6401600",1,260,13722
"SRR6401602",1,170,9693
"SRR6401604",1,172,6593
"SRR6401605",1,114,5836
"SRR6401608",1,453,40563
"SRR6401613",1,407,24366
"SRR6401627",1,1,1
"SRR6401629",1,3,3
"SRR6401631",1,1,61
"SRR6401633",1,82,915
"SRR6401635",1,2,19
"SRR6401637",1,386,28316
"SRR6401638",1,129,11955
"SRR6401639",1,79,20088
"SRR6401640",1,183,85276
"SRR6401641",1,210,61321
"SRR6401642",1,63,3310
"SRR6401643",1,199,70558
"SRR6401644",1,34,1568
"SRR6401645",1,56,9681
"SRR6401646",1,229,53106
"SRR6401648",1,86,1150
"SRR6401668",1,24,535
"SRR6401669",1,363,15385
"SRR6401674",1,82,1645
"SRR6401676",1,84,1225
"SRR6401678",1,99,1844
"SRR6401680",1,384,22194
"SRR6401682",1,330,15087
"SRR6401693",1,11,1043
"SRR6401695",1,15,1801
"SRR6401697",1,51,4958
"SRR6401699",1,213,7267
"SRR6401700",1,137,3406
"SRR6401702",1,146,2115
"SRR6401704",1,103,5484
"SRR6401706",1,91,3264
"SRR6401708",1,202,3730
"SRR6401718",1,35,61
"SRR6401719",1,107,14196
"SRR6401732",1,227,8875
"SRR6401734",1,11,2841
"SRR6401736",1,284,9357
"SRR6401742",1,285,28299
"SRR6401744",1,483,32695
"SRR6401746",1,547,33779
"SRR6401748",1,512,27279
"SRR6401750",1,596,37085
"SRR6401763",1,13,1397
"SRR6401765",1,44,1530
"SRR6401767",1,22,1895
"SRR6401769",1,27,1717
"SRR6401771",1,5,513
"SRR6401773",1,345,16156
"SRR6401775",1,606,43917
"SRR6401776",1,228,25108
"SRR6401777",1,322,103789
"SRR6401778",1,335,50849
"SRR6401779",1,34,1433
"SRR6401780",1,496,29766
"SRR6401781",1,571,29750
"SRR6401782",1,232,19800
"SRR6401783",1,327,28452
"SRR6401784",1,253,76841
"SRR6401785",1,279,13913
"SRR6401790",1,178,38003
"SRR6401791",1,102,9942
"SRR6401802",1,1,1
"SRR6471204",1,212,26361
"SRR6471205",1,244,19808
"SRR6471206",1,321,51044
"SRR6471207",1,279,31104
"SRR6471208",1,188,23378
"SRR6471209",1,233,39724
"SRR6471210",1,496,46287
"SRR6471211",1,328,24721
"SRR6471212",1,354,49651
"SRR6471213",1,353,51005
"SRR6471214",1,215,57649
"SRR6471215",1,453,25797
"SRR6471216",1,7,611
"SRR6471217",1,7,1230
"SRR6471218",1,5,293
"SRR6471219",1,28,4346
"SRR6471221",1,2,2
"SRR6471222",1,6,430
"SRR6471223",1,13,1761
"SRR6471244",1,407,30938
"SRR6471245",1,252,66412
"SRR6471246",1,350,46681
"SRR6471247",1,32,747
"SRR6471248",1,344,95289
"SRR6471249",1,269,64332
"SRR6471250",1,150,42616
"SRR6471251",1,177,114045
"SRR6471252",1,851,135736
"SRR6471253",1,561,43143
"SRR6471254",1,114,11825
"SRR6471255",1,14,1683
"SRR6471256",1,73,5486
"SRR6471257",1,60,5269
"SRR6471258",1,12,825
"SRR6471259",1,800,108742
"SRR6471270",1,549,57526
"SRR6471271",1,17,21
"SRR6471272",1,1241,39864
"SRR6471273",1,884,28386
"SRR6471274",1,862,41125
"SRR6471275",1,127,20847
"SRR6471276",1,473,33505
"SRR6471277",1,809,25679
"SRR6471278",1,394,72346
"SRR6471279",1,192,37822
"SRR6471290",1,241,19472
"SRR6471291",1,283,40404
"SRR6471292",1,196,45973
"SRR6471293",1,188,40074
"SRR6471294",1,290,50961
"SRR6471295",1,280,70669
"SRR6471296",1,128,14815
"SRR6471297",1,98,24110
"SRR6471298",1,58,3015
"SRR6471299",1,42,37292
"SRR6471300",1,21,1406
"SRR6471301",1,602,93241
"SRR6471302",1,933,41806
"SRR6471303",1,39,3889
"SRR6471304",1,34,4829
"SRR6471306",1,7,155
"SRR6471307",1,1290,107797
"SRR6471308",1,1595,84667
"SRR6471309",1,1091,39814
"SRR6471310",1,582,18769
"SRR6471311",1,378,68344
"SRR6471312",1,320,42903
"SRR6471313",1,254,42364
"SRR6471314",1,764,91805
"SRR6471315",1,462,54169
"SRR6471316",1,406,63885
"SRR6471317",1,163,14508
"SRR6471318",1,70,5719
"SRR6471319",1,1016,76029
"SRR6471320",1,421,48486
"SRR6471321",1,351,102207
"SRR6471324",1,1159,48195
"SRR6471325",1,78,6937
"SRR6471326",1,264,66449
"SRR6471330",1,366,31641
"SRR6471336",1,28,216
"SRR6471337",1,71,4594
"SRR6471338",1,287,57323
"SRR6471339",1,14,23
"SRR6471340",1,44,1662
"SRR6471341",1,591,35790
"SRR6471342",1,476,71603
"SRR6471343",1,817,30981
"SRR6471344",1,102,13561
"SRR6471345",1,1027,39023
"SRR6471346",1,587,50983
"SRR6471349",1,28,2904
"SRR6471351",1,584,29346
"SRR6471352",1,513,34278
"SRR6471353",1,580,44205
"SRR6471354",1,317,24453
"SRR6471355",1,148,50163
"SRR6471376",1,317,18403
"SRR6471377",1,993,44425
"SRR6471378",1,1111,44414
"SRR6471379",1,31,2926
"SRR6471380",1,13,107
"SRR6471381",1,132,39889
"SRR6471390",1,147,23367
"SRR6471391",1,523,26417
"SRR6471393",1,29,117
"SRR6471394",1,26,1815
"SRR6471395",1,221,13510
"SRR6471396",1,41,9343
"SRR6471397",1,72,5864
"SRR6471398",1,168,30204
"SRR6471399",1,32,432
"SRR6471400",1,72,5921
"SRR6471401",1,28,4781
"SRR6471402",1,1244,37150
"SRR6471403",1,205,33908
"SRR6471404",1,30,2623
"SRR6471405",1,704,87856
"SRR6471406",1,57,3759
"SRR6471407",1,306,92894
"SRR6471408",1,1079,81620
"SRR6471409",1,413,58240
"SRR6471410",1,139,12911
"SRR6471411",1,222,59631
"SRR6471412",1,324,54976
"SRR6471415",1,344,3617
"SRR6471417",1,1140,45764
"SRR6471418",1,667,91978
"SRR6471421",1,246,22659
"SRR6471429",1,382,24182
"SRR6471430",1,261,39492
"SRR6471431",1,1326,59876
"SRR6471432",1,181,36254
"SRR6471433",1,694,114259
"SRR6471434",1,19,484
"SRR6471435",1,534,99203
"SRR6471436",1,1142,60439
"SRR6471437",1,152,18516
"SRR6471438",1,502,33798
"SRR6471449",1,408,84613
"SRR6471450",1,42,3249
"SRR6471451",1,691,31414
"SRR6471452",1,588,53757
"SRR6471453",1,979,45520
"SRR6471454",1,1202,62133
"SRR6471455",1,151,29046
"SRR6471456",1,1035,66359
"SRR6471457",1,491,195843
"SRR6471460",1,102,19302
"SRR6471461",1,192,15569
"SRR6471462",1,626,53474
"SRR6471463",1,45,2803
"SRR6471464",1,870,62899
"SRR6471466",1,529,75024
"SRR6471468",1,18,575
"SRR6471470",1,31,304
"SRR6471473",1,341,32013
"SRR6471474",1,355,19558
"SRR6471475",1,335,30828
"SRR6471476",1,401,43074
"SRR6471479",1,394,36899
"SRR6471480",1,576,37884
"SRR6471481",1,271,39873
"SRR6471482",1,18,691
"SRR6471503",1,1218,30928
"SRR6471504",1,481,8726
"SRR6471505",1,859,95347
"SRR6471506",1,1154,37544
"SRR6471507",1,11,139
"SRR6471508",1,499,41071
"SRR6471509",1,20,26
"SRR6471510",1,34,353
"SRR6471511",1,957,67068
"SRR6471512",1,923,71201
"SRR6471513",1,645,111028
"SRR6471514",1,195,42440
"SRR6471515",1,472,41936
"SRR6471516",1,632,88195
"SRR6471517",1,615,52433
"SRR6471518",1,888,50777
"SRR6471520",1,13,1350
"SRR6471521",1,32,2799
"SRR6471523",1,72,11969
"SRR6471524",1,14,851
"SRR6471525",1,1072,47531
"SRR6471526",1,293,12870
"SRR6471527",1,354,74905
"SRR6471528",1,496,47704
"SRR6471530",1,222,30662
"SRR6471531",1,757,80278
"SRR6471532",1,701,49411
"SRR6471533",1,573,40177
"SRR6471534",1,1182,38733
"SRR6471535",1,1171,73729
"SRR6471536",1,279,14613
"SRR6471537",1,1270,85167
"SRR6471554",1,1392,49766
"SRR6471555",1,802,31977
"SRR6471556",1,112,14513
"SRR6471557",1,1246,54938
"SRR6471558",1,553,35217
"SRR6471559",1,304,25637
"SRR6471560",1,1578,46240
"SRR6471561",1,466,68507
"SRR6471562",1,8,249
"SRR6471563",1,1546,78454
"SRR6471565",1,47,559
"SRR6471566",1,33,2151
"SRR6471567",1,20,1602
"SRR6471568",1,1463,58933
"SRR6471569",1,1085,90995
"SRR6471570",1,122,8610
"SRR6471571",1,193,20233
"SRR6471572",1,29,151
"SRR6471573",1,34,146
"SRR6471574",1,1294,60764
"SRR6471575",1,123,21838
"SRR6471576",1,1062,59804
"SRR6471577",1,116,9476
"SRR6471578",1,680,109381
"SRR6471579",1,851,39543
"SRR6471580",1,448,75002
"SRR6656729",1,148,28853
"SRR6656730",1,541,35824
"SRR6656731",1,741,48764
"SRR6656732",1,175,16312
"SRR6656733",1,186,2803
"SRR6656734",1,616,43564
"SRR6656735",1,256,19360
"SRR6656736",1,119,2488
"SRR6656737",1,379,41852
"SRR6656738",1,295,16512
"SRR6656739",1,184,3833
"SRR6656740",1,484,19565
"SRR6656741",1,525,55220
"SRR6656742",1,217,20051
"SRR6656743",1,60,1288
"SRR6656744",1,517,70180
"SRR6656745",1,267,9170
"SRR6656746",1,300,24233
"SRR6656747",1,348,21078
"SRR6656748",1,369,51428
"SRR6656749",1,380,44811
"SRR6656750",1,311,30280
"SRR6656751",1,364,29118
"SRR6656753",1,286,12643
"SRR6656754",1,749,28514
"SRR6656755",1,490,13799
"SRR6656756",1,450,12852
"SRR6656757",1,264,10762
"SRR6656758",1,374,18550
"SRR6656759",1,660,65394
"SRR6656760",1,619,23360
"SRR6656761",1,347,7982
"SRR6656762",1,284,25639
"SRR6656763",1,283,13988
"SRR6656764",1,358,38603
"SRR6656765",1,631,359266
"SRR6656766",1,401,51769
"SRR6656767",1,397,48226
"SRR6656769",1,377,51241
"SRR6656770",1,325,23595
"SRR6656771",1,127,24206
"SRR6656772",1,99,966
"SRR6656773",1,458,11932
"SRR6656774",1,253,16283
"SRR6656775",1,261,9980
"SRR6656776",1,243,8374
"SRR6656777",1,232,9734
"SRR6656778",1,348,20339
"SRR6656779",1,385,53487
"SRR6656780",1,489,44546
"SRR6656781",1,534,24356
"SRR6656782",1,459,17825
"SRR6656783",1,413,19762
"SRR6656784",1,292,10237
"SRR6656785",1,465,32102
"SRR6656786",1,551,33628
"SRR6656787",1,570,35333
"SRR6656788",1,578,46386
"SRR6656789",1,316,7019
"SRR6656790",1,510,18204
"SRR6656791",1,466,8164
"SRR6656792",1,405,14805
"SRR6656793",1,720,26455
"SRR6656794",1,202,14738
"SRR6656795",1,516,24436
"SRR6656796",1,158,2346
"SRR6656854",1,130,1482
"SRR6656855",1,155,3572
"SRR6656856",1,232,7378
"SRR6656857",1,194,14548
"SRR6656858",1,327,13547
"SRR6656859",1,268,7595
"SRR6656860",1,199,4523
"SRR6656861",1,230,8638
"SRR6656862",1,127,1373
"SRR6656863",1,232,6289
"SRR6656864",1,370,10274
"SRR6656865",1,464,33261
"SRR6656866",1,495,30285
"SRR6656867",1,438,18159
"SRR6656868",1,450,42579
"SRR6656869",1,473,10539
"SRR6656870",1,469,12709
"SRR6656871",1,313,5410
"SRR6656872",1,427,6751
"SRR6656873",1,295,4646
"SRR6656874",1,347,23894
"SRR6656875",1,202,4472
"SRR6656876",1,543,131452
"SRR6656877",1,432,57845
"SRR6656878",1,236,9990
"SRR6656879",1,403,41951
"SRR6656880",1,381,56136
"SRR6656881",1,417,41742
"SRR6656882",1,366,44637
"SRR6656883",1,251,16316
"SRR6656884",1,402,10010
"SRR6656885",1,367,30969
"SRR6656886",1,393,39953
"SRR6656887",1,177,39228
"SRR6656888",1,505,22878
"SRR6656889",1,432,19110
"SRR6656890",1,415,14622
"SRR6656891",1,140,2376
"SRR6656892",1,306,12479
"SRR6656893",1,427,31505
"SRR6656894",1,487,19320
"SRR6656895",1,263,8323
"SRR6656896",1,421,33961
"SRR6656897",1,278,7525
"SRR6656898",1,422,23561
"SRR6656899",1,309,16606
"SRR6656900",1,270,13304
"SRR6656901",1,307,14279
"SRR6656902",1,341,19308
"SRR6656903",1,368,20139
"SRR6656904",1,334,22542
"SRR6656905",1,264,10663
"SRR6656906",1,298,18583
"SRR6656907",1,229,13672
"SRR6656908",1,297,25037
"SRR6656909",1,368,26162
"SRR6656910",1,318,15511
"SRR6656911",1,328,7535
"SRR6656912",1,503,17809
"SRR6656913",1,93,1757
"SRR7033298",1,1035,66359
"SRR7033300",1,979,45520
"SRR7033302",1,1202,62133
"SRR7033312",1,491,195843
"SRR7033314",1,18,575
"SRR7033316",1,31,304
"SRR7033318",1,45,2803
"SRR7033320",1,870,62899
"SRR7033321",1,1171,73729
"SRR7033323",1,222,30662
"SRR7033325",1,757,80278
"SRR7033327",1,701,49411
"SRR7033329",1,573,40177
"SRR7033342",1,151,29046
"SRR7033354",1,42,3249
"SRR7033356",1,534,99203
"SRR7033358",1,382,24182
"SRR7033360",1,261,39492
"SRR7033362",1,1326,59876
"SRR7033364",1,181,36254
"SRR7033366",1,582,18769
"SRR7033368",1,32,747
"SRR7033370",1,73,5486
"SRR7033372",1,60,5269
"SRR7033374",1,12,825
"SRR7033397",1,116,9476
"SRR7033399",1,462,54169
"SRR7033401",1,851,39543
"SRR7033403",1,680,109381
"SRR7033407",1,764,91805
"SRR7033446",1,588,53757
"SRR7033448",1,408,84613
"SRR7033450",1,626,53474
"SRR7033452",1,691,31414
"SRR7033454",1,192,15569
"SRR7033456",1,19,484
"SRR7033458",1,152,18516
"SRR7033460",1,1142,60439
"SRR7033462",1,694,114259
"SRR7033464",1,502,33798
"SRR7033466",1,1027,39023
"SRR7033468",1,71,4594
"SRR7033470",1,102,13561
"SRR7033472",1,14,23
"SRR7033474",1,28,216
"SRR7033477",1,1294,60764
"SRR7033479",1,122,8610
"SRR7033481",1,193,20233
"SRR7033483",1,29,151
"SRR7033485",1,34,146
"SRR7033507",1,114,11825
"SRR7033509",1,448,75002
"SRR7033511",1,14,1683
"SRR7033512",1,366,31641
"SRR7033514",1,264,66449
"SRR7033516",1,1062,59804
"SRR7033518",1,123,21838
"SRR7033520",1,851,135736
"SRR7033522",1,561,43143
"SRR7033523",1,923,71201
"SRR7033525",1,645,111028
"SRR7033527",1,195,42440
"SRR7033529",1,344,3617
"SRR7033542",1,957,67068
"SRR7033553",1,47,559
"SRR7033555",1,33,2151
"SRR7033557",1,20,1602
"SRR7033559",1,1463,58933
"SRR7033561",1,1085,90995
"SRR7033576",1,476,71603
"SRR7033578",1,817,30981
"SRR7033580",1,44,1662
"SRR7033582",1,591,35790
"SRR7033584",1,287,57323
"SRR7033586",1,1392,49766
"SRR7033588",1,802,31977
"SRR7033590",1,112,14513
"SRR7033592",1,1246,54938
"SRR7033594",1,304,25637
"SRR7033596",1,31,2926
"SRR7033598",1,18,691
"SRR7033600",1,1072,47531
"SRR7033602",1,13,107
"SRR7033604",1,132,39889
"SRR7033605",1,704,87856
"SRR7033607",1,57,3759
"SRR7033609",1,306,92894
"SRR7033611",1,1079,81620
"SRR7033613",1,222,59631
"SRR7033623",1,30,2623
"SRR7033638",1,529,75024
"SRR7033646",1,102,19302
"SRR7033647",1,139,12911
"SRR7033649",1,205,33908
"SRR7033651",1,324,54976
"SRR7033653",1,413,58240
"SRR7033656",1,421,48486
"SRR7033658",1,351,102207
"SRR7033664",1,1016,76029
"SRR7033666",1,615,52433
"SRR7033668",1,888,50777
"SRR7033670",1,667,91978
"SRR7033672",1,246,22659
"SRR7033673",1,499,41071
"SRR7033685",1,8,249
"SRR7033687",1,466,68507
"SRR7033689",1,553,35217
"SRR7033691",1,1546,78454
"SRR7033693",1,1578,46240
"SRR7033696",1,21,1406
"SRR7033698",1,602,93241
"SRR7033700",1,933,41806
"SRR7033702",1,39,3889
"SRR7033704",1,34,4829
"SRR7033716",1,1159,48195
"SRR7033718",1,78,6937
"SRR7033720",1,406,63885
"SRR7033722",1,163,14508
"SRR7033724",1,70,5719
"SRR7033729",1,1270,85167
"SRR7033731",1,1182,38733
"SRR7033733",1,496,47704
"SRR7033735",1,279,14613
"SRR7033737",1,354,74905
"SRR7033747",1,800,108742
"SRR7033761",1,7,155
"SRR7033763",1,1290,107797
"SRR7033765",1,1595,84667
"SRR7033767",1,1091,39814
"SRR7033770",1,411,14188
"SRR7033774",1,650,19544
"SRR7033776",1,508,13185
"SRR7033777",1,674,22314
"SRR7033779",1,509,11950
"SRR7033786",1,545,18701
"SRR7033788",1,744,17472
"SRR7033789",1,473,8676
"SRR7033794",1,360,6928
"SRR7033795",1,670,29269
"SRR7033796",1,490,9356
"SRR7033799",1,483,13787
"SRR7033802",1,418,6680
"SRR7033805",1,427,9725
"SRR7033808",1,772,13547
"SRR7033811",1,730,10137
"SRR7033814",1,514,29448
"SRR7033816",1,947,23410
"SRR7033819",1,783,10491
"SRR7033821",1,607,6402
"SRR7033824",1,502,4953
"SRR7033827",1,763,9436
"SRR7033830",1,752,8797
"SRR7033832",1,759,8873
"SRR7033835",1,715,22939
"SRR7033837",1,277,13592
"SRR7033838",1,526,7138
"SRR7033841",1,837,26843
"SRR7033844",1,928,29397
"SRR7033846",1,747,27337
"SRR7033849",1,770,10139
"SRR7033853",1,752,16871
"SRR7033858",1,635,18749
"SRR7033859",1,660,13883
"SRR7033862",1,821,12799
"SRR7033865",1,491,16474
"SRR7033870",1,564,11815
"SRR7033877",1,723,10265
"SRR7033879",1,612,7711
"SRR7033880",1,759,11915
"SRR7033882",1,1037,13135
"SRR7033886",1,367,50352
"SRR7033889",1,374,6774
"SRR7033893",1,693,22530
"SRR7033894",1,617,19652
"SRR7033899",1,20,977
"SRR7033900",1,282,3088
"SRR7033902",1,542,7054
"SRR7033909",1,444,4659
"SRR7033911",1,614,15719
"SRR7033913",1,699,27487
"SRR7033916",1,631,20960
"SRR7033919",1,839,19689
"SRR7033925",1,687,28012
"SRR7033933",1,604,26790
"SRR7033934",1,814,18210
"SRR7033936",1,261,33628
"SRR7033941",1,913,23670
"SRR7033942",1,838,20277
"SRR7033947",1,789,18041
"SRR7033948",1,926,32391
"SRR7033952",1,378,9035
"SRR7033957",1,295,8263
"SRR7033958",1,617,25692
"SRR7033961",1,501,15873
"SRR7033962",1,942,29067
"SRR7033968",1,481,15629
"SRR7033969",1,943,11311
"SRR7033971",1,635,12793
"SRR7033975",1,676,11843
"SRR7033980",1,383,8993
"SRR7033983",1,312,12112
"SRR7033985",1,308,3907
"SRR7033988",1,265,22509
"SRR7033992",1,498,3670
"SRR7033994",1,353,8212
"SRR7033995",1,8,10
"SRR7033997",1,553,14570
"SRR7034004",1,717,26390
"SRR7034005",1,586,6362
"SRR7034008",1,562,11925
"SRR7034013",1,494,12443
"SRR7034015",1,449,5389
"SRR7034018",1,565,7095
"SRR7034019",1,386,6176
"SRR7034024",1,439,5880
"SRR7034025",1,1038,30903
"SRR7034027",1,595,17064
"SRR7034029",1,639,15390
"SRR7034036",1,669,20350
"SRR7034039",1,696,6916
"SRR7034042",1,249,25939
"SRR7034045",1,335,16141
"SRR7034051",1,430,11321
"SRR7034052",1,345,6931
"SRR7034054",1,425,8027
"SRR7034061",1,628,18424
"SRR7034062",1,539,10715
"SRR7034067",1,502,9155
"SRR7034068",1,703,11681
"SRR7034072",1,438,15688
"SRR7034074",1,404,6416
"SRR7034081",1,441,13203
"SRR7034082",1,320,6072
"SRR7034084",1,799,14941
"SRR7034089",1,838,16471
"SRR7034094",1,647,17365
"SRR7034096",1,672,13970
"SRR7034098",1,594,31949
"SRR7034105",1,309,53834
"SRR7034107",1,533,23863
"SRR7034111",1,657,20938
"SRR7034112",1,661,24266
"SRR7034117",1,701,35515
"SRR7034119",1,381,9634
"SRR7034122",1,657,17923
"SRR7034125",1,842,12684
"SRR7034129",1,608,11095
"SRR7034134",1,519,9401
"SRR7034136",1,801,22179
"SRR7034139",1,800,24837
"SRR7034140",1,927,27002
"SRR7034145",1,750,20070
"SRR7034146",1,729,21352
"SRR7034147",1,817,31173
"SRR7034150",1,408,7393
"SRR7034155",1,519,12795
"SRR7034157",1,836,13998
"SRR7034160",1,586,9048
"SRR7034163",1,729,11115
"SRR7034168",1,822,13145
"SRR7034170",1,734,11481
"SRR7034173",1,657,9502
"SRR7034176",1,724,8429
"SRR7034178",1,424,6519
"SRR7034181",1,406,5138
"SRR7034182",1,608,7041
"SRR7034185",1,605,5379
"SRR7034187",1,576,9724
"SRR7034194",1,877,30174
"SRR7034197",1,1005,44255
"SRR7034199",1,458,12720
"SRR7034204",1,521,9121
"SRR7034206",1,987,19444
"SRR7034209",1,1164,27338
"SRR7034211",1,844,20427
"SRR7034217",1,511,14792
"SRR7034218",1,482,10657
"SRR7034222",1,492,9462
"SRR7034227",1,862,17451
"SRR7034228",1,752,8746
"SRR7034232",1,623,9170
"SRR7034235",1,490,7156
"SRR7034236",1,358,3460
"SRR7034239",1,603,6143
"SRR7034242",1,681,10415
"SRR7034244",1,689,23185
"SRR7034247",1,595,18425
"SRR7034249",1,461,9030
"SRR7034252",1,498,15196
"SRR7034254",1,805,21721
"SRR7034257",1,989,37310
"SRR7034260",1,939,27511
"SRR7034263",1,958,25635
"SRR7034264",1,845,9381
"SRR7034265",1,507,23440
"SRR7034268",1,28,328
"SRR7034273",1,75,420
"SRR7034274",1,51,406
"SRR7034283",1,697,23536
"SRR7034285",1,671,17317
"SRR7034286",1,360,65320
"SRR7034288",1,430,6243
"SRR7034295",1,320,3762
"SRR7034297",1,545,11409
"SRR7034299",1,75,1225
"SRR7034303",1,238,11068
"SRR7034306",1,88,1424
"SRR7034310",1,263,9912
"SRR7034312",1,252,9609
"SRR7034313",1,289,10198
"SRR7034318",1,289,44517
"SRR7034320",1,27,1856
"SRR7034321",1,8,9
"SRR7034324",1,146,28277
"SRR7034327",1,607,12282
"SRR7034329",1,559,11101
"SRR7034333",1,625,26642
"SRR7034336",1,415,10179
"SRR7034337",1,576,16708
"SRR7034342",1,563,20171
"SRR7034344",1,23,137
"SRR7034345",1,471,6454
"SRR7034348",1,634,5861
"SRR7034349",1,615,4027
"SRR7034354",1,454,2690
"SRR7034356",1,414,19987
"SRR7034361",1,473,27562
"SRR7034364",1,407,22255
"SRR7034367",1,732,26733
"SRR7034372",1,585,18219
"SRR7034373",1,426,9550
"SRR7034378",1,447,16607
"SRR7034381",1,411,10394
"SRR7034384",1,397,7839
"SRR7034387",1,221,1191
"SRR7034393",1,98,1866
"SRR7034394",1,291,1363
"SRR7034396",1,94,2008
"SRR7034402",1,444,32916
"SRR7034405",1,445,10632
"SRR7034407",1,475,32842
"SRR7034411",1,444,11277
"SRR7034415",1,606,22897
"SRR7034416",1,488,14384
"SRR7034420",1,458,7521
"SRR7034425",1,949,17263
"SRR7034430",1,815,11434
"SRR7034431",1,862,11822
"SRR7034435",1,263,4809
"SRR7034436",1,46,519
"SRR7034439",1,55,524
"SRR7034441",1,29,217
"SRR7034447",1,440,17120
"SRR7034448",1,36,372
"SRR7034453",1,84,989
"SRR7034454",1,461,10125
"SRR7034457",1,396,12513
"SRR7034460",1,514,26055
"SRR7034462",1,620,22582
"SRR7034468",1,464,39513
"SRR7034472",1,855,19131
"SRR7034474",1,112,33057
"SRR7034477",1,743,15879
"SRR7034479",1,550,18670
"SRR7034480",1,585,34583
"SRR7034482",1,606,20186
"SRR7034485",1,542,24474
"SRR7034488",1,629,17700
"SRR7034491",1,374,4250
"SRR7034494",1,242,10735
"SRR7034496",1,267,10717
"SRR7034499",1,327,14841
"SRR7034502",1,399,19848
"SRR7034506",1,690,11668
"SRR7034509",1,803,17169
"SRR7034512",1,608,10265
"SRR7034524",1,776,28030
"SRR7034526",1,109,6535
"SRR7034531",1,254,4157
"SRR7034534",1,52,900
"SRR7034537",1,253,7152
"SRR7034539",1,242,5721
"SRR7034542",1,289,6852
"SRR7034545",1,429,13102
"SRR7034548",1,634,18864
"SRR7034552",1,38,280
"SRR7034556",1,668,8174
"SRR7034558",1,626,6841
"SRR7034561",1,347,3820
"SRR7034565",1,624,22838
"SRR7034568",1,351,36332
"SRR7034570",1,387,11618
"SRR7034571",1,342,10872
"SRR7034575",1,447,13349
"SRR7034577",1,84,1080
"SRR7034579",1,129,1662
"SRR7034582",1,46,455
"SRR7034585",1,38,234
"SRR7034586",1,59,601
"SRR7034588",1,49,296
"SRR7034594",1,256,4309
"SRR7034597",1,597,36654
"SRR7034601",1,220,2446
"SRR7034602",1,285,12942
"SRR7034607",1,364,13806
"SRR7034608",1,43,4675
"SRR7034610",1,386,14479
"SRR7034613",1,53,12299
"SRR7034616",1,351,7759
"SRR7034618",1,473,20084
"SRR7034621",1,419,9744
"SRR7034624",1,214,8601
"SRR7034627",1,362,9206
"SRR7034632",1,468,8764
"SRR7034635",1,580,11586
"SRR7034638",1,286,9340
"SRR7034640",1,864,14695
"SRR7034643",1,639,9666
"SRR7034646",1,559,10131
"SRR7034648",1,56,10022
"SRR7034659",1,211,10271
"SRR7034660",1,253,9478
"SRR7034665",1,287,5642
"SRR7034669",1,740,27487
"SRR7034670",1,88,26295
"SRR7034674",1,859,37392
"SRR7034678",1,57,494
"SRR7034681",1,548,5121
"SRR7034682",1,650,19168
"SRR7034685",1,582,15097
"SRR7034687",1,652,18934
"SRR7034695",1,642,40790
"SRR7034696",1,259,1226
"SRR7034699",1,260,27605
"SRR7034702",1,455,4210
"SRR7034707",1,835,9824
"SRR7034712",1,91,1399
"SRR7034716",1,92,1412
"SRR7034720",1,120,2388
"SRR7034721",1,131,1258
"SRR7034725",1,611,10738
"SRR7034727",1,619,13388
"SRR7034734",1,634,16543
"SRR7034735",1,662,16505
"SRR7034737",1,531,14381
"SRR7034744",1,582,14067
"SRR7034746",1,169,39954
"SRR7034758",1,41,343
"SRR7034759",1,99,2182
"SRR7034760",1,68,1934
"SRR7034762",1,41,6112
"SRR7034765",1,64,1727
"SRR7034767",1,96,889
"SRR7034769",1,85,2491
"SRR7034771",1,91,1189
"SRR7034782",1,18,820
"SRR7034784",1,28,2433
"SRR7034786",1,19,570
"SRR7034788",1,42,3879
"SRR7034790",1,5,123
"SRR7034802",1,23,735
"SRR7034804",1,117,2947
"SRR7034806",1,57,2122
"SRR7034808",1,41,3785
"SRR7034810",1,80,5004
"SRR7034813",1,72,691
"SRR7034815",1,104,2580
"SRR7034817",1,48,3050
"SRR7034819",1,113,773
"SRR7034821",1,11,650
"SRR7034832",1,48,2138
"SRR7034834",1,35,4291
"SRR7034837",1,93,5922
"SRR7034839",1,10,305
"SRR7034841",1,52,799
"SRR7034843",1,31,2120
"SRR7034844",1,115,2921
"SRR7034847",1,83,1882
"SRR7034849",1,1,1
"SRR7034851",1,72,8115
"SRR7034853",1,65,6522
"SRR7034855",1,51,1601
"SRR7034857",1,13,606
"SRR7034859",1,50,451
"SRR7034861",1,119,3579
"SRR7034863",1,107,2636
"SRR7034865",1,47,886
"SRR7034867",1,42,4288
"SRR7034869",1,56,1457
"SRR7034871",1,85,9220
"SRR7034873",1,68,9099
"SRR7034875",1,33,2959
"SRR7034876",1,45,1507
"SRR7034878",1,34,1740
"SRR7034880",1,48,1190
"SRR7034882",1,40,2351
"SRR7034884",1,39,1397
"SRR7034897",1,89,3438
"SRR7034901",1,135,5699
"SRR7034903",1,66,2054
"SRR7034905",1,55,464
"SRR7034915",1,66,1056
"SRR7034917",1,55,2630
"SRR7034919",1,59,2782
"SRR7034921",1,89,1677
"SRR7034923",1,16,1341
"SRR7034925",1,18,1991
"SRR7034926",1,50,1007
"SRR7034928",1,25,868
"SRR7034930",1,50,1995
"SRR7034932",1,24,1271
"SRR7034934",1,44,352
"SRR7034936",1,56,1003
"SRR7034938",1,52,2324
"SRR7034940",1,66,5192
"SRR7034942",1,55,3186
"SRR7034944",1,56,1793
"SRR7034946",1,27,2269
"SRR7034948",1,48,1020
"SRR7034950",1,122,3275
"SRR7034952",1,54,1633
"SRR7034955",1,50,1817
"SRR7034965",1,68,1213
"SRR7034967",1,48,1304
"SRR7034969",1,34,885
"SRR7034971",1,30,1311
"SRR7034973",1,96,3853
"SRR7034975",1,91,797
"SRR7034976",1,97,2797
"SRR7034977",1,53,822
"SRR7034980",1,33,734
"SRR7034982",1,92,4047
"SRR7034984",1,62,3442
"SRR7034986",1,62,2342
"SRR7034988",1,57,1413
"SRR7034990",1,105,2323
"SRR7034992",1,42,11179
"SRR7034994",1,81,2549
"SRR7034996",1,58,1097
"SRR7034999",1,76,2370
"SRR7035001",1,29,449
"SRR7035002",1,57,1132
"SRR7035005",1,40,2121
"SRR7035006",1,101,6415
"SRR7035008",1,2,52
"SRR7035010",1,46,1708
"SRR7035012",1,97,2003
"SRR7035034",1,106,4096
"SRR7035035",1,21,366
"SRR7035049",1,73,1115
"SRR7035051",1,89,2767
"SRR7035053",1,84,5242
"SRR7035055",1,104,4387
"SRR7035058",1,51,1619
"SRR7035060",1,32,2281
"SRR7035062",1,100,1679
"SRR7035064",1,58,1142
"SRR7035066",1,78,2179
"SRR7035078",1,94,1387
"SRR7035082",1,32,4605
"SRR7035084",1,40,2964
"SRR7035086",1,100,4434
"SRR7035088",1,43,1160
"SRR7035090",1,31,292
"SRR7035092",1,61,1710
"SRR7035093",1,76,2934
"SRR7035094",1,49,2148
"SRR7035096",1,7,234
"SRR7035097",1,70,2398
"SRR7035099",1,45,987
"SRR7035103",1,19,1542
"SRR7035110",1,26,1216
"SRR7035115",1,1,17
"SRR7035117",1,3,48
"SRR7035119",1,47,15528
"SRR7035121",1,40,1052
"SRR7035123",1,45,3436
"SRR7035136",1,71,5444
"SRR7035138",1,43,10790
"SRR7035140",1,53,5821
"SRR7035142",1,71,1400
"SRR7035144",1,65,3152
"SRR7035146",1,7,756
"SRR7035148",1,57,1701
"SRR7035150",1,73,5472
"SRR7035152",1,10,388
"SRR7035154",1,36,6508
"SRR7035156",1,13,4294
"SRR7035158",1,3,46
"SRR7035159",1,68,8256
"SRR7035161",1,60,914
"SRR7035163",1,46,2872
"SRR7035165",1,20,198
"SRR7035167",1,21,216
"SRR7035170",1,110,2471
"SRR7035172",1,61,1487
"SRR7035174",1,58,4752
"SRR7035185",1,115,2352
"SRR7035187",1,30,711
"SRR7035189",1,45,1647
"SRR7035191",1,58,663
"SRR7035193",1,33,1114
"SRR7035195",1,96,8067
"SRR7035208",1,69,4882
"SRR7035210",1,50,1929
"SRR7035212",1,99,3036
"SRR7035214",1,56,3841
"SRR7035216",1,45,1418
"SRR7035227",1,79,6074
"SRR7035229",1,64,906
"SRR7035231",1,101,1734
"SRR7035233",1,71,2736
"SRR7035235",1,102,2266
"SRR7035237",1,59,1505
"SRR7035241",1,21,8370
"SRR7035243",1,22,57341
"SRR7035245",1,25,75486
"SRR7035246",1,147,2466
"SRR7035248",1,173,4180
"SRR7035250",1,223,3862
"SRR7035252",1,4,27
"SRR7035254",1,21,172
"SRR7035256",1,33,270
"SRR7035258",1,41,722
"SRR7035260",1,41,665
"SRR7035263",1,20,101174
"SRR7035265",1,113,6051
"SRR7035267",1,153,5834
"SRR7035269",1,125,5417
"SRR7035271",1,134,2932
"SRR7035273",1,238,6654
"SRR7035275",1,28,12441
"SRR7035276",1,17,12750
"SRR7035287",1,16,29556
"SRR7035288",1,10,1728
"SRR7035289",1,113,30651
"SRR7035291",1,156,17974
"SRR7035293",1,138,8161
"SRR7035295",1,114,7355
"SRR7035297",1,187,12040
"SRR7035300",1,205,9620
"SRR7035302",1,118,6380
"SRR7035304",1,98,7882
"SRR7035306",1,62,9603
"SRR7035307",1,185,6064
"SRR7035309",1,72,23742
"SRR7035317",1,68,16417
"SRR7035319",1,140,31547
"SRR7035321",1,91,24555
"SRR7035323",1,65,22367
"SRR7035325",1,63,23381
"SRR7035328",1,104,5554
"SRR7035330",1,101,3264
"SRR7035331",1,84,49116
"SRR7035334",1,79,12453
"SRR7035336",1,26,724
"SRR7035338",1,25,379
"SRR7035340",1,3,12
"SRR7035342",1,15,1867
"SRR7035343",1,40,1240
"SRR7035344",1,31,741
"SRR7035345",1,78,1120
"SRR7035347",1,70,1025
"SRR7035349",1,60,2930
"SRR7035352",1,196,6469
"SRR7035354",1,16,1242
"SRR7035356",1,8,818
"SRR7035358",1,55,1634
"SRR7035360",1,34,1478
"SRR7035373",1,17,50438
"SRR7035377",1,10,4657
"SRR7035379",1,22,34509
"SRR7035380",1,35,2091
"SRR7035382",1,44,714
"SRR7035384",1,1,50
"SRR7035386",1,44,3128
"SRR7035388",1,76,1700
"SRR7035390",1,20,12646
"SRR7035393",1,110,7829
"SRR7035395",1,9,95
"SRR7035397",1,166,3798
"SRR7035399",1,52,29586
"SRR7035401",1,170,12006
"SRR7035403",1,224,7260
"SRR7035406",1,27,662
"SRR7035411",1,19,2321
"SRR7035416",1,26,19980
"SRR7035417",1,17,278
"SRR7035419",1,39,1830
"SRR7035421",1,2,76
"SRR7035423",1,17,2383
"SRR7035425",1,5,232
"SRR7035427",1,33,8631
"SRR7035429",1,139,7451
"SRR7035431",1,226,10005
"SRR7035433",1,164,8876
"SRR7035435",1,241,10295
"SRR7035437",1,270,12205
"SRR7035438",1,51,632
"SRR7035442",1,61,54770
"SRR7035444",1,90,14188
"SRR7035446",1,103,36826
"SRR7035448",1,76,28002
"SRR7035452",1,65,13077
"SRR7035456",1,51,1686
"SRR7035458",1,32,2434
"SRR7035460",1,8,1544
"SRR7035462",1,34,3168
"SRR7035463",1,182,5678
"SRR7035465",1,130,24469
"SRR7035467",1,209,13162
"SRR7035470",1,54,1272
"SRR7035471",1,34,2816
"SRR7035473",1,67,12161
"SRR7035475",1,61,9326
"SRR7035477",1,1,1
"SRR7035479",1,53,2494
"SRR7035483",1,214,15218
"SRR7035496",1,38,1948
"SRR7035500",1,2,597
"SRR7035502",1,2,45
"SRR7035504",1,2,175
"SRR7035505",1,177,6154
"SRR7035507",1,193,12855
"SRR7035509",1,252,10167
"SRR7035511",1,155,8007
"SRR7035513",1,239,10563
"SRR7035526",1,11,1304
"SRR7035528",1,77,26022
"SRR7035530",1,334,17152
"SRR7035532",1,347,14079
"SRR7035533",1,8,1936
"SRR7035535",1,9,17038
"SRR7035537",1,22,24359
"SRR7035541",1,62,2452
"SRR7035542",1,213,7624
"SRR7035544",1,165,7258
"SRR7035546",1,152,5135
"SRR7035548",1,120,4414
"SRR7035550",1,160,3296
"SRR7035552",1,169,20600
"SRR7035554",1,163,7616
"SRR7035556",1,193,9911
"SRR7035558",1,183,10552
"SRR7035560",1,169,13886
"SRR7035562",1,13,2375
"SRR7035564",1,37,1080
"SRR7035566",1,10,2311
"SRR7035567",1,124,10893
"SRR7035568",1,40,848
"SRR7035571",1,87,28465
"SRR7035572",1,17,32686
"SRR7035574",1,9,406
"SRR7035575",1,76,6125
"SRR7035577",1,78,8068
"SRR7035578",1,14,6124
"SRR7035580",1,56,1309
"SRR7035582",1,71,3504
"SRR7035584",1,40,941
"SRR7035588",1,39,2922
"SRR7035590",1,13,31490
"SRR7035592",1,297,8964
"SRR7035594",1,80,9088
"SRR7035596",1,73,7914
"SRR7035598",1,49,12110
"SRR7035600",1,191,8822
"SRR7035618",1,93,72332
"SRR7035629",1,186,15483
"SRR7035630",1,21,109
"SRR7035632",1,2,25
"SRR7035634",1,329,15964
"SRR7035636",1,27,199
"SRR7035638",1,6,505
"SRR7035641",1,94,1446
"SRR7035643",1,108,3689
"SRR7035645",1,42,10361
"SRR7035647",1,47,32439
"SRR7035649",1,172,23336
"SRR7035660",1,22,35750
"SRR7035662",1,20,17451
"SRR7035664",1,16,21621
"SRR7035666",1,46,39525
"SRR7035668",1,108,7763
"SRR7035670",1,6,419
"SRR7035672",1,6,258
"SRR7035676",1,16,1394
"SRR7035679",1,13,36273
"SRR7035680",1,5,165
"SRR7035683",1,16,12006
"SRR7035685",1,12,10323
"SRR7035686",1,46,1506
"SRR7035688",1,6,9
"SRR7035690",1,51,1457
"SRR7035692",1,69,6987
"SRR7035694",1,52,917
"SRR7035715",1,68,6502
"SRR7035717",1,240,6914
"SRR7035719",1,109,10479
"SRR7035721",1,249,6530
"SRR7035723",1,231,4374
"SRR7035725",1,31,36684
"SRR7035727",1,24,107275
"SRR7035729",1,19,32686
"SRR7035731",1,21,15188
"SRR7035733",1,18,50265
"SRR7035735",1,185,3738
"SRR7035736",1,19,12910
"SRR7035738",1,15,6989
"SRR7035813",1,51,5503
"SRR7035815",1,47,9768
"SRR7035830",1,17,1201
"SRR7035832",1,64,4154
"SRR7035834",1,32,3940
"SRR7035836",1,67,1689
"SRR7035838",1,61,2244
"SRR7035840",1,58,2009
"SRR7035842",1,68,3281
"SRR7035844",1,60,4036
"SRR7035846",1,67,7879
"SRR7035848",1,35,1018
"SRR7035875",1,49,6155
"SRR7035877",1,82,2123
"SRR7035879",1,88,2552
"SRR7035881",1,45,1700
"SRR7035883",1,92,2178
"SRR7035910",1,1742,42316
"SRR7035915",1,1376,26905
"SRR7035916",1,1123,32968
"SRR7035919",1,1741,44512
"SRR7035921",1,881,44652
"SRR7035922",1,856,32168
"SRR7035929",1,820,31735
"SRR7035931",1,1464,49782
"SRR7035932",1,1078,59428
"SRR7035934",1,1395,51596
"SRR7035939",1,1324,42669
"SRR7035941",1,326,14654
"SRR7035945",1,53,6071
"SRR7035946",1,188,15394
"SRR7035953",1,166,9272
"SRR7035955",1,444,14119
"SRR7035956",1,349,6727
"SRR7035960",1,1129,53878
"SRR7035962",1,1558,35480
"SRR7035969",1,1666,51664
"SRR7035971",1,1418,40812
"SRR7035972",1,849,28673
"SRR7035974",1,1622,51133
"SRR7035980",1,355,7007
"SRR7035985",1,587,21725
"SRR7035987",1,123,23722
"SRR7035991",1,105,27049
"SRR7035993",1,168,46386
"SRR7035999",1,218,9202
"SRR7036000",1,130,7615
"SRR7036005",1,356,22195
"SRR7036010",1,269,24027
"SRR7036013",1,85,16044
"SRR7036016",1,1546,45404
"SRR7036021",1,1540,46638
"SRR7036023",1,1150,36964
"SRR7036024",1,1855,34843
"SRR7036027",1,1305,26550
"SRR7036028",1,950,20536
"SRR7036031",1,1305,40100
"SRR7036033",1,1271,26658
"SRR7036037",1,706,18882
"SRR7036039",1,396,17985
"SRR7036045",1,848,43081
"SRR7036048",1,706,18679
"SRR7036049",1,1361,31791
"SRR7036052",1,1172,28921
"SRR7036055",1,599,17657
"SRR7036058",1,970,30508
"SRR7036059",1,832,19244
"SRR7036061",1,382,19490
"SRR7036066",1,1525,30010
"SRR7036067",1,1482,41238
"SRR7036070",1,836,37392
"SRR7036072",1,800,15380
"SRR7036078",1,1130,45729
"SRR7036079",1,1778,102281
"SRR7036084",1,1437,64632
"SRR7036086",1,392,9436
"SRR7036089",1,377,8511
"SRR7036090",1,1108,46751
"SRR7036095",1,943,25476
"SRR7036096",1,1546,53449
"SRR7036100",1,811,38014
"SRR7036101",1,837,16514
"SRR7036104",1,1036,23332
"SRR7036105",1,1737,61902
"SRR7036112",1,367,7375
"SRR7036113",1,412,9977
"SRR7036118",1,432,13158
"SRR7036122",1,1497,41985
"SRR7036126",1,1611,35487
"SRR7036127",1,1779,49251
"SRR7036129",1,1584,25083
"SRR7036132",1,459,20794
"SRR7036135",1,94,8216
"SRR7036138",1,125,34103
"SRR7036143",1,349,5718
"SRR7036146",1,395,63947
"SRR7036147",1,363,41532
"SRR7036149",1,353,28802
"SRR7036154",1,35,2064
"SRR7036157",1,164,8434
"SRR7036159",1,322,30326
"SRR7036164",1,344,22432
"SRR7036168",1,327,28057
"SRR7036170",1,339,32160
"SRR7036174",1,68,33922
"SRR7036178",1,1002,28105
"SRR7036180",1,1047,32920
"SRR7036183",1,1340,36904
"SRR7036185",1,724,26431
"SRR7036188",1,1068,29604
"SRR7036192",1,1134,80143
"SRR7036195",1,733,35752
"SRR7036198",1,418,21835
"SRR7036201",1,150,22239
"SRR7036204",1,72,13573
"SRR7036207",1,1028,26675
"SRR7036210",1,1301,30347
"SRR7036213",1,1595,43000
"SRR7036218",1,834,29300
"SRR7036221",1,1158,30633
"SRR7036224",1,1453,30658
"SRR7036231",1,724,17205
"SRR7036233",1,1384,52463
"SRR7036235",1,1461,57044
"SRR7036238",1,1190,38806
"SRR7036240",1,1283,40045
"SRR7036246",1,374,9713
"SRR7036249",1,681,25941
"SRR7036252",1,1134,47314
"SRR7036254",1,807,22508
"SRR7036260",1,1306,39747
"SRR7036262",1,1566,39067
"SRR7036263",1,863,33911
"SRR7036266",1,779,15789
"SRR7036268",1,1416,29863
"SRR7036272",1,1187,31502
"SRR7036275",1,593,12655
"SRR7036277",1,1498,37060
"SRR7036278",1,1158,23674
"SRR7036281",1,40,1357
"SRR7036283",1,652,25993
"SRR7036284",1,755,26499
"SRR7036294",1,1152,23949
"SRR7036296",1,1006,25216
"SRR7036299",1,1430,34759
"SRR7036300",1,1107,32899
"SRR7036303",1,1292,56273
"SRR7036306",1,1263,55742
"SRR7036309",1,1003,48400
"SRR7036310",1,1102,63769
"SRR7036312",1,1314,88086
"SRR7036315",1,829,60436
"SRR7036321",1,517,21221
"SRR7036324",1,269,20043
"SRR7036327",1,171,28088
"SRR7036328",1,461,25491
"SRR7036331",1,855,50519
"SRR7036333",1,705,25703
"SRR7036334",1,513,14534
"SRR7036336",1,1233,58780
"SRR7036340",1,1522,34535
"SRR7036343",1,1397,24763
"SRR7036346",1,1757,46074
"SRR7036349",1,1235,28731
"SRR7036350",1,1232,35199
"SRR7036355",1,904,26035
"SRR7036356",1,1540,39373
"SRR7036359",1,1143,32713
"SRR7036361",1,1021,68810
"SRR7036366",1,1514,73546
"SRR7036368",1,1239,83789
"SRR7036370",1,1631,40079
"SRR7036375",1,1614,42405
"SRR7036376",1,1225,29359
"SRR7036381",1,1613,40481
"SRR7036383",1,938,23063
"SRR7036384",1,1172,20683
"SRR7036388",1,717,22029
"SRR7036390",1,1254,27252
"SRR7036397",1,781,14385
"SRR7036399",1,368,18011
"SRR7036402",1,143,42347
"SRR7036908",1,244,19808
"SRR7036910",1,279,31104
"SRR7036912",1,188,23378
"SRR7036914",1,233,39724
"SRR7036916",1,212,26361
"SRR7036919",1,221,13510
"SRR7036921",1,72,5864
"SRR7036923",1,168,30204
"SRR7036925",1,32,432
"SRR7036927",1,72,5921
"SRR7036928",1,241,19472
"SRR7036930",1,283,40404
"SRR7036932",1,128,14815
"SRR7036934",1,98,24110
"SRR7036936",1,58,3015
"SRR7036938",1,17,21
"SRR7036940",1,549,57526
"SRR7036942",1,192,37822
"SRR7036944",1,394,72346
"SRR7036946",1,809,25679
"SRR7036949",1,394,36899
"SRR7036951",1,341,32013
"SRR7036953",1,355,19558
"SRR7036955",1,335,30828
"SRR7036957",1,401,43074
"SRR7036959",1,481,8726
"SRR7036961",1,11,139
"SRR7036963",1,1140,45764
"SRR7036965",1,20,26
"SRR7036967",1,34,353
"SRR7036968",1,26,1815
"SRR7036970",1,28,4781
"SRR7036972",1,41,9343
"SRR7036974",1,29,117
"SRR7036976",1,1244,37150
"SRR7036979",1,317,18403
"SRR7036981",1,523,26417
"SRR7036983",1,1111,44414
"SRR7036985",1,993,44425
"SRR7036987",1,147,23367
"SRR7036989",1,496,46287
"SRR7036991",1,328,24721
"SRR7036993",1,354,49651
"SRR7036995",1,353,51005
"SRR7036997",1,321,51044
"SRR7036998",1,1154,37544
"SRR7037000",1,1218,30928
"SRR7037002",1,632,88195
"SRR7037004",1,859,95347
"SRR7037006",1,472,41936
"SRR7037009",1,127,20847
"SRR7037011",1,862,41125
"SRR7037013",1,884,28386
"SRR7037015",1,1241,39864
"SRR7037017",1,473,33505
"SRR7037019",1,42,37292
"SRR7037021",1,196,45973
"SRR7037023",1,188,40074
"SRR7037025",1,290,50961
"SRR7037027",1,280,70669
"SRR7037028",1,576,37884
"SRR7038411",1,806,43298
"SRR7038414",1,766,53819
"SRR7038416",1,1203,33972
"SRR7038418",1,1356,83616
"SRR7038421",1,1405,44983
"SRR7038422",1,1509,31860
"SRR7038423",1,1398,37595
"SRR7038431",1,519,32396
"SRR7038432",1,254,24481
"SRR7038437",1,438,29069
"SRR7038438",1,246,37368
"SRR7038443",1,898,9985
"SRR7038444",1,1117,32343
"SRR7038449",1,1252,40978
"SRR7038462",1,936,51093
"SRR7038465",1,712,28098
"SRR7038467",1,1043,51045
"SRR7038470",1,1050,72935
"SRR7038472",1,1192,27363
"SRR7038475",1,1192,61887
"SRR7038478",1,1155,50106
"SRR7038481",1,1035,44324
"SRR7038485",1,1216,38840
"SRR7038486",1,795,12065
"SRR7038491",1,1160,34652
"SRR7038494",1,739,39377
"SRR7038501",1,561,33318
"SRR7038502",1,607,29101
"SRR7038505",1,285,14598
"SRR7038507",1,197,18942
"SRR7038509",1,492,28701
"SRR7038516",1,1130,34502
"SRR7038519",1,840,29574
"SRR7038523",1,993,27694
"SRR7038536",1,834,29800
"SRR7038537",1,1012,30922
"SRR7038538",1,1061,36116
"SRR7038541",1,1040,43260
"SRR7038543",1,832,26942
"SRR7038546",1,1406,51937
"SRR7038552",1,946,57287
"SRR7038554",1,415,64243
"SRR7038557",1,1179,69483
"SRR7038558",1,1033,44469
"SRR7038561",1,851,28067
"SRR7038563",1,602,21583
"SRR7038565",1,1032,29352
"SRR7038566",1,962,29270
"SRR7038568",1,441,17223
"SRR7038571",1,207,20854
"SRR7038577",1,777,20238
"SRR7038578",1,1029,35181
"SRR7038582",1,1109,31127
"SRR7038589",1,615,35185
"SRR7038591",1,916,22600
"SRR7038593",1,1073,26773
"SRR7038599",1,1184,35003
"SRR7038601",1,1442,66057
"SRR7038603",1,1007,21631
"SRR7038605",1,274,16849
"SRR7038608",1,1025,33983
"SRR7038610",1,552,32267
"SRR7038612",1,1107,37308
"SRR7038617",1,936,23354
"SRR7038618",1,549,13760
"SRR7038623",1,640,33583
"SRR7038624",1,1115,35948
"SRR7038630",1,709,29821
"SRR7038636",1,984,35737
"SRR7038638",1,310,49345
"SRR7038640",1,437,39110
"SRR7038643",1,1283,41792
"SRR7038650",1,1336,49382
"SRR7038652",1,855,21840
"SRR7038653",1,1107,65684
"SRR7038656",1,510,31932
"SRR7038657",1,570,46366
"SRR7038662",1,577,30320
"SRR7038663",1,733,37324
"SRR7038665",1,805,33424
"SRR7038666",1,843,32311
"SRR7038673",1,1125,48843
"SRR7038674",1,1257,52878
"SRR7038676",1,361,8338
"SRR7038680",1,1139,20676
"SRR7038685",1,1609,43855
"SRR7038686",1,432,40602
"SRR7038693",1,915,53228
"SRR7038694",1,271,71998
"SRR7038697",1,695,49668
"SRR7038699",1,1092,45475
"SRR7038700",1,1055,59653
"SRR7038702",1,996,36059
"SRR7038707",1,1636,53510
"SRR7038712",1,1299,33819
"SRR7038715",1,963,23749
"SRR7038720",1,801,26254
"SRR7038725",1,296,17978
"SRR7038728",1,276,24240
"SRR7038731",1,270,24525
"SRR7038735",1,433,24763
"SRR7038737",1,404,31900
"SRR7038740",1,381,18271
"SRR7038742",1,439,28123
"SRR7038743",1,549,43064
"SRR7038748",1,1465,40422
"SRR7038750",1,51,1223
"SRR7038751",1,1500,50283
"SRR7038754",1,722,31069
"SRR7038755",1,663,29601
"SRR7038762",1,753,43172
"SRR7038763",1,905,47121
"SRR7038766",1,896,34822
"SRR7038767",1,1004,44804
"SRR7038772",1,584,25540
"SRR7038774",1,1422,57307
"SRR7038777",1,914,30229
"SRR7038779",1,1096,44885
"SRR7038780",1,1336,54449
"SRR7038783",1,1354,46303
"SRR7038793",1,1281,38489
"SRR7038796",1,1259,45410
"SRR7038798",1,1332,42346
"SRR7038804",1,204,26230
"SRR7038806",1,1029,37002
"SRR7038811",1,1129,44293
"SRR7038816",1,930,32939
"SRR7038821",1,350,25958
"SRR7038822",1,416,37932
"SRR7038828",1,738,43064
"SRR7038830",1,737,35238
"SRR7038833",1,776,37815
"SRR7038838",1,806,25454
"SRR7038840",1,1552,37290
"SRR7038844",1,937,45589
"SRR7038847",1,784,32399
"SRR7038849",1,1181,31586
"SRR7038851",1,1306,48640
"SRR7038855",1,500,27756
"SRR7038857",1,627,24419
"SRR7038860",1,499,26966
"SRR7038866",1,450,24219
"SRR7038867",1,484,21212
"SRR7038872",1,530,20727
"SRR7038873",1,532,23321
"SRR7038876",1,910,24711
"SRR7038877",1,1125,41233
"SRR7038880",1,831,28601
"SRR7038883",1,1095,37966
"SRR7038888",1,644,27504
"SRR7038893",1,1241,57704
"SRR7038897",1,1606,64061
"SRR7038900",1,1589,44588
"SRR7038907",1,755,29640
"SRR8812884",1,226,28574
"SRR8812886",1,257,15083
"SRR8812888",1,231,29568
"SRR8812922",1,67,4101
"SRR8812924",1,79,5910
"SRR8812926",1,113,28909
"SRR8812927",1,44,301
"SRR8812930",1,234,11273
"SRR8812931",1,212,32706
"SRR8812933",1,271,17781
"SRR8812935",1,221,6123
"SRR8812937",1,71,1760
"SRR8812939",1,120,6146
"SRR8812941",1,77,6459
"SRR8812943",1,237,15418
"SRR8812945",1,254,19069
"SRR8812966",1,120,13965
"SRR8812968",1,305,5339
"SRR8812970",1,77,4046
"SRR8812972",1,122,8107
"SRR8812974",1,300,5743
"SRR8812984",1,167,5567
"SRR8812986",1,223,9312
"SRR8812988",1,166,7422
"SRR8812990",1,185,8044
"SRR8812992",1,182,8067
"SRR8812995",1,110,4190
"SRR8812996",1,236,4656
"SRR8812997",1,231,16197
"SRR8813000",1,412,10199
"SRR8813002",1,283,5312
"SRR8813004",1,250,9774
"SRR8813006",1,386,7027
"SRR8813029",1,186,13244
"SRR8813031",1,396,14977
"SRR8813033",1,301,6459
"SRR8813035",1,74,2225
"SRR8813037",1,484,9069
"SRR8813040",1,403,6428
"SRR8813042",1,251,10044
"SRR8813045",1,216,8114
"SRR8813047",1,201,3314
"SRR8813049",1,306,8792
"SRR8813051",1,348,9917
"SRR8813053",1,217,4376
"SRR8813054",1,99,5889
"SRR8813066",1,79,8272
"SRR8813068",1,238,5712
"SRR8813070",1,201,6066
"SRR8813072",1,226,6084
"SRR8813073",1,185,3194
"SRR8813076",1,371,11201
"SRR8813078",1,434,17820
"SRR8813080",1,291,11217
"SRR8813082",1,293,11611
"SRR8813085",1,228,11569
"SRR8813087",1,414,13417
"SRR8813089",1,96,2978
"SRR8813092",1,227,4117
"SRR8813094",1,79,12836
"SRR8813096",1,395,10392
"SRR8813098",1,361,10343
"SRR8813100",1,230,20102
"SRR8813102",1,319,35054
"SRR8813104",1,160,13480
"SRR8813106",1,318,4065
"SRR8813109",1,307,13841
"SRR8813111",1,307,9430
"SRR8813114",1,302,7378
"SRR8813116",1,351,10848
"SRR8813118",1,267,24050
"SRR8813120",1,257,14644
"SRR8813122",1,217,16318
"SRR8813124",1,226,16860
"SRR8813125",1,170,12725
"SRR8813127",1,241,7152
"SRR8813129",1,276,7003
"SRR8813131",1,175,6678
"SRR8813133",1,328,8833
"SRR8813135",1,236,1911
"SRR8813139",1,126,13341
"SRR8813141",1,502,8306
"SRR8813143",1,203,11215
"SRR8813145",1,97,5388
"SRR8813147",1,98,6128
"SRR8813149",1,143,9870
"SRR8813151",1,137,8302
"SRR8813160",1,273,16357
"SRR8813170",1,330,6822
"SRR8813172",1,358,8898
"SRR8813174",1,248,9092
"SRR8813176",1,158,23669
"SRR8813178",1,150,10395
"SRR8813180",1,163,16237
"SRR8813200",1,43,227
"SRR8813206",1,349,15576
"SRR8813207",1,110,3953
"SRR8813209",1,262,2952
"SRR8813211",1,337,19294
"SRR8813213",1,125,8090
"SRR8813214",1,497,15864
"SRR8813216",1,131,7424
"SRR8813218",1,222,11567
"SRR8813220",1,322,11939
"SRR8813222",1,253,9756
"SRR8813224",1,293,13322
"SRR8813232",1,178,5386
"SRR8813234",1,404,14690
"SRR8813236",1,50,6343
"SRR8813238",1,16,21
"SRR8813241",1,432,21237
"SRR8813243",1,255,18263
"SRR8813245",1,257,13094
"SRR8813247",1,263,14424
"SRR8813249",1,211,14414
"SRR8813251",1,371,18929
"SRR8813253",1,312,10845
"SRR8813271",1,230,9377
"SRR8813273",1,229,9317
"SRR8813275",1,229,9158
"SRR8813277",1,381,8894
"SRR8813279",1,32,61
"SRR8813281",1,38,72
"SRR8813283",1,376,22343
"SRR8813284",1,327,12684
"SRR8813287",1,187,11261
"SRR8813288",1,424,12060
"SRR8813289",1,146,1907
"SRR8813291",1,222,9124
"SRR8813293",1,161,8203
"SRR8813295",1,258,8798
"SRR8813296",1,371,16522
"SRR8813298",1,252,5724
"SRR8813300",1,458,9749
"SRR8813303",1,53,303
"SRR8813307",1,201,6384
"SRR8813320",1,388,10102
"SRR8813322",1,350,9440
"SRR8813330",1,432,7713
"SRR8813335",1,275,3684
"SRR8813338",1,113,4245
"SRR8813340",1,125,4026
"SRR8813342",1,211,3900
"SRR8813344",1,655,14464
"SRR8813346",1,620,16943
"SRR8813348",1,588,11161
"SRR8813349",1,271,3375
"SRR8813351",1,167,1747
"SRR8813353",1,400,5545
"SRR8813365",1,225,8596
"SRR8813367",1,440,17089
"SRR8813369",1,513,5197
"SRR8813371",1,396,3388
"SRR8813373",1,464,4225
"SRR8813375",1,385,15876
"SRR8813377",1,322,15143
"SRR8813379",1,212,10372
"SRR8813381",1,229,32282
"SRR8817346",1,7,1230
"SRR8817429",1,584,29346
"SRR8817431",1,513,34278
"SRR8817433",1,580,44205
"SRR8817435",1,317,24453
"SRR8817572",1,28,4346
"SRR8817574",1,7,611
"SRR8817600",1,2,2
"SRR8817602",1,5,293
"SRR8817643",1,148,50163
"SRR8817645",1,150,42616
"SRR8817647",1,177,114045
"SRR8817670",1,378,68344
"SRR8817673",1,320,42903
"SRR8817675",1,254,42364
"SRR8817720",1,344,95289
"SRR8817722",1,252,66412
"SRR8817724",1,350,46681
"SRR8817726",1,269,64332
"SRR8817799",1,215,57649
"SRR8817801",1,453,25797
"SRR8817803",1,6,430
"SRR8817805",1,13,1761
"SRR8817807",1,407,30938
"SRR8817856",1,587,50983
"SRR8817858",1,271,39873
"SRR8817952",1,13,1350
"SRR8818046",1,72,11969
"SRR8818048",1,293,12870
"SRR8818050",1,32,2799
"SRR8818052",1,14,851
"SRR8818191",1,28,2904
"SRR8820780",1,217,6353
"SRR8820787",1,211,11054
"SRR8820789",1,240,13503
"SRR8820791",1,252,6813
"SRR8820792",1,87,2840
"SRR8820794",1,236,39143
"SRR8820797",1,107,9658
"SRR8820799",1,279,13180
"SRR8820801",1,320,21830
"SRR8820803",1,101,19619
"SRR8820804",1,33,2730
"SRR8820807",1,196,2628
"SRR8820808",1,261,12479
"SRR8820809",1,150,6139
"SRR8820811",1,182,6263
"SRR8820813",1,229,9635
"SRR8820815",1,14,2692
"SRR8820818",1,71,17855
"SRR8820819",1,142,65459
"SRR8820821",1,244,6906
"SRR8820823",1,192,9803
"SRR8820825",1,256,6867
"SRR8820827",1,240,6735
"SRR8820834",1,335,13037
"SRR8820835",1,377,7370
"SRR8820838",1,74,13615
"SRR8820840",1,41,18199
"SRR8820842",1,86,8941
"SRR8820843",1,195,19235
"SRR8820847",1,248,19639
"SRR8820848",1,75,5143
"SRR8820850",1,77,5610
"SRR8820852",1,99,3925
"SRR8820854",1,78,5184
"SRR8820857",1,187,4195
"SRR8820858",1,111,1035
"SRR8820860",1,203,9863
"SRR8820863",1,121,1643
"SRR8820865",1,346,4999
"SRR8820868",1,122,40923
"SRR8820870",1,264,24071
"SRR8820872",1,261,16926
"SRR8820874",1,220,10706
"SRR8820877",1,76,726
"SRR8820879",1,8,9
"SRR8820881",1,14,20
"SRR8820883",1,209,65219
"SRR8820884",1,77,5286
"SRR8820886",1,228,15465
"SRR8820888",1,130,11012
"SRR8820891",1,161,1291
"SRR8820904",1,273,13784
"SRR8820906",1,297,46435
"SRR8820908",1,300,16259
"SRR8820910",1,244,9711
"SRR8820912",1,316,17817
"SRR8820915",1,196,6550
"SRR8820917",1,176,5358
"SRR8820921",1,171,11108
"SRR8820923",1,162,3079
"SRR8820924",1,183,2646
"SRR8820925",1,77,1540
"SRR8820927",1,103,2083
"SRR8820930",1,189,3395
"SRR8820931",1,173,4474
"SRR8820934",1,116,2313
"SRR8820936",1,146,10436
"SRR8820938",1,102,3344
"SRR8820940",1,110,3046
"SRR8820942",1,206,5290
"SRR8820944",1,178,22551
"SRR8820947",1,74,29253
"SRR8820949",1,94,7938
"SRR8820951",1,196,5916
"SRR8820953",1,177,7173
"SRR8820955",1,167,8738
"SRR8820956",1,163,18856
"SRR8820958",1,116,28942
"SRR8820961",1,277,6110
"SRR8820963",1,318,7383
"SRR8820965",1,113,10181
"SRR8820967",1,21,902
"SRR8820969",1,85,7349
"SRR8820971",1,290,10883
"SRR8820975",1,276,16071
"SRR8820978",1,160,4135
"SRR8820980",1,87,9526
"SRR8820981",1,175,18772
"SRR8820983",1,247,11462
"SRR8820985",1,203,14047
"SRR8820987",1,196,6198
"SRR8820990",1,163,1400
"SRR8820992",1,227,5228
"SRR8820994",1,166,3190
"SRR8820995",1,211,17181
"SRR8820997",1,290,5847
"SRR8820998",1,357,8285
"SRR8820999",1,149,9960
"SRR8821000",1,119,45112
"SRR8821001",1,249,8353
"SRR8821003",1,259,8151
"SRR8821007",1,213,8996
"SRR8821009",1,84,10901
"SRR8821011",1,125,13883
"SRR8821013",1,207,57057
"SRR8821015",1,99,14963
"SRR8821017",1,146,13215
"SRR8821020",1,233,8281
"SRR8821021",1,195,1676
"SRR8821023",1,183,1687
"SRR8821025",1,280,6774
"SRR8821028",1,107,37289
"SRR8821030",1,147,41567
"SRR8821032",1,149,14891
"SRR8821034",1,137,14313
"SRR8821035",1,170,3922
"SRR8821037",1,91,1797
"SRR8821039",1,95,3639
"SRR8821041",1,99,1154
"SRR8821047",1,112,7493
"SRR8821050",1,152,1827
"SRR8821051",1,149,7833
"SRR8821053",1,288,6501
"SRR8821055",1,160,2280
"SRR8821057",1,152,2539
"SRR8821059",1,74,1273
"SRR8821061",1,205,7391
"SRR8821063",1,230,9829
"SRR8821065",1,221,8145
"SRR8821066",1,88,6514
"SRR8821067",1,263,5041
"SRR8821070",1,230,8222
"SRR8821073",1,180,9223
"SRR8821075",1,196,10283
"SRR8821077",1,135,2748
"SRR8821080",1,179,11481
"SRR8821082",1,141,18356
"SRR8821084",1,191,17645
"SRR8821086",1,175,14458
"SRR8821088",1,218,14194
"SRR8821090",1,20,353
"SRR8821093",1,202,61012
"SRR8821094",1,241,8824
"SRR8821096",1,207,3923
"SRR8821099",1,183,18456
"SRR8821101",1,156,11123
"SRR8821103",1,241,41633
"SRR8821105",1,232,29201
"SRR8821106",1,279,4081
"SRR8821109",1,197,16037
"SRR8821111",1,293,7530
"SRR8821113",1,125,5867
"SRR8821115",1,185,7963
"SRR8821117",1,262,14280
"SRR4734652",0,0,0
"SRR6401092",0,0,0
"ERR2262685",0,0,0
"ERR2233194",0,0,0
"ERR2262707",0,0,0
"ERR2262712",0,0,0
"ERR2262733",0,0,0
"ERR2262714",0,0,0
"ERR2262687",0,0,0
"ERR2262699",0,0,0
"ERR2262710",0,0,0
"ERR2262715",0,0,0
"ERR2262716",0,0,0
"ERR2308163",0,0,0
"SRR6400822",0,0,0
"SRR6401559",0,0,0
"ERR2231789",0,0,0
"ERR2271762",0,0,0
"ERR2233123",0,0,0
"ERR2233138",0,0,0
"SRR7035409",0,0,0
"ERR2308082",0,0,0
"ERR2308118",0,0,0
"ERR2271804",0,0,0
"ERR2308032",0,0,0
"ERR2245029",0,0,0
"ERR2245038",0,0,0
"ERR2245189",0,0,0
"ERR2245224",0,0,0
"ERR2245235",0,0,0
"SRR23272699",0,0,0
"SRR23272696",0,0,0
"ERR10037626",0,0,0
"ERR10037627",0,0,0
"ERR10037628",0,0,0
"ERR10037629",0,0,0
"ERR10037631",0,0,0
"ERR10037632",0,0,0
"ERR10037633",0,0,0
"ERR10037635",0,0,0
"ERR10037636",0,0,0
"ERR10037638",0,0,0
"ERR10037639",0,0,0
"ERR10037640",0,0,0
"ERR10037644",0,0,0
"ERR10037646",0,0,0
"ERR10037647",0,0,0
"ERR10037648",0,0,0
"ERR10037649",0,0,0
"ERR10037650",0,0,0
"ERR10037651",0,0,0
"ERR10037652",0,0,0
"ERR10037655",0,0,0
"ERR10037656",0,0,0
"ERR10037658",0,0,0
"ERR10037659",0,0,0
"ERR10037660",0,0,0
"ERR10037662",0,0,0
"ERR10037663",0,0,0
"ERR10037664",0,0,0
"ERR10037666",0,0,0
"ERR10037667",0,0,0
"ERR10037668",0,0,0
"ERR10037669",0,0,0
"ERR10037670",0,0,0
"ERR10037671",0,0,0
"ERR10037672",0,0,0
"ERR10037674",0,0,0
"ERR10037675",0,0,0
"ERR10037676",0,0,0
"ERR10037677",0,0,0
"ERR10037678",0,0,0
"ERR10037679",0,0,0
"ERR10037680",0,0,0
"ERR10037681",0,0,0
"ERR10037682",0,0,0
"ERR10037683",0,0,0
"ERR10037684",0,0,0
"ERR10037685",0,0,0
"ERR10037686",0,0,0
"ERR10037687",0,0,0
"ERR10037688",0,0,0
"ERR10037689",0,0,0
"ERR10037690",0,0,0
"ERR10037691",0,0,0
"ERR10037692",0,0,0
"ERR10037694",0,0,0
"ERR10037695",0,0,0
"ERR10037696",0,0,0
"ERR10037697",0,0,0
"ERR10037698",0,0,0
"ERR10037699",0,0,0
"ERR10037701",0,0,0
"ERR10037702",0,0,0
"ERR10037705",0,0,0
"ERR10037706",0,0,0
"ERR10037707",0,0,0
"ERR10037708",0,0,0
"ERR10037709",0,0,0
"ERR10037710",0,0,0
"ERR10037711",0,0,0
"ERR10037712",0,0,0
"ERR10037713",0,0,0
"ERR10037714",0,0,0
"ERR10037715",0,0,0
"ERR10037716",0,0,0
"ERR10037717",0,0,0
"ERR10037718",0,0,0
"ERR10037719",0,0,0
"ERR10037720",0,0,0
"ERR10037722",0,0,0
"ERR10037723",0,0,0
"ERR10037724",0,0,0
"ERR10037725",0,0,0
"ERR10037726",0,0,0
"ERR10037727",0,0,0
"ERR10037728",0,0,0
"ERR10037729",0,0,0
"ERR10037730",0,0,0
"ERR10037731",0,0,0
"ERR10037732",0,0,0
"ERR10037733",0,0,0
"ERR10037735",0,0,0
"ERR10037736",0,0,0
"ERR10037737",0,0,0
"ERR10037738",0,0,0
"ERR10037739",0,0,0
"ERR10037740",0,0,0
"ERR10037741",0,0,0
"ERR10037742",0,0,0
"ERR10037743",0,0,0
"ERR10037744",0,0,0
"ERR10037745",0,0,0
"ERR10037746",0,0,0
"ERR10037747",0,0,0
"ERR10037748",0,0,0
"ERR10037749",0,0,0
"ERR10037750",0,0,0
"ERR2215466",0,0,0
"ERR2221435",0,0,0
"ERR2221438",0,0,0
"ERR2221446",0,0,0
"ERR2221450",0,0,0
"ERR2221454",0,0,0
"ERR2221461",0,0,0
"ERR2221462",0,0,0
"ERR2221463",0,0,0
"ERR2221503",0,0,0
"ERR2221506",0,0,0
"ERR2221528",0,0,0
"ERR2221529",0,0,0
"ERR2228633",0,0,0
"ERR2228636",0,0,0
"ERR2228638",0,0,0
"ERR2228686",0,0,0
"ERR2228687",0,0,0
"ERR2228688",0,0,0
"ERR2228689",0,0,0
"ERR2228694",0,0,0
"ERR2231778",0,0,0
"ERR2231784",0,0,0
"ERR2231786",0,0,0
"ERR2232372",0,0,0
"ERR2232373",0,0,0
"ERR2232374",0,0,0
"ERR2233111",0,0,0
"ERR2233116",0,0,0
"ERR2233121",0,0,0
"ERR2233122",0,0,0
"ERR2233128",0,0,0
"ERR2233129",0,0,0
"ERR2233130",0,0,0
"ERR2233132",0,0,0
"ERR2233133",0,0,0
"ERR2233134",0,0,0
"ERR2233135",0,0,0
"ERR2233139",0,0,0
"ERR2233142",0,0,0
"ERR2233143",0,0,0
"ERR2233145",0,0,0
"ERR2233149",0,0,0
"ERR2233152",0,0,0
"ERR2233153",0,0,0
"ERR2233156",0,0,0
"ERR2233157",0,0,0
"ERR2233158",0,0,0
"ERR2233161",0,0,0
"ERR2233164",0,0,0
"ERR2233168",0,0,0
"ERR2233171",0,0,0
"ERR2233172",0,0,0
"ERR2233173",0,0,0
"ERR2233175",0,0,0
"ERR2233176",0,0,0
"ERR2233178",0,0,0
"ERR2233179",0,0,0
"ERR2233181",0,0,0
"ERR2233182",0,0,0
"ERR2233186",0,0,0
"ERR2233190",0,0,0
"ERR2233191",0,0,0
"ERR2233192",0,0,0
"ERR2233196",0,0,0
"ERR2233199",0,0,0
"ERR2233519",0,0,0
"ERR2233521",0,0,0
"ERR2234426",0,0,0
"ERR2234428",0,0,0
"ERR2234436",0,0,0
"ERR2234437",0,0,0
"ERR2244996",0,0,0
"ERR2245010",0,0,0
"ERR2245028",0,0,0
"ERR2245041",0,0,0
"ERR2245044",0,0,0
"ERR2245051",0,0,0
"ERR2245056",0,0,0
"ERR2245071",0,0,0
"ERR2245079",0,0,0
"ERR2245084",0,0,0
"ERR2245085",0,0,0
"ERR2245087",0,0,0
"ERR2245088",0,0,0
"ERR2245091",0,0,0
"ERR2245092",0,0,0
"ERR2245093",0,0,0
"ERR2245095",0,0,0
"ERR2245101",0,0,0
"ERR2245104",0,0,0
"ERR2245110",0,0,0
"ERR2245116",0,0,0
"ERR2245121",0,0,0
"ERR2245122",0,0,0
"ERR2245125",0,0,0
"ERR2245126",0,0,0
"ERR2245133",0,0,0
"ERR2245135",0,0,0
"ERR2245138",0,0,0
"ERR2245139",0,0,0
"ERR2245141",0,0,0
"ERR2245144",0,0,0
"ERR2245145",0,0,0
"ERR2245147",0,0,0
"ERR2245148",0,0,0
"ERR2245149",0,0,0
"ERR2245150",0,0,0
"ERR2245151",0,0,0
"ERR2245155",0,0,0
"ERR2245156",0,0,0
"ERR2245161",0,0,0
"ERR2245162",0,0,0
"ERR2245168",0,0,0
"ERR2245170",0,0,0
"ERR2245172",0,0,0
"ERR2245175",0,0,0
"ERR2245178",0,0,0
"ERR2245182",0,0,0
"ERR2245185",0,0,0
"ERR2245190",0,0,0
"ERR2245194",0,0,0
"ERR2245195",0,0,0
"ERR2245202",0,0,0
"ERR2245204",0,0,0
"ERR2245208",0,0,0
"ERR2245209",0,0,0
"ERR2245210",0,0,0
"ERR2245211",0,0,0
"ERR2245212",0,0,0
"ERR2245215",0,0,0
"ERR2245218",0,0,0
"ERR2245222",0,0,0
"ERR2245228",0,0,0
"ERR2245232",0,0,0
"ERR2245246",0,0,0
"ERR2245250",0,0,0
"ERR2245255",0,0,0
"ERR2271684",0,0,0
"ERR2271706",0,0,0
"ERR2271713",0,0,0
"ERR2271716",0,0,0
"ERR2271724",0,0,0
"ERR2271725",0,0,0
"ERR2271728",0,0,0
"ERR2271731",0,0,0
"ERR2271732",0,0,0
"ERR2271734",0,0,0
"ERR2271741",0,0,0
"ERR2271742",0,0,0
"ERR2271743",0,0,0
"ERR2271744",0,0,0
"ERR2271759",0,0,0
"ERR2271760",0,0,0
"ERR2271761",0,0,0
"ERR2271772",0,0,0
"ERR2271774",0,0,0
"ERR2271779",0,0,0
"ERR2271787",0,0,0
"ERR2271798",0,0,0
"ERR2271802",0,0,0
"ERR2271808",0,0,0
"ERR2271809",0,0,0
"ERR2271810",0,0,0
"ERR2271812",0,0,0
"ERR2271825",0,0,0
"ERR2278754",0,0,0
"ERR2278755",0,0,0
"ERR2278757",0,0,0
"ERR2278760",0,0,0
"ERR2278761",0,0,0
"ERR2278762",0,0,0
"ERR2278763",0,0,0
"ERR2278764",0,0,0
"ERR2278765",0,0,0
"ERR2278774",0,0,0
"ERR2278775",0,0,0
"ERR2278776",0,0,0
"ERR2278780",0,0,0
"ERR2278781",0,0,0
"ERR2278782",0,0,0
"ERR2278788",0,0,0
"ERR2298850",0,0,0
"ERR2298851",0,0,0
"ERR2298854",0,0,0
"ERR2298855",0,0,0
"ERR2298857",0,0,0
"ERR2298860",0,0,0
"ERR2298861",0,0,0
"ERR2298864",0,0,0
"ERR2298865",0,0,0
"ERR2298866",0,0,0
"ERR2298868",0,0,0
"ERR2298869",0,0,0
"ERR2298870",0,0,0
"ERR2298871",0,0,0
"ERR2298872",0,0,0
"ERR2298874",0,0,0
"ERR2298879",0,0,0
"ERR2298881",0,0,0
"ERR2298882",0,0,0
"ERR2298883",0,0,0
"ERR2298884",0,0,0
"ERR2298885",0,0,0
"ERR2298886",0,0,0
"ERR2298887",0,0,0
"ERR2298889",0,0,0
"ERR2298890",0,0,0
"ERR2298891",0,0,0
"ERR2298893",0,0,0
"ERR2298896",0,0,0
"ERR2298897",0,0,0
"ERR2298898",0,0,0
"ERR2298901",0,0,0
"ERR2298902",0,0,0
"ERR2298904",0,0,0
"ERR2298905",0,0,0
"ERR2298906",0,0,0
"ERR2298908",0,0,0
"ERR2298911",0,0,0
"ERR2298913",0,0,0
"ERR2298916",0,0,0
"ERR2298917",0,0,0
"ERR2298919",0,0,0
"ERR2298920",0,0,0
"ERR2298922",0,0,0
"ERR2298923",0,0,0
"ERR2298926",0,0,0
"ERR2298929",0,0,0
"ERR2298931",0,0,0
"ERR2298933",0,0,0
"ERR2298935",0,0,0
"ERR2298941",0,0,0
"ERR2298942",0,0,0
"ERR2298944",0,0,0
"ERR2298946",0,0,0
"ERR2298949",0,0,0
"ERR2298953",0,0,0
"ERR2298955",0,0,0
"ERR2298956",0,0,0
"ERR2298957",0,0,0
"ERR2298958",0,0,0
"ERR2298959",0,0,0
"ERR2298960",0,0,0
"ERR2298962",0,0,0
"ERR2298963",0,0,0
"ERR2298964",0,0,0
"ERR2298965",0,0,0
"ERR2298969",0,0,0
"ERR2298970",0,0,0
"ERR2298972",0,0,0
"ERR2298973",0,0,0
"ERR2298974",0,0,0
"ERR2298975",0,0,0
"ERR2298977",0,0,0
"ERR2298978",0,0,0
"ERR2298979",0,0,0
"ERR2298980",0,0,0
"ERR2298981",0,0,0
"ERR2298982",0,0,0
"ERR2298983",0,0,0
"ERR2298984",0,0,0
"ERR2298989",0,0,0
"ERR2298993",0,0,0
"ERR2298994",0,0,0
"ERR2298996",0,0,0
"ERR2299000",0,0,0
"ERR2299003",0,0,0
"ERR2299005",0,0,0
"ERR2299009",0,0,0
"ERR2299016",0,0,0
"ERR2299018",0,0,0
"ERR2299020",0,0,0
"ERR2299021",0,0,0
"ERR2299022",0,0,0
"ERR2299023",0,0,0
"ERR2299024",0,0,0
"ERR2299028",0,0,0
"ERR2299031",0,0,0
"ERR2299033",0,0,0
"ERR2299034",0,0,0
"ERR2299036",0,0,0
"ERR2299038",0,0,0
"ERR2299039",0,0,0
"ERR2299040",0,0,0
"ERR2299041",0,0,0
"ERR2299042",0,0,0
"ERR2299044",0,0,0
"ERR2299049",0,0,0
"ERR2299050",0,0,0
"ERR2299051",0,0,0
"ERR2299053",0,0,0
"ERR2299056",0,0,0
"ERR2299058",0,0,0
"ERR2299059",0,0,0
"ERR2299060",0,0,0
"ERR2299061",0,0,0
"ERR2299062",0,0,0
"ERR2299063",0,0,0
"ERR2299066",0,0,0
"ERR2299071",0,0,0
"ERR2299073",0,0,0
"ERR2299075",0,0,0
"ERR2299077",0,0,0
"ERR2299078",0,0,0
"ERR2299079",0,0,0
"ERR2299084",0,0,0
"ERR2299085",0,0,0
"ERR2299086",0,0,0
"ERR2299087",0,0,0
"ERR2299088",0,0,0
"ERR2299101",0,0,0
"ERR2299102",0,0,0
"ERR2299104",0,0,0
"ERR2299105",0,0,0
"ERR2299106",0,0,0
"ERR2299107",0,0,0
"ERR2299109",0,0,0
"ERR2299114",0,0,0
"ERR2299116",0,0,0
"ERR2299118",0,0,0
"ERR2299122",0,0,0
"ERR2299126",0,0,0
"ERR2299128",0,0,0
"ERR2299129",0,0,0
"ERR2299130",0,0,0
"ERR2299131",0,0,0
"ERR2299134",0,0,0
"ERR2299135",0,0,0
"ERR2299137",0,0,0
"ERR2299140",0,0,0
"ERR2299142",0,0,0
"ERR2299145",0,0,0
"ERR2299147",0,0,0
"ERR2299152",0,0,0
"ERR2299154",0,0,0
"ERR2299160",0,0,0
"ERR2299164",0,0,0
"ERR2299165",0,0,0
"ERR2299166",0,0,0
"ERR2299170",0,0,0
"ERR2299171",0,0,0
"ERR2299173",0,0,0
"ERR2299174",0,0,0
"ERR2299176",0,0,0
"ERR2299177",0,0,0
"ERR2299178",0,0,0
"ERR2299179",0,0,0
"ERR2299181",0,0,0
"ERR2299182",0,0,0
"ERR2299188",0,0,0
"ERR2299189",0,0,0
"ERR2299195",0,0,0
"ERR2299197",0,0,0
"ERR2299203",0,0,0
"ERR2299209",0,0,0
"ERR2299211",0,0,0
"ERR2299212",0,0,0
"ERR2299215",0,0,0
"ERR2299216",0,0,0
"ERR2299217",0,0,0
"ERR2299222",0,0,0
"ERR2299224",0,0,0
"ERR2299225",0,0,0
"ERR2299226",0,0,0
"ERR2299227",0,0,0
"ERR2299228",0,0,0
"ERR2299230",0,0,0
"ERR2299231",0,0,0
"ERR2299235",0,0,0
"ERR2299237",0,0,0
"ERR2299239",0,0,0
"ERR2299241",0,0,0
"ERR2299243",0,0,0
"ERR2299249",0,0,0
"ERR2299251",0,0,0
"ERR2299252",0,0,0
"ERR2299254",0,0,0
"ERR2299260",0,0,0
"ERR2299261",0,0,0
"ERR2299263",0,0,0
"ERR2299267",0,0,0
"ERR2299272",0,0,0
"ERR2299273",0,0,0
"ERR2299274",0,0,0
"ERR2299277",0,0,0
"ERR2299278",0,0,0
"ERR2299282",0,0,0
"ERR2299283",0,0,0
"ERR2299285",0,0,0
"ERR2299286",0,0,0
"ERR2299287",0,0,0
"ERR2299288",0,0,0
"ERR2299293",0,0,0
"ERR2299295",0,0,0
"ERR2299297",0,0,0
"ERR2299299",0,0,0
"ERR2299304",0,0,0
"ERR2299310",0,0,0
"ERR2299311",0,0,0
"ERR2299312",0,0,0
"ERR2322298",0,0,0
"ERR2322299",0,0,0
"ERR2322300",0,0,0
"ERR2322301",0,0,0
"ERR2322302",0,0,0
"ERR2322303",0,0,0
"ERR2322304",0,0,0
"ERR2322305",0,0,0
"ERR2322306",0,0,0
"ERR2322307",0,0,0
"ERR2322308",0,0,0
"ERR2322309",0,0,0
"ERR2322310",0,0,0
"ERR2322311",0,0,0
"ERR2322312",0,0,0
"ERR2322313",0,0,0
"ERR2322314",0,0,0
"ERR2322315",0,0,0
"ERR2322319",0,0,0
"ERR2322320",0,0,0
"ERR2322321",0,0,0
"ERR2322322",0,0,0
"ERR2322323",0,0,0
"ERR2322324",0,0,0
"ERR2322330",0,0,0
"ERR2322331",0,0,0
"ERR2322332",0,0,0
"ERR2322333",0,0,0
"ERR2322334",0,0,0
"ERR2322335",0,0,0
"ERR2322337",0,0,0
"ERR2322338",0,0,0
"ERR2322339",0,0,0
"ERR2322340",0,0,0
"ERR2322342",0,0,0
"ERR2322348",0,0,0
"ERR2322349",0,0,0
"ERR2322350",0,0,0
"ERR2322351",0,0,0
"ERR2733035",0,0,0
"ERR2733040",0,0,0
"ERR2733053",0,0,0
"ERR2733054",0,0,0
"ERR2733059",0,0,0
"ERR2733065",0,0,0
"ERR2733068",0,0,0
"ERR2733072",0,0,0
"ERR2733076",0,0,0
"ERR2733087",0,0,0
"ERR2733088",0,0,0
"ERR2733093",0,0,0
"ERR2733094",0,0,0
"ERR2733102",0,0,0
"ERR2733105",0,0,0
"ERR2733106",0,0,0
"ERR2733116",0,0,0
"ERR2733118",0,0,0
"ERR2733121",0,0,0
"ERR2733124",0,0,0
"ERR10037752",0,0,0
"ERR10037753",0,0,0
"ERR10037754",0,0,0
"ERR10037755",0,0,0
"ERR10037757",0,0,0
"ERR10037761",0,0,0
"ERR10037762",0,0,0
"ERR10037763",0,0,0
"ERR10037765",0,0,0
"ERR10037766",0,0,0
"ERR10037769",0,0,0
"ERR10037770",0,0,0
"ERR10037771",0,0,0
"ERR10037772",0,0,0
"ERR10037773",0,0,0
"ERR10037774",0,0,0
"ERR10037775",0,0,0
"ERR10037776",0,0,0
"ERR10037777",0,0,0
"ERR10037778",0,0,0
"ERR10037779",0,0,0
"ERR10037781",0,0,0
"ERR10037782",0,0,0
"ERR10037783",0,0,0
"ERR10037784",0,0,0
"ERR10037785",0,0,0
"ERR10037786",0,0,0
"ERR10037788",0,0,0
"ERR10037789",0,0,0
"ERR10037790",0,0,0
"ERR10037791",0,0,0
"ERR10037793",0,0,0
"ERR10037794",0,0,0
"ERR10037795",0,0,0
"ERR10037796",0,0,0
"ERR10037798",0,0,0
"ERR10037802",0,0,0
"ERR10037803",0,0,0
"ERR10037804",0,0,0
"ERR10037805",0,0,0
"ERR10037806",0,0,0
"ERR10037807",0,0,0
"ERR10037808",0,0,0
"ERR10037809",0,0,0
"ERR10037810",0,0,0
"ERR10037811",0,0,0
"ERR10037813",0,0,0
"ERR10037816",0,0,0
"ERR10037817",0,0,0
"ERR10037818",0,0,0
"ERR10037820",0,0,0
"ERR10037821",0,0,0
"ERR10037826",0,0,0
"ERR10037831",0,0,0
"ERR10037832",0,0,0
"ERR10037835",0,0,0
"ERR10037840",0,0,0
"ERR10037841",0,0,0
"ERR10037842",0,0,0
"ERR10037843",0,0,0
"ERR10037844",0,0,0
"ERR10037845",0,0,0
"ERR10037846",0,0,0
"ERR10037847",0,0,0
"ERR10037848",0,0,0
"ERR10037853",0,0,0
"ERR10037855",0,0,0
"ERR10037859",0,0,0
"ERR10037864",0,0,0
"ERR10037865",0,0,0
"ERR10037867",0,0,0
"ERR10037868",0,0,0
"ERR10037869",0,0,0
"ERR10037871",0,0,0
"ERR10037872",0,0,0
"ERR10037874",0,0,0
"ERR10037875",0,0,0
"ERR10037877",0,0,0
"ERR10037879",0,0,0
"ERR10037880",0,0,0
"ERR10037881",0,0,0
"ERR10037882",0,0,0
"ERR10037886",0,0,0
"ERR10037887",0,0,0
"ERR10037888",0,0,0
"ERR10037890",0,0,0
"ERR10037891",0,0,0
"ERR10037892",0,0,0
"ERR10037895",0,0,0
"ERR10037896",0,0,0
"ERR10037897",0,0,0
"ERR10037898",0,0,0
"ERR10037899",0,0,0
"ERR10037900",0,0,0
"ERR10037901",0,0,0
"ERR10037902",0,0,0
"ERR10037903",0,0,0
"ERR10037905",0,0,0
"ERR10037906",0,0,0
"ERR10037907",0,0,0
"ERR10037908",0,0,0
"ERR10037909",0,0,0
"ERR10037910",0,0,0
"ERR10037911",0,0,0
"ERR10037912",0,0,0
"ERR10037913",0,0,0
"ERR10037915",0,0,0
"ERR10037916",0,0,0
"ERR10037917",0,0,0
"ERR10037918",0,0,0
"ERR10037920",0,0,0
"ERR10037921",0,0,0
"ERR10037922",0,0,0
"ERR10037924",0,0,0
"ERR10037927",0,0,0
"ERR10037928",0,0,0
"ERR10037930",0,0,0
"ERR10037931",0,0,0
"ERR10037932",0,0,0
"ERR10037933",0,0,0
"ERR10037935",0,0,0
"ERR10037937",0,0,0
"ERR10037938",0,0,0
"ERR10037939",0,0,0
"ERR10037940",0,0,0
"ERR10037941",0,0,0
"ERR10037942",0,0,0
"ERR10037943",0,0,0
"ERR10037944",0,0,0
"ERR10037947",0,0,0
"ERR10037948",0,0,0
"ERR10037949",0,0,0
"ERR10037950",0,0,0
"ERR10037951",0,0,0
"ERR10037952",0,0,0
"ERR10037953",0,0,0
"ERR10037955",0,0,0
"ERR10037957",0,0,0
"ERR10037962",0,0,0
"ERR10037963",0,0,0
"ERR10037964",0,0,0
"ERR10037965",0,0,0
"ERR10037966",0,0,0
"ERR10037968",0,0,0
"ERR10037969",0,0,0
"ERR10037970",0,0,0
"ERR10037971",0,0,0
"ERR10037972",0,0,0
"ERR10037976",0,0,0
"ERR10037978",0,0,0
"ERR10037979",0,0,0
"ERR10037980",0,0,0
"ERR10037981",0,0,0
"ERR10037982",0,0,0
"ERR10037983",0,0,0
"ERR10037984",0,0,0
"ERR10037985",0,0,0
"ERR10037987",0,0,0
"ERR10037988",0,0,0
"ERR10037989",0,0,0
"ERR10037993",0,0,0
"ERR10037994",0,0,0
"ERR10037996",0,0,0
"ERR10037999",0,0,0
"ERR10038001",0,0,0
"ERR10038002",0,0,0
"ERR10038003",0,0,0
"ERR10038004",0,0,0
"ERR10038005",0,0,0
"ERR10038006",0,0,0
"ERR10038007",0,0,0
"ERR10038008",0,0,0
"ERR10038009",0,0,0
"ERR10038010",0,0,0
"ERR10038012",0,0,0
"ERR10038013",0,0,0
"ERR10038015",0,0,0
"ERR10038016",0,0,0
"ERR10038017",0,0,0
"ERR10038018",0,0,0
"ERR10038019",0,0,0
"ERR10038020",0,0,0
"ERR10038021",0,0,0
"ERR10038022",0,0,0
"ERR10038023",0,0,0
"ERR10038024",0,0,0
"ERR10038026",0,0,0
"ERR10038031",0,0,0
"ERR10038034",0,0,0
"ERR10038035",0,0,0
"ERR10038036",0,0,0
"ERR10038040",0,0,0
"ERR10038042",0,0,0
"ERR10038043",0,0,0
"ERR10038046",0,0,0
"ERR10038047",0,0,0
"ERR10038049",0,0,0
"ERR10038050",0,0,0
"ERR10038051",0,0,0
"ERR10038054",0,0,0
"ERR10038056",0,0,0
"ERR10038058",0,0,0
"ERR10038059",0,0,0
"ERR10038061",0,0,0
"ERR10038062",0,0,0
"ERR10038064",0,0,0
"ERR10038065",0,0,0
"ERR10038067",0,0,0
"ERR10038068",0,0,0
"ERR10038069",0,0,0
"ERR10038070",0,0,0
"ERR10038072",0,0,0
"ERR10038073",0,0,0
"ERR10038074",0,0,0
"ERR10038075",0,0,0
"ERR10038079",0,0,0
"ERR10038080",0,0,0
"ERR10038081",0,0,0
"ERR10038082",0,0,0
"ERR10038083",0,0,0
"ERR10038084",0,0,0
"ERR10038085",0,0,0
"ERR10038086",0,0,0
"ERR10038087",0,0,0
"ERR10038093",0,0,0
"ERR10038094",0,0,0
"ERR10038102",0,0,0
"ERR10038104",0,0,0
"ERR10038107",0,0,0
"ERR10038109",0,0,0
"ERR10038111",0,0,0
"ERR10038114",0,0,0
"ERR10038116",0,0,0
"ERR10038119",0,0,0
"ERR10038120",0,0,0
"ERR10038121",0,0,0
"ERR10038123",0,0,0
"ERR10038126",0,0,0
"ERR10038127",0,0,0
"ERR10038128",0,0,0
"ERR10038129",0,0,0
"ERR10038132",0,0,0
"ERR10038133",0,0,0
"ERR10038134",0,0,0
"ERR10038135",0,0,0
"ERR10038136",0,0,0
"ERR10038137",0,0,0
"ERR10038138",0,0,0
"ERR10038139",0,0,0
"ERR10038140",0,0,0
"ERR10038141",0,0,0
"ERR10038143",0,0,0
"ERR10038144",0,0,0
"ERR10038145",0,0,0
"ERR10038146",0,0,0
"ERR10038147",0,0,0
"ERR10038148",0,0,0
"ERR10038149",0,0,0
"ERR10038150",0,0,0
"ERR10038151",0,0,0
"ERR10038152",0,0,0
"ERR10038153",0,0,0
"ERR10038154",0,0,0
"ERR10038156",0,0,0
"ERR10038157",0,0,0
"ERR10038158",0,0,0
"ERR10038159",0,0,0
"ERR10038160",0,0,0
"ERR10038161",0,0,0
"ERR10038162",0,0,0
"ERR10038163",0,0,0
"ERR10038164",0,0,0
"ERR10038165",0,0,0
"ERR10038166",0,0,0
"ERR10038167",0,0,0
"ERR10038168",0,0,0
"ERR10038169",0,0,0
"ERR10038170",0,0,0
"ERR10038171",0,0,0
"ERR10038174",0,0,0
"ERR10038176",0,0,0
"ERR10038177",0,0,0
"ERR10038178",0,0,0
"ERR10038180",0,0,0
"ERR10038181",0,0,0
"ERR10038182",0,0,0
"ERR10038183",0,0,0
"ERR10038185",0,0,0
"ERR10038187",0,0,0
"ERR10038189",0,0,0
"ERR10038190",0,0,0
"ERR10038191",0,0,0
"ERR10038193",0,0,0
"ERR10038194",0,0,0
"ERR10038195",0,0,0
"ERR10038196",0,0,0
"ERR10038198",0,0,0
"ERR10038199",0,0,0
"ERR10038200",0,0,0
"ERR10038202",0,0,0
"SRR23272777_SRR23272900",0,0,0
"SRR23272768_SRR23272891",0,0,0
"SRR23272763_SRR23272886",0,0,0
"SRR23272834_SRR23272902",0,0,0
"SRR23272757",0,0,0
"SRR23272748",0,0,0
"SRR23272701",0,0,0
"ERR10968005",0,0,0
"ERR10038208",0,0,0
"ERR10038209",0,0,0
"ERR10038210",0,0,0
"ERR10038211",0,0,0
"ERR10038216",0,0,0
"ERR10038218",0,0,0
"ERR10038220",0,0,0
"ERR10038223",0,0,0
"ERR10038224",0,0,0
"ERR10038225",0,0,0
"ERR10038226",0,0,0
"ERR10038227",0,0,0
"ERR10038230",0,0,0
"ERR10038232",0,0,0
"ERR10038233",0,0,0
"ERR10038234",0,0,0
"ERR10038235",0,0,0
"ERR10038236",0,0,0
"ERR10038237",0,0,0
"ERR10038238",0,0,0
"ERR10038239",0,0,0
"ERR10038242",0,0,0
"ERR10038243",0,0,0
"ERR10038244",0,0,0
"ERR10038250",0,0,0
"ERR10038252",0,0,0
"ERR10038253",0,0,0
"ERR10038255",0,0,0
"ERR10038259",0,0,0
"ERR10038260",0,0,0
"ERR10038261",0,0,0
"ERR10038262",0,0,0
"ERR10038263",0,0,0
"ERR10038264",0,0,0
"ERR10038266",0,0,0
"ERR10038267",0,0,0
"ERR10038268",0,0,0
"ERR10038270",0,0,0
"ERR10038271",0,0,0
"ERR10038272",0,0,0
"ERR10038274",0,0,0
"ERR10038275",0,0,0
"ERR10038276",0,0,0
"ERR10038277",0,0,0
"ERR10038279",0,0,0
"ERR10038280",0,0,0
"ERR10038283",0,0,0
"ERR10038284",0,0,0
"ERR10038286",0,0,0
"ERR10038287",0,0,0
"ERR10038288",0,0,0
"ERR10038289",0,0,0
"ERR10038290",0,0,0
"ERR10038291",0,0,0
"ERR10038292",0,0,0
"ERR10038293",0,0,0
"ERR10038295",0,0,0
"ERR10038296",0,0,0
"ERR10038297",0,0,0
"ERR10038298",0,0,0
"ERR10038299",0,0,0
"ERR10038300",0,0,0
"ERR10038301",0,0,0
"ERR10038302",0,0,0
"ERR10038303",0,0,0
"ERR10038304",0,0,0
"ERR10038305",0,0,0
"ERR10038307",0,0,0
"ERR10038308",0,0,0
"SRR23272854",0,0,0
"SRR23272852",0,0,0
"ERR2271683",0,0,0
"SRR23272809",0,0,0
"SRR23272806",0,0,0
"SRR23272805",0,0,0
"SRR23272804",0,0,0
"SRR23272802",0,0,0
"SRR23272801",0,0,0
"SRR23272698",0,0,0
"SRR23272695",0,0,0
"SRR23272798",0,0,0
"ERR2215467",0,0,0
"ERR2221434",0,0,0
"ERR2221436",0,0,0
"ERR2221437",0,0,0
"ERR2221439",0,0,0
"ERR2221440",0,0,0
"ERR2221441",0,0,0
"ERR2221442",0,0,0
"ERR2221443",0,0,0
"ERR2221444",0,0,0
"ERR2221445",0,0,0
"ERR2221449",0,0,0
"ERR2221451",0,0,0
"ERR2221452",0,0,0
"ERR2221456",0,0,0
"ERR2221457",0,0,0
"ERR2221460",0,0,0
"ERR2221464",0,0,0
"ERR2221465",0,0,0
"ERR2221466",0,0,0
"ERR2221467",0,0,0
"ERR2221468",0,0,0
"ERR2221469",0,0,0
"ERR2221473",0,0,0
"ERR2221474",0,0,0
"ERR2221485",0,0,0
"ERR2221486",0,0,0
"ERR2221487",0,0,0
"ERR2221488",0,0,0
"ERR2221489",0,0,0
"ERR2221491",0,0,0
"ERR2221492",0,0,0
"ERR2221493",0,0,0
"ERR2221494",0,0,0
"ERR2221495",0,0,0
"ERR2221496",0,0,0
"ERR2221497",0,0,0
"ERR2221498",0,0,0
"ERR2221499",0,0,0
"ERR2221500",0,0,0
"ERR2221501",0,0,0
"ERR2221502",0,0,0
"ERR2221504",0,0,0
"ERR2221505",0,0,0
"ERR2221507",0,0,0
"ERR2221509",0,0,0
"ERR2221510",0,0,0
"ERR2221512",0,0,0
"ERR2221513",0,0,0
"ERR2221514",0,0,0
"ERR2221519",0,0,0
"ERR2221520",0,0,0
"ERR2221522",0,0,0
"ERR2221524",0,0,0
"ERR2221526",0,0,0
"ERR2228630",0,0,0
"ERR2228634",0,0,0
"ERR2228637",0,0,0
"ERR2228642",0,0,0
"ERR2228644",0,0,0
"ERR2228646",0,0,0
"ERR2228647",0,0,0
"ERR2228651",0,0,0
"ERR2228652",0,0,0
"ERR2228653",0,0,0
"ERR2228654",0,0,0
"ERR2228655",0,0,0
"ERR2228665",0,0,0
"ERR2228672",0,0,0
"ERR2228674",0,0,0
"ERR2228676",0,0,0
"ERR2228677",0,0,0
"ERR2228678",0,0,0
"ERR2228679",0,0,0
"ERR2228681",0,0,0
"ERR2228682",0,0,0
"ERR2228683",0,0,0
"ERR2228684",0,0,0
"ERR2228685",0,0,0
"ERR2228690",0,0,0
"ERR2228691",0,0,0
"ERR2228693",0,0,0
"ERR2228695",0,0,0
"ERR2228702",0,0,0
"ERR2228704",0,0,0
"ERR2228705",0,0,0
"ERR2228706",0,0,0
"ERR2228707",0,0,0
"ERR2228708",0,0,0
"ERR2228709",0,0,0
"ERR2228710",0,0,0
"ERR2228711",0,0,0
"ERR2228712",0,0,0
"ERR2228714",0,0,0
"ERR2228716",0,0,0
"ERR2228717",0,0,0
"ERR2228720",0,0,0
"ERR2228725",0,0,0
"ERR2228728",0,0,0
"ERR2228732",0,0,0
"ERR2228733",0,0,0
"ERR2228736",0,0,0
"ERR2228737",0,0,0
"ERR2228738",0,0,0
"ERR2228739",0,0,0
"ERR2228740",0,0,0
"ERR2228742",0,0,0
"ERR2228743",0,0,0
"ERR2228745",0,0,0
"ERR2233127",0,0,0
"ERR2233162",0,0,0
"ERR2233187",0,0,0
"ERR2245097",0,0,0
"ERR2271688",0,0,0
"ERR2271704",0,0,0
"ERR2271705",0,0,0
"ERR2271707",0,0,0
"ERR2271710",0,0,0
"ERR2271712",0,0,0
"ERR2271715",0,0,0
"ERR2271717",0,0,0
"ERR2271719",0,0,0
"ERR2271720",0,0,0
"ERR2271721",0,0,0
"ERR2271723",0,0,0
"ERR2271771",0,0,0
"ERR2271776",0,0,0
"ERR2271777",0,0,0
"ERR2271784",0,0,0
"ERR2271795",0,0,0
"ERR2271799",0,0,0
"ERR2271801",0,0,0
"ERR2271806",0,0,0
"ERR2271807",0,0,0
"ERR2271816",0,0,0
"ERR2271820",0,0,0
"ERR2278786",0,0,0
"ERR2299099",0,0,0
"ERR2299149",0,0,0
"ERR2299221",0,0,0
"ERR2733033",0,0,0
"ERR2733034",0,0,0
"ERR2733036",0,0,0
"ERR2733037",0,0,0
"ERR2733038",0,0,0
"ERR2733039",0,0,0
"ERR2733041",0,0,0
"ERR2733042",0,0,0
"ERR2733043",0,0,0
"ERR2733044",0,0,0
"ERR2733045",0,0,0
"ERR2733046",0,0,0
"ERR2733047",0,0,0
"ERR2733048",0,0,0
"ERR2733049",0,0,0
"ERR2733051",0,0,0
"ERR2733052",0,0,0
"ERR2733055",0,0,0
"ERR2733056",0,0,0
"ERR2733057",0,0,0
"ERR2733058",0,0,0
"ERR2733060",0,0,0
"ERR2733061",0,0,0
"ERR2733062",0,0,0
"ERR2733063",0,0,0
"ERR2733064",0,0,0
"ERR2733066",0,0,0
"ERR2733067",0,0,0
"ERR2733069",0,0,0
"ERR2733070",0,0,0
"ERR2733071",0,0,0
"ERR2733073",0,0,0
"ERR2733074",0,0,0
"ERR2733075",0,0,0
"ERR2733077",0,0,0
"ERR2733078",0,0,0
"ERR2733081",0,0,0
"ERR2733084",0,0,0
"ERR2733085",0,0,0
"ERR2733086",0,0,0
"ERR2733089",0,0,0
"ERR2733090",0,0,0
"ERR2733092",0,0,0
"ERR2733095",0,0,0
"ERR2733096",0,0,0
"ERR2733097",0,0,0
"ERR2733098",0,0,0
"ERR2733099",0,0,0
"ERR2733100",0,0,0
"ERR2733104",0,0,0
"ERR2733107",0,0,0
"ERR2733108",0,0,0
"ERR2733109",0,0,0
"ERR2733110",0,0,0
"ERR2733111",0,0,0
"ERR2733112",0,0,0
"ERR2733113",0,0,0
"ERR2733114",0,0,0
"ERR2733115",0,0,0
"ERR2733117",0,0,0
"ERR2733120",0,0,0
"ERR2733122",0,0,0
"ERR2733123",0,0,0
"ERR10037764",0,0,0
"ERR10037822",0,0,0
"ERR10037862",0,0,0
"ERR10037991",0,0,0
"ERR10038142",0,0,0
"SRR23272775_SRR23272898",0,0,0
"SRR23272773_SRR23272896",0,0,0
"SRR23272772_SRR23272895",0,0,0
"SRR23272771_SRR23272894",0,0,0
"SRR23272769_SRR23272892",0,0,0
"SRR23272765_SRR23272888",0,0,0
"SRR23272761_SRR23272838",0,0,0
"SRR23272723_SRR23272837",0,0,0
"SRR23272755",0,0,0
"SRR23272754",0,0,0
"SRR23272753",0,0,0
"SRR23272890",0,0,0
"SRR23272750",0,0,0
"SRR23272747",0,0,0
"SRR23272745",0,0,0
"SRR23272744",0,0,0
"SRR23272743",0,0,0
"SRR23272742",0,0,0
"SRR23272710",0,0,0
"SRR23272709",0,0,0
"SRR23272707",0,0,0
"SRR23272706",0,0,0
"SRR23272705",0,0,0
"SRR23272704",0,0,0
"SRR23272703",0,0,0
"SRR23272702",0,0,0
"SRR23272792",0,0,0
"SRR23272789",0,0,0
"SRR23272787",0,0,0
"SRR23272785",0,0,0
"SRR23272782",0,0,0
"SRR23272739",0,0,0
"SRR23272736",0,0,0
"SRR23272734",0,0,0
"SRR23272732",0,0,0
"SRR23272830",0,0,0
"SRR23272829",0,0,0
"SRR23272828",0,0,0
"SRR23272820",0,0,0
"ERR10038241",0,0,0
"SRR23272730",0,0,0
"SRR23272858",0,0,0
"SRR23272857",0,0,0
"SRR23272851",0,0,0
"SRR23272847",0,0,0
"SRR23272846",0,0,0
"SRR23272845",0,0,0
"SRR23272842",0,0,0
"SRR23272840",0,0,0
"SRR23272779",0,0,0
"ERR2308004",0,0,0
"ERR2308058",0,0,0
"ERR2308154",0,0,0
"ERR2308165",0,0,0
"ERR2308193",0,0,0
"ERR2308210",0,0,0
"ERR2308211",0,0,0
"ERR2308226",0,0,0
"ERR2308252",0,0,0
"ERR2308273",0,0,0
"ERR2306716",0,0,0
"ERR2306728",0,0,0
"ERR2304493",0,0,0
"ERR2306715",0,0,0
"ERR2306722",0,0,0
"ERR2306724",0,0,0
"ERR2306730",0,0,0
"ERR10975889",0,0,0
"ERR10975896",0,0,0
"ERR10975897",0,0,0
"ERR10975914",0,0,0
"ERR2232778",0,0,0
"ERR2308003",0,0,0
"ERR2308012",0,0,0
"ERR2308014",0,0,0
"ERR2308028",0,0,0
"ERR2308035",0,0,0
"ERR2308046",0,0,0
"ERR2308054",0,0,0
"ERR2308057",0,0,0
"ERR2308066",0,0,0
"ERR2308067",0,0,0
"ERR2308076",0,0,0
"ERR2308077",0,0,0
"ERR2308078",0,0,0
"ERR2308079",0,0,0
"ERR2308080",0,0,0
"ERR2308081",0,0,0
"ERR2308100",0,0,0
"ERR2308128",0,0,0
"ERR2308129",0,0,0
"ERR2308133",0,0,0
"ERR2308145",0,0,0
"ERR2308164",0,0,0
"ERR2308167",0,0,0
"ERR2308168",0,0,0
"ERR2308172",0,0,0
"ERR2308208",0,0,0
"ERR2308219",0,0,0
"ERR2308221",0,0,0
"ERR2308232",0,0,0
"ERR2308245",0,0,0
"ERR2308260",0,0,0
"ERR2308271",0,0,0
"ERR2308272",0,0,0
"ERR2308275",0,0,0
"ERR2308279",0,0,0
"ERR2308293",0,0,0
"ERR2308297",0,0,0
"ERR2308299",0,0,0
"ERR2308280",0,0,0
"SRR6471458",0,0,0
"SRR7033642",0,0,0
"ERR10037654",0,0,0
"ERR10037693",0,0,0
"ERR10037700",0,0,0
"ERR2206844",0,0,0
"ERR2206846",0,0,0
"ERR2221478",0,0,0
"ERR2228660",0,0,0
"ERR2228667",0,0,0
"ERR2228735",0,0,0
"ERR2233177",0,0,0
"ERR2233189",0,0,0
"ERR2245102",0,0,0
"ERR2245112",0,0,0
"ERR2245124",0,0,0
"ERR2245128",0,0,0
"ERR2245130",0,0,0
"ERR2245169",0,0,0
"ERR10037819",0,0,0
"ERR10037858",0,0,0
"ERR2221447",0,0,0
"ERR2221453",0,0,0
"ERR2221471",0,0,0
"ERR2221475",0,0,0
"ERR2221476",0,0,0
"ERR2221477",0,0,0
"ERR2221479",0,0,0
"ERR2221480",0,0,0
"ERR2221481",0,0,0
"ERR2221484",0,0,0
"ERR2221508",0,0,0
"ERR2221511",0,0,0
"ERR2221516",0,0,0
"ERR2221518",0,0,0
"ERR2221521",0,0,0
"ERR2221523",0,0,0
"ERR2221525",0,0,0
"ERR2221527",0,0,0
"ERR2228671",0,0,0
"ERR2245131",0,0,0
"ERR2263473",0,0,0
"ERR2271756",0,0,0
"ERR2733080",0,0,0
"SRR23272786",0,0,0
"SRR23272781",0,0,0
"SRR23272733",0,0,0
"SRR23272827",0,0,0
"ERR2308052",0,0,0
"ERR2308105",0,0,0
"ERR2308116",0,0,0
"ERR2308139",0,0,0
"ERR2308227",0,0,0
"ERR2308263",0,0,0
"ERR2308277",0,0,0
"ERR2308287",0,0,0
"ERR2308306",0,0,0
"ERR2308311",0,0,0
"ERR2221470",0,0,0
"ERR2221472",0,0,0
"ERR2232377",0,0,0
"ERR2233159",0,0,0
"ERR2245073",0,0,0
"ERR2245089",0,0,0
"ERR2245230",0,0,0
"SRR23272824",0,0,0
"SRR23272884",0,0,0
"ERR10975886",0,0,0
"ERR10975912",0,0,0
"ERR2232268",0,0,0
"ERR2271686",0,0,0
"ERR2298880",0,0,0
"ERR2300223",0,0,0
"ERR2300225",0,0,0
"ERR2300226",0,0,0
"ERR2305679",0,0,0
"ERR10037657",0,0,0
"ERR10037665",0,0,0
"ERR10037673",0,0,0
"ERR10037838",0,0,0
"ERR10037839",0,0,0
"ERR10037856",0,0,0
"ERR10037857",0,0,0
"ERR10038197",0,0,0
"ERR10038231",0,0,0
"ERR2015350",0,0,0
"ERR2233167",0,0,0
"ERR2233174",0,0,0
"ERR2233198",0,0,0
"ERR2233200",0,0,0
"ERR2245108",0,0,0
"ERR2245111",0,0,0
"ERR2245115",0,0,0
"ERR2245132",0,0,0
"ERR2271682",0,0,0
"ERR2271685",0,0,0
"ERR2271689",0,0,0
"ERR2271693",0,0,0
"ERR2271694",0,0,0
"ERR2271695",0,0,0
"ERR2271696",0,0,0
"ERR2271697",0,0,0
"ERR2271714",0,0,0
"ERR2271786",0,0,0
"ERR2271793",0,0,0
"ERR2271815",0,0,0
"ERR2278770",0,0,0
"ERR2298951",0,0,0
"ERR2299136",0,0,0
"ERR10037829",0,0,0
"ERR10037830",0,0,0
"ERR2278759",0,0,0
"ERR2278769",0,0,0
"ERR2278771",0,0,0
"ERR2278772",0,0,0
"ERR2278773",0,0,0
"ERR2278779",0,0,0
"ERR2278783",0,0,0
"ERR2278784",0,0,0
"ERR2278785",0,0,0
"ERR2278787",0,0,0
"ERR2298856",0,0,0
"ERR2298858",0,0,0
"ERR2298863",0,0,0
"ERR2298867",0,0,0
"ERR2298888",0,0,0
"ERR2298900",0,0,0
"ERR2298950",0,0,0
"ERR2298976",0,0,0
"ERR2298988",0,0,0
"ERR2299004",0,0,0
"ERR2299046",0,0,0
"ERR2299098",0,0,0
"ERR2299115",0,0,0
"ERR2299119",0,0,0
"ERR2299172",0,0,0
"ERR2299186",0,0,0
"ERR2299213",0,0,0
"ERR2299236",0,0,0
"ERR2299238",0,0,0
"ERR2299255",0,0,0
"ERR2299309",0,0,0
"SRR23272727",0,0,0
"SRR7035413",0,0,0
"ERR2231780",0,0,0
"ERR2357141",0,0,0
"ERR2232255",0,0,0
"ERR2305682",0,0,0
"ERR2305686",0,0,0
"ERR10037854",0,0,0
"ERR10037861",0,0,0
"ERR2263495",0,0,0
"ERR2271692",0,0,0
"ERR2278758",0,0,0
"ERR2278767",0,0,0
"ERR2278777",0,0,0
"ERR2278789",0,0,0
"ERR2298862",0,0,0
"ERR2298968",0,0,0
"ERR2299026",0,0,0
"ERR2299057",0,0,0
"ERR2299092",0,0,0
"ERR2299108",0,0,0
"ERR2299265",0,0,0
"ERR2300216",0,0,0
"ERR2300217",0,0,0
"ERR2221482",0,0,0
"ERR2308119",0,0,0
"ERR2308256",0,0,0
"ERR2357209",0,0,0
"ERR2357222",0,0,0
"ERR10037827",0,0,0
"ERR10038207",0,0,0
"ERR10975890",0,0,0
"ERR10975905",0,0,0
"ERR10975906",0,0,0
"ERR10975908",0,0,0
"ERR10975918",0,0,0
"ERR2299002",0,0,0
"ERR2299019",0,0,0
"ERR2299083",0,0,0
"ERR2299153",0,0,0
"ERR10975901",0,0,0
"ERR10975902",0,0,0
"ERR10975909",0,0,0
"ERR10975919",0,0,0
"ERR2304613",0,0,0
"ERR2304614",0,0,0
"ERR2015326",0,0,0
"SRR23272831",0,0,0
"SRR23272823",0,0,0
"ERR2298876",0,0,0
"ERR2300209",0,0,0
"ERR2300212",0,0,0
"SRR23272791",0,0,0
"ERR10038294",0,0,0
"ERR2299183",0,0,0
"SRR23272691",0,0,0
"ERR2263507",0,0,0
"ERR2298928",0,0,0
"ERR2298948",0,0,0
"SRR23272790",0,0,0
"SRR23272784",0,0,0
"SRR23272832",0,0,0
"SRR23272821",0,0,0
"SRR23272843",0,0,0
"ERR2308036",0,0,0
"ERR2308038",0,0,0
"ERR2308102",0,0,0
"ERR2308124",0,0,0
"ERR2308153",0,0,0
"ERR2308303",0,0,0
"ERR10975877",0,0,0
"ERR10975878",0,0,0
"ERR10975881",0,0,0
"ERR10975891",0,0,0
"ERR10975894",0,0,0
"ERR10975895",0,0,0
"ERR10975899",0,0,0
"ERR10975904",0,0,0
"ERR10975907",0,0,0
"ERR10975910",0,0,0
"ERR10975911",0,0,0
"ERR10975913",0,0,0
"ERR10975917",0,0,0
"ERR10975920",0,0,0
"ERR10975925",0,0,0
"ERR10975926",0,0,0
"ERR10975927",0,0,0
"ERR10975928",0,0,0
"ERR2278756",0,0,0
"ERR2278766",0,0,0
"ERR2278768",0,0,0
"ERR2278778",0,0,0
"ERR2298847",0,0,0
"ERR2298848",0,0,0
"ERR2298859",0,0,0
"ERR2298875",0,0,0
"ERR2298877",0,0,0
"ERR2298878",0,0,0
"ERR2298907",0,0,0
"ERR2298912",0,0,0
"ERR2298914",0,0,0
"ERR2298921",0,0,0
"ERR2298927",0,0,0
"ERR2298932",0,0,0
"ERR2298934",0,0,0
"ERR2298937",0,0,0
"ERR2298938",0,0,0
"ERR2298943",0,0,0
"ERR2298945",0,0,0
"ERR2298966",0,0,0
"ERR2298985",0,0,0
"ERR2298986",0,0,0
"ERR2298987",0,0,0
"ERR2298995",0,0,0
"ERR2298997",0,0,0
"ERR2298998",0,0,0
"ERR2299001",0,0,0
"ERR2299010",0,0,0
"ERR2299011",0,0,0
"ERR2299014",0,0,0
"ERR2299017",0,0,0
"ERR2299027",0,0,0
"ERR2299030",0,0,0
"ERR2299035",0,0,0
"ERR2299045",0,0,0
"ERR2299047",0,0,0
"ERR2299048",0,0,0
"ERR2299052",0,0,0
"ERR2299054",0,0,0
"ERR2299055",0,0,0
"ERR2299064",0,0,0
"ERR2299065",0,0,0
"ERR2299067",0,0,0
"ERR2299068",0,0,0
"ERR2299069",0,0,0
"ERR2299070",0,0,0
"ERR2299072",0,0,0
"ERR2299076",0,0,0
"ERR2299081",0,0,0
"ERR2299093",0,0,0
"ERR2299095",0,0,0
"ERR2299096",0,0,0
"ERR2299100",0,0,0
"ERR2299103",0,0,0
"ERR2299110",0,0,0
"ERR2299113",0,0,0
"ERR2299117",0,0,0
"ERR2299120",0,0,0
"ERR2299121",0,0,0
"ERR2299123",0,0,0
"ERR2299124",0,0,0
"ERR2299127",0,0,0
"ERR2299139",0,0,0
"ERR2299143",0,0,0
"ERR2299146",0,0,0
"ERR2299148",0,0,0
"ERR2299150",0,0,0
"ERR2299151",0,0,0
"ERR2299156",0,0,0
"ERR2299157",0,0,0
"ERR2299158",0,0,0
"ERR2299161",0,0,0
"ERR2299162",0,0,0
"ERR2299167",0,0,0
"ERR2299168",0,0,0
"ERR2299169",0,0,0
"ERR2299175",0,0,0
"ERR2299180",0,0,0
"ERR2299184",0,0,0
"ERR2299185",0,0,0
"ERR2299187",0,0,0
"ERR2299192",0,0,0
"ERR2299194",0,0,0
"ERR2299196",0,0,0
"ERR2299199",0,0,0
"ERR2299200",0,0,0
"ERR2299207",0,0,0
"ERR2299208",0,0,0
"ERR2299210",0,0,0
"ERR2299214",0,0,0
"ERR2299223",0,0,0
"ERR2299229",0,0,0
"ERR2299233",0,0,0
"ERR2299240",0,0,0
"ERR2299242",0,0,0
"ERR2299244",0,0,0
"ERR2299245",0,0,0
"ERR2299248",0,0,0
"ERR2299259",0,0,0
"ERR2299262",0,0,0
"ERR2299269",0,0,0
"ERR2299270",0,0,0
"ERR2299271",0,0,0
"ERR2299276",0,0,0
"ERR2299279",0,0,0
"ERR2299281",0,0,0
"ERR2299289",0,0,0
"ERR2299290",0,0,0
"ERR2299303",0,0,0
"ERR2299307",0,0,0
"ERR2299308",0,0,0
"SRR7035047",0,0,0
"SRR6471471",0,0,0
"SRR6471478",0,0,0
"SRR8817348",0,0,0
"SRR8817354",0,0,0
"ERR2263499",0,0,0
"SRR23272800",0,0,0
"ERR2015330",0,0,0
"ERR10037863",0,0,0
"ERR2308122",0,0,0
"ERR2308225",0,0,0
"ERR2308234",0,0,0
"ERR2278043",0,0,0
"ERR2278044",0,0,0
"ERR2278045",0,0,0
"ERR2278046",0,0,0
"ERR2278047",0,0,0
"ERR2278048",0,0,0
"ERR2278049",0,0,0
"ERR2278050",0,0,0
"ERR2278051",0,0,0
"ERR2278052",0,0,0
"ERR2278053",0,0,0
"ERR2278054",0,0,0
"ERR2278055",0,0,0
"ERR2278056",0,0,0
"ERR2278057",0,0,0
"ERR2278058",0,0,0
"ERR2278059",0,0,0
"ERR2278060",0,0,0
"ERR2278061",0,0,0
"ERR2278062",0,0,0
"ERR2278063",0,0,0
"ERR2278064",0,0,0
"ERR2278065",0,0,0
"ERR2278066",0,0,0
"ERR2278067",0,0,0
"ERR2278068",0,0,0
"ERR2278069",0,0,0
"ERR2278070",0,0,0
"ERR2278071",0,0,0
"ERR2278072",0,0,0
"ERR2278073",0,0,0
"ERR2300192",0,0,0
"ERR2300205",0,0,0
"ERR2300213",0,0,0
"ERR2300224",0,0,0
"ERR2304189",0,0,0
"ERR2304192",0,0,0
"ERR2304193",0,0,0
"ERR2305735",0,0,0
"ERR2337269",0,0,0
"ERR2348919",0,0,0
"ERR2348920",0,0,0
"ERR2348921",0,0,0
"ERR2348922",0,0,0
"ERR2348923",0,0,0
"ERR2348924",0,0,0
"ERR2348925",0,0,0
"ERR2348926",0,0,0
"ERR2348927",0,0,0
"ERR2348928",0,0,0
"ERR2348929",0,0,0
"ERR2348930",0,0,0
"ERR2348931",0,0,0
"ERR2348932",0,0,0
"ERR2348934",0,0,0
"ERR2348935",0,0,0
"ERR2348936",0,0,0
"ERR2348937",0,0,0
"ERR2348938",0,0,0
"ERR2348939",0,0,0
"ERR2348940",0,0,0
"ERR2348941",0,0,0
"ERR2348942",0,0,0
"ERR2348943",0,0,0
"ERR2348944",0,0,0
"ERR2348945",0,0,0
"ERR2348947",0,0,0
"SRR4734648",0,0,0
"SRR6471519",0,0,0
"SRR8817954",0,0,0
"ERR10975924",0,0,0
"ERR10975921",0,0,0
"SRR7035374",0,0,0
"SRR23272697",0,0,0
"SRR23272694",0,0,0
"SRR23272693",0,0,0
"SRR23272692",0,0,0
"SRR23272797",0,0,0
"SRR23272796",0,0,0
"SRR23272794",0,0,0
"ERR2298849",0,0,0
"ERR2298852",0,0,0
"ERR2298853",0,0,0
"ERR2298947",0,0,0
"ERR2298971",0,0,0
"ERR2298990",0,0,0
"ERR2298991",0,0,0
"ERR2300186",0,0,0
"ERR2300187",0,0,0
"ERR2300188",0,0,0
"ERR2300189",0,0,0
"ERR2300190",0,0,0
"ERR2300191",0,0,0
"ERR2300193",0,0,0
"ERR2300197",0,0,0
"ERR2300198",0,0,0
"ERR2300199",0,0,0
"ERR2300200",0,0,0
"ERR2300201",0,0,0
"ERR2300204",0,0,0
"ERR2300206",0,0,0
"ERR2300207",0,0,0
"ERR2300208",0,0,0
"ERR2300210",0,0,0
"ERR2300211",0,0,0
"ERR2300215",0,0,0
"ERR2300221",0,0,0
"ERR2300227",0,0,0
"ERR2300228",0,0,0
"ERR2300229",0,0,0
"ERR2300230",0,0,0
"ERR2300231",0,0,0
"ERR2308162",0,0,0
"ERR2357189",0,0,0
"ERR10037860",0,0,0
"ERR10038203",0,0,0
"ERR10038205",0,0,0
"SRR23272783",0,0,0
"SRR23272740",0,0,0
"SRR23272738",0,0,0
"SRR6471477",0,0,0
"SRR8817352",0,0,0
"ERR2298894",0,0,0
"ERR2298992",0,0,0
"ERR2299029",0,0,0
"ERR2299202",0,0,0
"ERR2299302",0,0,0
"ERR2298952",0,0,0
"ERR2299205",0,0,0
"ERR2299250",0,0,0
"ERR2299266",0,0,0
"ERR2299284",0,0,0
"ERR2299294",0,0,0
"ERR2299305",0,0,0
"ERR2299306",0,0,0
"ERR2299314",0,0,0
"ERR2299315",0,0,0
"ERR10975898",0,0,0
"ERR2015328",0,0,0
"ERR2015354",0,0,0
"ERR2299296",0,0,0
"ERR2298925",0,0,0
"ERR2298936",0,0,0
"ERR2298940",0,0,0
"ERR2298954",0,0,0
"ERR2299006",0,0,0
"ERR2299043",0,0,0
"ERR2299074",0,0,0
"ERR2299082",0,0,0
"ERR2299112",0,0,0
"ERR2299163",0,0,0
"ERR2299218",0,0,0
"ERR2299220",0,0,0
"ERR2299246",0,0,0
"SRR23272793",0,0,0
"ERR2298999",0,0,0
"SRR23272861",0,0,0
"SRR23272735",0,0,0
"ERR2233201",0,0,0
"ERR2299089",0,0,0
"ERR2299125",0,0,0
"ERR2299201",0,0,0
"ERR2299232",0,0,0
"ERR2299264",0,0,0
"ERR2299291",0,0,0
"ERR2298961",0,0,0
"ERR2299007",0,0,0
"ERR2299013",0,0,0
"ERR2299032",0,0,0
"ERR2299037",0,0,0
"ERR2299090",0,0,0
"ERR2299091",0,0,0
"ERR2299133",0,0,0
"ERR2299141",0,0,0
"ERR2299144",0,0,0
"ERR2299204",0,0,0
"ERR2299253",0,0,0
"ERR2299257",0,0,0
"ERR2299301",0,0,0
"ERR2299313",0,0,0
"ERR2298967",0,0,0
"ERR2299008",0,0,0
"ERR2299256",0,0,0
"ERR2206845",0,0,0
"ERR2298930",0,0,0
"ERR2231795",0,0,0
"ERR2263487",0,0,0
"ERR2263505",0,0,0
"SRR23272825",0,0,0
"ERR2298910",0,0,0
"ERR2298918",0,0,0
"SRR23272817",0,0,0
"SRR23272715",0,0,0
"SRR23272810",0,0,0
"ERR10975916",0,0,0
"ERR2231794",0,0,0
"ERR10975882",0,0,0
"ERR2015252",0,0,0
"ERR2015277",0,0,0
"ERR2015249",0,0,0
"ERR2015327",0,0,0
"ERR2015329",0,0,0
"ERR2015352",0,0,0
"ERR2015353",0,0,0
"ERR10975892",0,0,0
"ERR10975915",0,0,0
"ERR2299298",0,0,0
"ERR10975887",0,0,0
"SRR23272795",0,0,0
"ERR10975893",0,0,0
"ERR10975903",0,0,0
"ERR2298915",0,0,0
"ERR10975929",0,0,0
"ERR2299159",0,0,0
"ERR10975900",0,0,0
"ERR10975922",0,0,0
"SRR4734632",0,0,0
"SRR7035498",0,0,0
"ERR2304184",0,0,0
"ERR2304185",0,0,0
"ERR2304187",0,0,0
"ERR2304188",0,0,0
"ERR2304190",0,0,0
"ERR2304191",0,0,0
"ERR2304194",0,0,0
"ERR2304195",0,0,0
"ERR2304196",0,0,0
"ERR2304197",0,0,0
"ERR2322650",0,0,0
"ERR2322657",0,0,0
"ERR2322658",0,0,0
"ERR2337264",0,0,0
"ERR2337265",0,0,0
"ERR2337268",0,0,0
"ERR2348946",0,0,0
"ERR2231782",0,0,0
"ERR2231790",0,0,0
"ERR2348948",0,0,0
"ERR2231781",0,0,0
"ERR2348933",0,0,0
"ERR2348949",0,0,0
"ERR2263468",0,0,0
"ERR2304186",0,0,0
"ERR2015270",0,0,0
"ERR2015271",0,0,0
"ERR2015334",0,0,0
"ERR2015335",0,0,0
"ERR2216323",0,0,0
"ERR2263482",0,0,0
"ERR2322648",0,0,0
"ERR2322649",0,0,0
"ERR2322651",0,0,0
"ERR2322652",0,0,0
"ERR2322653",0,0,0
"ERR2337266",0,0,0
"ERR2337267",0,0,0
"SRR7035586",0,0,0
"ERR2231791",0,0,0
"SRR3931318",0,0,0
"ERR2216324",0,0,0
"ERR2216327",0,0,0
"ERR2216328",0,0,0
"ERR2216332",0,0,0
"ERR2216325",0,0,0
"ERR2216326",0,0,0
"ERR2230286",0,0,0
"ERR2216330",0,0,0
"ERR2020732",0,0,0
"ERR2020740",0,0,0
